name,loaded,inserted,running,waiting,total,jam,yield lane,wrong lane,collisions,stops,braking,vehicles,routeLength,speed,duration,waiting time,timeLoss,departDelay,total travel time,total depart delay
stats,9227,9224,1077,1,18,3,15,0,0,0,54,8147,7860.74,10.49,777.44,163.10,251.52,0.05,6333792.00,392.50
stats_full,9227,9227,0,0,18,3,15,0,0,0,58,9227,7943.90,10.34,811.28,184.29,278.81,0.23,7485708.50,2135.50
stats_full_routed,9227,9227,0,0,1,0,1,0,0,0,74,9227,7604.27,10.24,773.78,194.62,283.45,0.11,7139689.50,1028.50
stats_routed,9227,9225,918,0,1,0,0,0,1,0,79,8307,7562.16,10.32,761.70,189.31,275.87,0.03,6327478.00,278.00
