<?xml version="1.0" encoding="UTF-8"?>

<!-- generated on 2024-10-10 11:18:54 by Eclipse SUMO sumo Version 1.18.0
<configuration xmlns:xsi="http://www.w3.org/2001/XMLSchema-instance" xsi:noNamespaceSchemaLocation="http://sumo.dlr.de/xsd/sumoConfiguration.xsd">

    <input>
        <net-file value="/home/svadlmat/UTC/utc/data/scenarios/lust_25200_32400_lime_planned/config/../../../maps/sumo/lust.net.xml"/>
        <additional-files value="/home/svadlmat/UTC/utc/data/scenarios/lust_25200_32400_lime_planned/config/../../lust_25200_32400_lime_planned/additional/lust_25200_32400_lime_planned.rou.xml,/home/svadlmat/UTC/utc/data/scenarios/lust_25200_32400_lime_planned/config/../../lust_25200_32400_lime_planned/additional/lust_25200_32400_lime_planned_vehicles.add.xml,/home/svadlmat/UTC/utc/data/scenarios/lust_25200_32400_lime_planned/config/../../Lust/additional/tll.static.xml"/>
    </input>

    <output>
        <statistic-output value="stats_full.xml"/>
    </output>

    <time>
        <begin value="25200"/>
        <step-length value="0.5"/>
    </time>

    <report>
        <no-warnings value="true"/>
        <duration-log.statistics value="true"/>
    </report>

</configuration>
-->

<statistics xmlns:xsi="http://www.w3.org/2001/XMLSchema-instance" xsi:noNamespaceSchemaLocation="http://sumo.dlr.de/xsd/statistic_file.xsd">
    <performance clockBegin="1728551934.67" clockEnd="1728552114.42" clockDuration="179.75" traciDuration="70.26" realTimeFactor="50.65" vehicleUpdatesPerSecond="83289.30" personUpdatesPerSecond="0.00" begin="25200.00" end="34304.00" duration="9104.00"/>
    <vehicles loaded="9227" inserted="9227" running="0" waiting="0"/>
    <teleports total="18" jam="3" yield="15" wrongLane="0"/>
    <safety collisions="0" emergencyStops="0" emergencyBraking="58"/>
    <persons loaded="0" running="0" jammed="0"/>
    <personTeleports total="0" abortWait="0" wrongDest="0"/>
    <vehicleTripStatistics count="9227" routeLength="7943.90" speed="10.34" duration="811.28" waitingTime="184.29" timeLoss="278.81" departDelay="0.23" departDelayWaiting="-1.00" totalTravelTime="7485708.50" totalDepartDelay="2135.50"/>
    <pedestrianStatistics number="0" routeLength="0.00" duration="0.00" timeLoss="0.00"/>
    <rideStatistics number="0"/>
    <transportStatistics number="0"/>
</statistics>
