<?xml version="1.0" encoding="UTF-8"?>

<!-- generated on 2024-10-10 11:21:48 by Eclipse SUMO sumo Version 1.18.0
<configuration xmlns:xsi="http://www.w3.org/2001/XMLSchema-instance" xsi:noNamespaceSchemaLocation="http://sumo.dlr.de/xsd/sumoConfiguration.xsd">

    <input>
        <net-file value="/home/svadlmat/UTC/utc/data/scenarios/lust_25200_32400_lime_planned/config/../../../maps/sumo/lust.net.xml"/>
        <additional-files value="/home/svadlmat/UTC/utc/data/scenarios/lust_25200_32400_lime_planned/config/../../lust_25200_32400_lime_planned/additional/lust_25200_32400_lime_planned.rou.xml,/home/svadlmat/UTC/utc/data/scenarios/lust_25200_32400_lime_planned/config/../../lust_25200_32400_lime_planned/additional/lust_25200_32400_lime_planned_vehicles.add.xml,/home/svadlmat/UTC/utc/data/scenarios/lust_25200_32400_lime_planned/config/../../Lust/additional/tll.static.xml"/>
    </input>

    <output>
        <statistic-output value="stats_routed.xml"/>
    </output>

    <time>
        <begin value="25200"/>
        <end value="32400"/>
        <step-length value="0.5"/>
    </time>

    <routing>
        <device.rerouting.probability value="1"/>
        <device.rerouting.pre-period value="30"/>
        <device.rerouting.threads value="8"/>
    </routing>

    <report>
        <no-warnings value="true"/>
        <duration-log.statistics value="true"/>
    </report>

</configuration>
-->

<statistics xmlns:xsi="http://www.w3.org/2001/XMLSchema-instance" xsi:noNamespaceSchemaLocation="http://sumo.dlr.de/xsd/statistic_file.xsd">
    <performance clockBegin="1728552108.74" clockEnd="1728552313.28" clockDuration="204.55" traciDuration="35.66" realTimeFactor="35.20" vehicleUpdatesPerSecond="65765.39" personUpdatesPerSecond="0.00" begin="25200.00" end="32400.00" duration="7200.00"/>
    <vehicles loaded="9227" inserted="9225" running="918" waiting="0"/>
    <teleports total="1" jam="0" yield="0" wrongLane="0"/>
    <safety collisions="1" emergencyStops="0" emergencyBraking="79"/>
    <persons loaded="0" running="0" jammed="0"/>
    <personTeleports total="0" abortWait="0" wrongDest="0"/>
    <vehicleTripStatistics count="8307" routeLength="7562.16" speed="10.32" duration="761.70" waitingTime="189.31" timeLoss="275.87" departDelay="0.03" departDelayWaiting="-1.00" totalTravelTime="6327478.00" totalDepartDelay="278.00"/>
    <pedestrianStatistics number="0" routeLength="0.00" duration="0.00" timeLoss="0.00"/>
    <rideStatistics number="0"/>
    <transportStatistics number="0"/>
</statistics>
