name,loaded,inserted,running,waiting,total,jam,yield lane,wrong lane,collisions,stops,braking,vehicles,routeLength,speed,duration,waiting time,timeLoss,departDelay,total travel time,total depart delay
stats,10778,10531,2075,247,1905,1197,490,205,13,0,134,8456,2204.25,5.13,708.00,377.75,463.31,112.56,5986821.50,951765.95
stats_full,10778,10778,0,0,2250,1431,589,217,13,0,158,10778,2260.03,4.42,1210.41,842.02,954.88,259.83,13045796.50,2800410.97
stats_full_routed,10778,10778,0,0,64,16,31,9,8,0,130,10778,2090.38,6.74,339.40,83.32,133.37,21.50,3658019.50,231771.47
stats_routed,10778,10778,114,0,64,16,31,9,8,0,130,10664,2087.08,6.73,339.89,83.83,134.05,21.73,3624550.00,231759.37
