<?xml version="1.0" encoding="UTF-8"?>

<!-- generated on 2024-10-24 10:14:10 by Eclipse SUMO sumo Version 1.18.0
<configuration xmlns:xsi="http://www.w3.org/2001/XMLSchema-instance" xsi:noNamespaceSchemaLocation="http://sumo.dlr.de/xsd/sumoConfiguration.xsd">

    <input>
        <net-file value="/home/svadlmat/UTC/utc/data/scenarios/itsc_25200_32400_orange_planned/config/../../../maps/sumo/DCC.net.xml"/>
        <additional-files value="/home/svadlmat/UTC/utc/data/scenarios/itsc_25200_32400_orange_planned/config/../../itsc_25200_32400_orange_planned/additional/itsc_25200_32400_orange_planned.rou.xml,/home/svadlmat/UTC/utc/data/scenarios/itsc_25200_32400_orange_planned/config/../../itsc_25200_32400_orange_planned/additional/itsc_25200_32400_orange_planned_vehicles.add.xml,/home/svadlmat/UTC/utc/data/scenarios/itsc_25200_32400_orange_planned/config/../../Base/DCC_trafficlights.add.xml"/>
    </input>

    <output>
        <statistic-output value="stats_routed.xml"/>
    </output>

    <time>
        <begin value="25200"/>
        <end value="32400"/>
        <step-length value="0.5"/>
    </time>

    <routing>
        <device.rerouting.probability value="1"/>
        <device.rerouting.pre-period value="30"/>
        <device.rerouting.threads value="8"/>
    </routing>

    <report>
        <no-warnings value="true"/>
        <duration-log.statistics value="true"/>
    </report>

</configuration>
-->

<statistics xmlns:xsi="http://www.w3.org/2001/XMLSchema-instance" xsi:noNamespaceSchemaLocation="http://sumo.dlr.de/xsd/statistic_file.xsd">
    <performance clockBegin="1729757651.06" clockEnd="1729757762.63" clockDuration="111.57" traciDuration="38.34" realTimeFactor="64.53" vehicleUpdatesPerSecond="65296.75" personUpdatesPerSecond="0.00" begin="25200.00" end="32400.00" duration="7200.00"/>
    <vehicles loaded="10778" inserted="10778" running="114" waiting="0"/>
    <teleports total="64" jam="16" yield="31" wrongLane="9"/>
    <safety collisions="8" emergencyStops="0" emergencyBraking="130"/>
    <persons loaded="0" running="0" jammed="0"/>
    <personTeleports total="0" abortWait="0" wrongDest="0"/>
    <vehicleTripStatistics count="10664" routeLength="2087.08" speed="6.73" duration="339.89" waitingTime="83.83" timeLoss="134.05" departDelay="21.73" departDelayWaiting="-1.00" totalTravelTime="3624550.00" totalDepartDelay="231759.37"/>
    <pedestrianStatistics number="0" routeLength="0.00" duration="0.00" timeLoss="0.00"/>
    <rideStatistics number="0"/>
    <transportStatistics number="0"/>
</statistics>
