name,loaded,inserted,running,waiting,total,jam,yield lane,wrong lane,collisions,stops,braking,vehicles,routeLength,speed,duration,waiting time,timeLoss,departDelay,total travel time,total depart delay
stats,10778,10576,1941,202,1509,937,381,184,7,0,131,8635,2204.25,5.10,755.09,428.50,515.34,90.22,6520202.00,779012.31
stats_full,10778,10778,0,0,1674,1034,426,206,8,0,159,10778,2262.04,4.45,1086.00,724.68,838.05,164.68,11704883.50,1774963.47
stats_full_routed,10778,10778,0,0,139,71,57,2,9,0,139,10778,2116.23,6.63,374.59,112.44,165.09,36.54,4037321.00,393835.97
stats_routed,10778,10737,138,41,129,65,53,2,9,0,139,10599,2118.00,6.62,374.69,111.91,164.87,21.92,3971315.00,232289.79
