<?xml version="1.0" encoding="UTF-8"?>

<!-- generated on 2024-11-12 21:22:27 by Eclipse SUMO sumo Version 1.18.0
<configuration xmlns:xsi="http://www.w3.org/2001/XMLSchema-instance" xsi:noNamespaceSchemaLocation="http://sumo.dlr.de/xsd/sumoConfiguration.xsd">

    <input>
        <net-file value="/home/svadlmat/UTC/utc/data/scenarios/itsc_25200_32400_orange_planned/config/../../../maps/sumo/DCC.net.xml"/>
        <additional-files value="/home/svadlmat/UTC/utc/data/scenarios/itsc_25200_32400_orange_planned/config/../../itsc_25200_32400_orange_planned/additional/itsc_25200_32400_orange_planned.rou.xml,/home/svadlmat/UTC/utc/data/scenarios/itsc_25200_32400_orange_planned/config/../../itsc_25200_32400_orange_planned/additional/itsc_25200_32400_orange_planned_vehicles.add.xml,/home/svadlmat/UTC/utc/data/scenarios/itsc_25200_32400_orange_planned/config/../../Base/DCC_trafficlights.add.xml"/>
    </input>

    <output>
        <statistic-output value="stats.xml"/>
    </output>

    <time>
        <begin value="25200"/>
        <end value="32400"/>
        <step-length value="0.5"/>
    </time>

    <report>
        <no-warnings value="true"/>
        <duration-log.statistics value="true"/>
    </report>

</configuration>
-->

<statistics xmlns:xsi="http://www.w3.org/2001/XMLSchema-instance" xsi:noNamespaceSchemaLocation="http://sumo.dlr.de/xsd/statistic_file.xsd">
    <performance clockBegin="1731442947.60" clockEnd="1731443163.83" clockDuration="216.23" traciDuration="38.39" realTimeFactor="33.30" vehicleUpdatesPerSecond="94857.68" personUpdatesPerSecond="0.00" begin="25200.00" end="32400.00" duration="7200.00"/>
    <vehicles loaded="10778" inserted="10576" running="1941" waiting="202"/>
    <teleports total="1509" jam="937" yield="381" wrongLane="184"/>
    <safety collisions="7" emergencyStops="0" emergencyBraking="131"/>
    <persons loaded="0" running="0" jammed="0"/>
    <personTeleports total="0" abortWait="0" wrongDest="0"/>
    <vehicleTripStatistics count="8635" routeLength="2204.25" speed="5.10" duration="755.09" waitingTime="428.50" timeLoss="515.34" departDelay="90.22" departDelayWaiting="-1.00" totalTravelTime="6520202.00" totalDepartDelay="779012.31"/>
    <pedestrianStatistics number="0" routeLength="0.00" duration="0.00" timeLoss="0.00"/>
    <rideStatistics number="0"/>
    <transportStatistics number="0"/>
</statistics>
