{
  "total": {
    "problems": {
      "total": 240,
      "time": 2.396999999999995,
      "routes": 60250,
      "junctions": 27444
    },
    "results": {
      "unique": 240,
      "cost": 0,
      "plans": 240,
      "timeout": 28800.0
    },
    "vehicles": {
      "total": 7590,
      "scheduled": 6293,
      "routed": 6293,
      "short_route": 232,
      "invalid_route": 171
    }
  },
  "average": {
    "problems": {
      "total": 1.0,
      "time": 0.01,
      "routes": 251.04,
      "junctions": 114.35
    },
    "results": {
      "unique": 1.0,
      "cost": 0.0,
      "plans": 1.0,
      "timeout": 120.0
    },
    "vehicles": {
      "total": 31.62,
      "scheduled": 26.22,
      "routed": 26.22,
      "short_route": 0.97,
      "invalid_route": 0.71
    }
  },
  "e0": {
    "problem": {
      "name": "problem_25201_25231",
      "time": 0.008,
      "routes": 206,
      "junctions": 111
    },
    "vehicle": {
      "total": 26,
      "scheduled": 16,
      "routed": 16,
      "short_route": 1,
      "invalid_route": 3
    },
    "result": {
      "name": "result_25201_25231",
      "cost": 0,
      "plans": 1,
      "timeout": 120
    }
  },
  "e1": {
    "problem": {
      "name": "problem_25231_25261",
      "time": 0.007,
      "routes": 187,
      "junctions": 93
    },
    "vehicle": {
      "total": 19,
      "scheduled": 13,
      "routed": 13,
      "short_route": 0,
      "invalid_route": 0
    },
    "result": {
      "name": "result_25231_25261",
      "cost": 0,
      "plans": 1,
      "timeout": 120
    }
  },
  "e2": {
    "problem": {
      "name": "problem_25261_25291",
      "time": 0.01,
      "routes": 240,
      "junctions": 115
    },
    "vehicle": {
      "total": 26,
      "scheduled": 23,
      "routed": 23,
      "short_route": 1,
      "invalid_route": 1
    },
    "result": {
      "name": "result_25261_25291",
      "cost": 0,
      "plans": 1,
      "timeout": 120
    }
  },
  "e3": {
    "problem": {
      "name": "problem_25291_25321",
      "time": 0.009,
      "routes": 230,
      "junctions": 112
    },
    "vehicle": {
      "total": 21,
      "scheduled": 20,
      "routed": 20,
      "short_route": 0,
      "invalid_route": 0
    },
    "result": {
      "name": "result_25291_25321",
      "cost": 0,
      "plans": 1,
      "timeout": 120
    }
  },
  "e4": {
    "problem": {
      "name": "problem_25321_25351",
      "time": 0.008,
      "routes": 201,
      "junctions": 105
    },
    "vehicle": {
      "total": 26,
      "scheduled": 17,
      "routed": 17,
      "short_route": 3,
      "invalid_route": 2
    },
    "result": {
      "name": "result_25321_25351",
      "cost": 0,
      "plans": 1,
      "timeout": 120
    }
  },
  "e5": {
    "problem": {
      "name": "problem_25351_25381",
      "time": 0.009,
      "routes": 230,
      "junctions": 111
    },
    "vehicle": {
      "total": 22,
      "scheduled": 17,
      "routed": 17,
      "short_route": 1,
      "invalid_route": 1
    },
    "result": {
      "name": "result_25351_25381",
      "cost": 0,
      "plans": 1,
      "timeout": 120
    }
  },
  "e6": {
    "problem": {
      "name": "problem_25381_25411",
      "time": 0.009,
      "routes": 239,
      "junctions": 113
    },
    "vehicle": {
      "total": 20,
      "scheduled": 15,
      "routed": 15,
      "short_route": 2,
      "invalid_route": 0
    },
    "result": {
      "name": "result_25381_25411",
      "cost": 0,
      "plans": 1,
      "timeout": 120
    }
  },
  "e7": {
    "problem": {
      "name": "problem_25411_25441",
      "time": 0.009,
      "routes": 228,
      "junctions": 117
    },
    "vehicle": {
      "total": 30,
      "scheduled": 21,
      "routed": 21,
      "short_route": 2,
      "invalid_route": 2
    },
    "result": {
      "name": "result_25411_25441",
      "cost": 0,
      "plans": 1,
      "timeout": 120
    }
  },
  "e8": {
    "problem": {
      "name": "problem_25441_25471",
      "time": 0.007,
      "routes": 200,
      "junctions": 95
    },
    "vehicle": {
      "total": 15,
      "scheduled": 14,
      "routed": 14,
      "short_route": 0,
      "invalid_route": 0
    },
    "result": {
      "name": "result_25441_25471",
      "cost": 0,
      "plans": 1,
      "timeout": 120
    }
  },
  "e9": {
    "problem": {
      "name": "problem_25471_25501",
      "time": 0.01,
      "routes": 268,
      "junctions": 117
    },
    "vehicle": {
      "total": 30,
      "scheduled": 25,
      "routed": 25,
      "short_route": 1,
      "invalid_route": 2
    },
    "result": {
      "name": "result_25471_25501",
      "cost": 0,
      "plans": 1,
      "timeout": 120
    }
  },
  "e10": {
    "problem": {
      "name": "problem_25501_25531",
      "time": 0.009,
      "routes": 241,
      "junctions": 114
    },
    "vehicle": {
      "total": 24,
      "scheduled": 21,
      "routed": 21,
      "short_route": 2,
      "invalid_route": 1
    },
    "result": {
      "name": "result_25501_25531",
      "cost": 0,
      "plans": 1,
      "timeout": 120
    }
  },
  "e11": {
    "problem": {
      "name": "problem_25531_25561",
      "time": 0.008,
      "routes": 206,
      "junctions": 107
    },
    "vehicle": {
      "total": 15,
      "scheduled": 11,
      "routed": 11,
      "short_route": 2,
      "invalid_route": 1
    },
    "result": {
      "name": "result_25531_25561",
      "cost": 0,
      "plans": 1,
      "timeout": 120
    }
  },
  "e12": {
    "problem": {
      "name": "problem_25561_25591",
      "time": 0.008,
      "routes": 220,
      "junctions": 99
    },
    "vehicle": {
      "total": 18,
      "scheduled": 15,
      "routed": 15,
      "short_route": 0,
      "invalid_route": 0
    },
    "result": {
      "name": "result_25561_25591",
      "cost": 0,
      "plans": 1,
      "timeout": 120
    }
  },
  "e13": {
    "problem": {
      "name": "problem_25591_25621",
      "time": 0.01,
      "routes": 247,
      "junctions": 114
    },
    "vehicle": {
      "total": 27,
      "scheduled": 23,
      "routed": 23,
      "short_route": 1,
      "invalid_route": 1
    },
    "result": {
      "name": "result_25591_25621",
      "cost": 0,
      "plans": 1,
      "timeout": 120
    }
  },
  "e14": {
    "problem": {
      "name": "problem_25621_25651",
      "time": 0.009,
      "routes": 232,
      "junctions": 112
    },
    "vehicle": {
      "total": 22,
      "scheduled": 16,
      "routed": 16,
      "short_route": 2,
      "invalid_route": 3
    },
    "result": {
      "name": "result_25621_25651",
      "cost": 0,
      "plans": 1,
      "timeout": 120
    }
  },
  "e15": {
    "problem": {
      "name": "problem_25651_25681",
      "time": 0.009,
      "routes": 229,
      "junctions": 105
    },
    "vehicle": {
      "total": 27,
      "scheduled": 22,
      "routed": 22,
      "short_route": 1,
      "invalid_route": 1
    },
    "result": {
      "name": "result_25651_25681",
      "cost": 0,
      "plans": 1,
      "timeout": 120
    }
  },
  "e16": {
    "problem": {
      "name": "problem_25681_25711",
      "time": 0.008,
      "routes": 226,
      "junctions": 114
    },
    "vehicle": {
      "total": 17,
      "scheduled": 14,
      "routed": 14,
      "short_route": 0,
      "invalid_route": 0
    },
    "result": {
      "name": "result_25681_25711",
      "cost": 0,
      "plans": 1,
      "timeout": 120
    }
  },
  "e17": {
    "problem": {
      "name": "problem_25711_25741",
      "time": 0.009,
      "routes": 221,
      "junctions": 106
    },
    "vehicle": {
      "total": 32,
      "scheduled": 25,
      "routed": 25,
      "short_route": 0,
      "invalid_route": 1
    },
    "result": {
      "name": "result_25711_25741",
      "cost": 0,
      "plans": 1,
      "timeout": 120
    }
  },
  "e18": {
    "problem": {
      "name": "problem_25741_25771",
      "time": 0.009,
      "routes": 219,
      "junctions": 97
    },
    "vehicle": {
      "total": 25,
      "scheduled": 22,
      "routed": 22,
      "short_route": 0,
      "invalid_route": 0
    },
    "result": {
      "name": "result_25741_25771",
      "cost": 0,
      "plans": 1,
      "timeout": 120
    }
  },
  "e19": {
    "problem": {
      "name": "problem_25771_25801",
      "time": 0.009,
      "routes": 227,
      "junctions": 111
    },
    "vehicle": {
      "total": 26,
      "scheduled": 23,
      "routed": 23,
      "short_route": 1,
      "invalid_route": 1
    },
    "result": {
      "name": "result_25771_25801",
      "cost": 0,
      "plans": 1,
      "timeout": 120
    }
  },
  "e20": {
    "problem": {
      "name": "problem_25801_25831",
      "time": 0.009,
      "routes": 234,
      "junctions": 112
    },
    "vehicle": {
      "total": 27,
      "scheduled": 20,
      "routed": 20,
      "short_route": 1,
      "invalid_route": 2
    },
    "result": {
      "name": "result_25801_25831",
      "cost": 0,
      "plans": 1,
      "timeout": 120
    }
  },
  "e21": {
    "problem": {
      "name": "problem_25831_25861",
      "time": 0.01,
      "routes": 250,
      "junctions": 112
    },
    "vehicle": {
      "total": 33,
      "scheduled": 27,
      "routed": 27,
      "short_route": 1,
      "invalid_route": 1
    },
    "result": {
      "name": "result_25831_25861",
      "cost": 0,
      "plans": 1,
      "timeout": 120
    }
  },
  "e22": {
    "problem": {
      "name": "problem_25861_25891",
      "time": 0.008,
      "routes": 204,
      "junctions": 106
    },
    "vehicle": {
      "total": 22,
      "scheduled": 16,
      "routed": 16,
      "short_route": 0,
      "invalid_route": 0
    },
    "result": {
      "name": "result_25861_25891",
      "cost": 0,
      "plans": 1,
      "timeout": 120
    }
  },
  "e23": {
    "problem": {
      "name": "problem_25891_25921",
      "time": 0.008,
      "routes": 217,
      "junctions": 113
    },
    "vehicle": {
      "total": 24,
      "scheduled": 20,
      "routed": 20,
      "short_route": 1,
      "invalid_route": 0
    },
    "result": {
      "name": "result_25891_25921",
      "cost": 0,
      "plans": 1,
      "timeout": 120
    }
  },
  "e24": {
    "problem": {
      "name": "problem_25921_25951",
      "time": 0.009,
      "routes": 220,
      "junctions": 111
    },
    "vehicle": {
      "total": 26,
      "scheduled": 22,
      "routed": 22,
      "short_route": 1,
      "invalid_route": 2
    },
    "result": {
      "name": "result_25921_25951",
      "cost": 0,
      "plans": 1,
      "timeout": 120
    }
  },
  "e25": {
    "problem": {
      "name": "problem_25951_25981",
      "time": 0.01,
      "routes": 259,
      "junctions": 119
    },
    "vehicle": {
      "total": 27,
      "scheduled": 22,
      "routed": 22,
      "short_route": 1,
      "invalid_route": 1
    },
    "result": {
      "name": "result_25951_25981",
      "cost": 0,
      "plans": 1,
      "timeout": 120
    }
  },
  "e26": {
    "problem": {
      "name": "problem_25981_26011",
      "time": 0.009,
      "routes": 232,
      "junctions": 113
    },
    "vehicle": {
      "total": 33,
      "scheduled": 29,
      "routed": 29,
      "short_route": 1,
      "invalid_route": 1
    },
    "result": {
      "name": "result_25981_26011",
      "cost": 0,
      "plans": 1,
      "timeout": 120
    }
  },
  "e27": {
    "problem": {
      "name": "problem_26011_26041",
      "time": 0.01,
      "routes": 250,
      "junctions": 112
    },
    "vehicle": {
      "total": 35,
      "scheduled": 26,
      "routed": 26,
      "short_route": 3,
      "invalid_route": 0
    },
    "result": {
      "name": "result_26011_26041",
      "cost": 0,
      "plans": 1,
      "timeout": 120
    }
  },
  "e28": {
    "problem": {
      "name": "problem_26041_26071",
      "time": 0.011,
      "routes": 276,
      "junctions": 122
    },
    "vehicle": {
      "total": 33,
      "scheduled": 22,
      "routed": 22,
      "short_route": 1,
      "invalid_route": 0
    },
    "result": {
      "name": "result_26041_26071",
      "cost": 0,
      "plans": 1,
      "timeout": 120
    }
  },
  "e29": {
    "problem": {
      "name": "problem_26071_26101",
      "time": 0.01,
      "routes": 267,
      "junctions": 116
    },
    "vehicle": {
      "total": 30,
      "scheduled": 22,
      "routed": 22,
      "short_route": 3,
      "invalid_route": 0
    },
    "result": {
      "name": "result_26071_26101",
      "cost": 0,
      "plans": 1,
      "timeout": 120
    }
  },
  "e30": {
    "problem": {
      "name": "problem_26101_26131",
      "time": 0.01,
      "routes": 251,
      "junctions": 118
    },
    "vehicle": {
      "total": 32,
      "scheduled": 26,
      "routed": 26,
      "short_route": 0,
      "invalid_route": 2
    },
    "result": {
      "name": "result_26101_26131",
      "cost": 0,
      "plans": 1,
      "timeout": 120
    }
  },
  "e31": {
    "problem": {
      "name": "problem_26131_26161",
      "time": 0.008,
      "routes": 224,
      "junctions": 111
    },
    "vehicle": {
      "total": 24,
      "scheduled": 19,
      "routed": 19,
      "short_route": 2,
      "invalid_route": 0
    },
    "result": {
      "name": "result_26131_26161",
      "cost": 0,
      "plans": 1,
      "timeout": 120
    }
  },
  "e32": {
    "problem": {
      "name": "problem_26161_26191",
      "time": 0.01,
      "routes": 249,
      "junctions": 112
    },
    "vehicle": {
      "total": 27,
      "scheduled": 19,
      "routed": 19,
      "short_route": 2,
      "invalid_route": 1
    },
    "result": {
      "name": "result_26161_26191",
      "cost": 0,
      "plans": 1,
      "timeout": 120
    }
  },
  "e33": {
    "problem": {
      "name": "problem_26191_26221",
      "time": 0.009,
      "routes": 243,
      "junctions": 117
    },
    "vehicle": {
      "total": 31,
      "scheduled": 25,
      "routed": 25,
      "short_route": 0,
      "invalid_route": 1
    },
    "result": {
      "name": "result_26191_26221",
      "cost": 0,
      "plans": 1,
      "timeout": 120
    }
  },
  "e34": {
    "problem": {
      "name": "problem_26221_26251",
      "time": 0.01,
      "routes": 250,
      "junctions": 115
    },
    "vehicle": {
      "total": 41,
      "scheduled": 27,
      "routed": 27,
      "short_route": 1,
      "invalid_route": 4
    },
    "result": {
      "name": "result_26221_26251",
      "cost": 0,
      "plans": 1,
      "timeout": 120
    }
  },
  "e35": {
    "problem": {
      "name": "problem_26251_26281",
      "time": 0.015,
      "routes": 240,
      "junctions": 111
    },
    "vehicle": {
      "total": 37,
      "scheduled": 31,
      "routed": 31,
      "short_route": 3,
      "invalid_route": 0
    },
    "result": {
      "name": "result_26251_26281",
      "cost": 0,
      "plans": 1,
      "timeout": 120
    }
  },
  "e36": {
    "problem": {
      "name": "problem_26281_26311",
      "time": 0.01,
      "routes": 238,
      "junctions": 114
    },
    "vehicle": {
      "total": 20,
      "scheduled": 18,
      "routed": 18,
      "short_route": 0,
      "invalid_route": 1
    },
    "result": {
      "name": "result_26281_26311",
      "cost": 0,
      "plans": 1,
      "timeout": 120
    }
  },
  "e37": {
    "problem": {
      "name": "problem_26311_26341",
      "time": 0.01,
      "routes": 228,
      "junctions": 108
    },
    "vehicle": {
      "total": 28,
      "scheduled": 23,
      "routed": 23,
      "short_route": 0,
      "invalid_route": 0
    },
    "result": {
      "name": "result_26311_26341",
      "cost": 0,
      "plans": 1,
      "timeout": 120
    }
  },
  "e38": {
    "problem": {
      "name": "problem_26341_26371",
      "time": 0.01,
      "routes": 235,
      "junctions": 109
    },
    "vehicle": {
      "total": 24,
      "scheduled": 17,
      "routed": 17,
      "short_route": 2,
      "invalid_route": 1
    },
    "result": {
      "name": "result_26341_26371",
      "cost": 0,
      "plans": 1,
      "timeout": 120
    }
  },
  "e39": {
    "problem": {
      "name": "problem_26371_26401",
      "time": 0.01,
      "routes": 230,
      "junctions": 108
    },
    "vehicle": {
      "total": 22,
      "scheduled": 20,
      "routed": 20,
      "short_route": 0,
      "invalid_route": 0
    },
    "result": {
      "name": "result_26371_26401",
      "cost": 0,
      "plans": 1,
      "timeout": 120
    }
  },
  "e40": {
    "problem": {
      "name": "problem_26401_26431",
      "time": 0.01,
      "routes": 224,
      "junctions": 98
    },
    "vehicle": {
      "total": 33,
      "scheduled": 30,
      "routed": 30,
      "short_route": 1,
      "invalid_route": 0
    },
    "result": {
      "name": "result_26401_26431",
      "cost": 0,
      "plans": 1,
      "timeout": 120
    }
  },
  "e41": {
    "problem": {
      "name": "problem_26431_26461",
      "time": 0.011,
      "routes": 275,
      "junctions": 121
    },
    "vehicle": {
      "total": 35,
      "scheduled": 28,
      "routed": 28,
      "short_route": 1,
      "invalid_route": 3
    },
    "result": {
      "name": "result_26431_26461",
      "cost": 0,
      "plans": 1,
      "timeout": 120
    }
  },
  "e42": {
    "problem": {
      "name": "problem_26461_26491",
      "time": 0.009,
      "routes": 237,
      "junctions": 113
    },
    "vehicle": {
      "total": 31,
      "scheduled": 26,
      "routed": 26,
      "short_route": 2,
      "invalid_route": 0
    },
    "result": {
      "name": "result_26461_26491",
      "cost": 0,
      "plans": 1,
      "timeout": 120
    }
  },
  "e43": {
    "problem": {
      "name": "problem_26491_26521",
      "time": 0.008,
      "routes": 229,
      "junctions": 112
    },
    "vehicle": {
      "total": 23,
      "scheduled": 15,
      "routed": 15,
      "short_route": 1,
      "invalid_route": 1
    },
    "result": {
      "name": "result_26491_26521",
      "cost": 0,
      "plans": 1,
      "timeout": 120
    }
  },
  "e44": {
    "problem": {
      "name": "problem_26521_26551",
      "time": 0.01,
      "routes": 240,
      "junctions": 112
    },
    "vehicle": {
      "total": 31,
      "scheduled": 27,
      "routed": 27,
      "short_route": 1,
      "invalid_route": 0
    },
    "result": {
      "name": "result_26521_26551",
      "cost": 0,
      "plans": 1,
      "timeout": 120
    }
  },
  "e45": {
    "problem": {
      "name": "problem_26551_26581",
      "time": 0.011,
      "routes": 279,
      "junctions": 123
    },
    "vehicle": {
      "total": 32,
      "scheduled": 26,
      "routed": 26,
      "short_route": 3,
      "invalid_route": 0
    },
    "result": {
      "name": "result_26551_26581",
      "cost": 0,
      "plans": 1,
      "timeout": 120
    }
  },
  "e46": {
    "problem": {
      "name": "problem_26581_26611",
      "time": 0.009,
      "routes": 240,
      "junctions": 109
    },
    "vehicle": {
      "total": 30,
      "scheduled": 23,
      "routed": 23,
      "short_route": 0,
      "invalid_route": 1
    },
    "result": {
      "name": "result_26581_26611",
      "cost": 0,
      "plans": 1,
      "timeout": 120
    }
  },
  "e47": {
    "problem": {
      "name": "problem_26611_26641",
      "time": 0.01,
      "routes": 247,
      "junctions": 117
    },
    "vehicle": {
      "total": 29,
      "scheduled": 22,
      "routed": 22,
      "short_route": 2,
      "invalid_route": 2
    },
    "result": {
      "name": "result_26611_26641",
      "cost": 0,
      "plans": 1,
      "timeout": 120
    }
  },
  "e48": {
    "problem": {
      "name": "problem_26641_26671",
      "time": 0.01,
      "routes": 255,
      "junctions": 116
    },
    "vehicle": {
      "total": 40,
      "scheduled": 33,
      "routed": 33,
      "short_route": 2,
      "invalid_route": 0
    },
    "result": {
      "name": "result_26641_26671",
      "cost": 0,
      "plans": 1,
      "timeout": 120
    }
  },
  "e49": {
    "problem": {
      "name": "problem_26671_26701",
      "time": 0.011,
      "routes": 275,
      "junctions": 125
    },
    "vehicle": {
      "total": 41,
      "scheduled": 30,
      "routed": 30,
      "short_route": 0,
      "invalid_route": 5
    },
    "result": {
      "name": "result_26671_26701",
      "cost": 0,
      "plans": 1,
      "timeout": 120
    }
  },
  "e50": {
    "problem": {
      "name": "problem_26701_26731",
      "time": 0.009,
      "routes": 242,
      "junctions": 112
    },
    "vehicle": {
      "total": 30,
      "scheduled": 26,
      "routed": 26,
      "short_route": 0,
      "invalid_route": 0
    },
    "result": {
      "name": "result_26701_26731",
      "cost": 0,
      "plans": 1,
      "timeout": 120
    }
  },
  "e51": {
    "problem": {
      "name": "problem_26731_26761",
      "time": 0.011,
      "routes": 269,
      "junctions": 121
    },
    "vehicle": {
      "total": 38,
      "scheduled": 32,
      "routed": 32,
      "short_route": 1,
      "invalid_route": 0
    },
    "result": {
      "name": "result_26731_26761",
      "cost": 0,
      "plans": 1,
      "timeout": 120
    }
  },
  "e52": {
    "problem": {
      "name": "problem_26761_26791",
      "time": 0.01,
      "routes": 252,
      "junctions": 112
    },
    "vehicle": {
      "total": 32,
      "scheduled": 31,
      "routed": 31,
      "short_route": 0,
      "invalid_route": 1
    },
    "result": {
      "name": "result_26761_26791",
      "cost": 0,
      "plans": 1,
      "timeout": 120
    }
  },
  "e53": {
    "problem": {
      "name": "problem_26791_26821",
      "time": 0.01,
      "routes": 263,
      "junctions": 118
    },
    "vehicle": {
      "total": 28,
      "scheduled": 25,
      "routed": 25,
      "short_route": 1,
      "invalid_route": 0
    },
    "result": {
      "name": "result_26791_26821",
      "cost": 0,
      "plans": 1,
      "timeout": 120
    }
  },
  "e54": {
    "problem": {
      "name": "problem_26821_26851",
      "time": 0.011,
      "routes": 256,
      "junctions": 118
    },
    "vehicle": {
      "total": 40,
      "scheduled": 31,
      "routed": 31,
      "short_route": 1,
      "invalid_route": 2
    },
    "result": {
      "name": "result_26821_26851",
      "cost": 0,
      "plans": 1,
      "timeout": 120
    }
  },
  "e55": {
    "problem": {
      "name": "problem_26851_26881",
      "time": 0.009,
      "routes": 224,
      "junctions": 108
    },
    "vehicle": {
      "total": 28,
      "scheduled": 23,
      "routed": 23,
      "short_route": 1,
      "invalid_route": 1
    },
    "result": {
      "name": "result_26851_26881",
      "cost": 0,
      "plans": 1,
      "timeout": 120
    }
  },
  "e56": {
    "problem": {
      "name": "problem_26881_26911",
      "time": 0.011,
      "routes": 282,
      "junctions": 119
    },
    "vehicle": {
      "total": 37,
      "scheduled": 32,
      "routed": 32,
      "short_route": 0,
      "invalid_route": 1
    },
    "result": {
      "name": "result_26881_26911",
      "cost": 0,
      "plans": 1,
      "timeout": 120
    }
  },
  "e57": {
    "problem": {
      "name": "problem_26911_26941",
      "time": 0.01,
      "routes": 252,
      "junctions": 111
    },
    "vehicle": {
      "total": 35,
      "scheduled": 32,
      "routed": 32,
      "short_route": 0,
      "invalid_route": 0
    },
    "result": {
      "name": "result_26911_26941",
      "cost": 0,
      "plans": 1,
      "timeout": 120
    }
  },
  "e58": {
    "problem": {
      "name": "problem_26941_26971",
      "time": 0.009,
      "routes": 240,
      "junctions": 114
    },
    "vehicle": {
      "total": 30,
      "scheduled": 26,
      "routed": 26,
      "short_route": 1,
      "invalid_route": 1
    },
    "result": {
      "name": "result_26941_26971",
      "cost": 0,
      "plans": 1,
      "timeout": 120
    }
  },
  "e59": {
    "problem": {
      "name": "problem_26971_27001",
      "time": 0.011,
      "routes": 267,
      "junctions": 123
    },
    "vehicle": {
      "total": 31,
      "scheduled": 27,
      "routed": 27,
      "short_route": 0,
      "invalid_route": 0
    },
    "result": {
      "name": "result_26971_27001",
      "cost": 0,
      "plans": 1,
      "timeout": 120
    }
  },
  "e60": {
    "problem": {
      "name": "problem_27001_27031",
      "time": 0.009,
      "routes": 238,
      "junctions": 115
    },
    "vehicle": {
      "total": 33,
      "scheduled": 28,
      "routed": 28,
      "short_route": 0,
      "invalid_route": 2
    },
    "result": {
      "name": "result_27001_27031",
      "cost": 0,
      "plans": 1,
      "timeout": 120
    }
  },
  "e61": {
    "problem": {
      "name": "problem_27031_27061",
      "time": 0.011,
      "routes": 282,
      "junctions": 121
    },
    "vehicle": {
      "total": 29,
      "scheduled": 24,
      "routed": 24,
      "short_route": 1,
      "invalid_route": 2
    },
    "result": {
      "name": "result_27031_27061",
      "cost": 0,
      "plans": 1,
      "timeout": 120
    }
  },
  "e62": {
    "problem": {
      "name": "problem_27061_27091",
      "time": 0.01,
      "routes": 259,
      "junctions": 117
    },
    "vehicle": {
      "total": 42,
      "scheduled": 33,
      "routed": 33,
      "short_route": 1,
      "invalid_route": 1
    },
    "result": {
      "name": "result_27061_27091",
      "cost": 0,
      "plans": 1,
      "timeout": 120
    }
  },
  "e63": {
    "problem": {
      "name": "problem_27091_27121",
      "time": 0.015,
      "routes": 293,
      "junctions": 124
    },
    "vehicle": {
      "total": 27,
      "scheduled": 23,
      "routed": 23,
      "short_route": 0,
      "invalid_route": 1
    },
    "result": {
      "name": "result_27091_27121",
      "cost": 0,
      "plans": 1,
      "timeout": 120
    }
  },
  "e64": {
    "problem": {
      "name": "problem_27121_27151",
      "time": 0.011,
      "routes": 261,
      "junctions": 122
    },
    "vehicle": {
      "total": 31,
      "scheduled": 29,
      "routed": 29,
      "short_route": 0,
      "invalid_route": 2
    },
    "result": {
      "name": "result_27121_27151",
      "cost": 0,
      "plans": 1,
      "timeout": 120
    }
  },
  "e65": {
    "problem": {
      "name": "problem_27151_27181",
      "time": 0.009,
      "routes": 232,
      "junctions": 116
    },
    "vehicle": {
      "total": 20,
      "scheduled": 17,
      "routed": 17,
      "short_route": 0,
      "invalid_route": 1
    },
    "result": {
      "name": "result_27151_27181",
      "cost": 0,
      "plans": 1,
      "timeout": 120
    }
  },
  "e66": {
    "problem": {
      "name": "problem_27181_27211",
      "time": 0.009,
      "routes": 227,
      "junctions": 109
    },
    "vehicle": {
      "total": 32,
      "scheduled": 26,
      "routed": 26,
      "short_route": 1,
      "invalid_route": 0
    },
    "result": {
      "name": "result_27181_27211",
      "cost": 0,
      "plans": 1,
      "timeout": 120
    }
  },
  "e67": {
    "problem": {
      "name": "problem_27211_27241",
      "time": 0.011,
      "routes": 281,
      "junctions": 121
    },
    "vehicle": {
      "total": 42,
      "scheduled": 36,
      "routed": 36,
      "short_route": 1,
      "invalid_route": 1
    },
    "result": {
      "name": "result_27211_27241",
      "cost": 0,
      "plans": 1,
      "timeout": 120
    }
  },
  "e68": {
    "problem": {
      "name": "problem_27241_27271",
      "time": 0.011,
      "routes": 274,
      "junctions": 123
    },
    "vehicle": {
      "total": 38,
      "scheduled": 33,
      "routed": 33,
      "short_route": 1,
      "invalid_route": 2
    },
    "result": {
      "name": "result_27241_27271",
      "cost": 0,
      "plans": 1,
      "timeout": 120
    }
  },
  "e69": {
    "problem": {
      "name": "problem_27271_27301",
      "time": 0.008,
      "routes": 205,
      "junctions": 107
    },
    "vehicle": {
      "total": 20,
      "scheduled": 18,
      "routed": 18,
      "short_route": 0,
      "invalid_route": 1
    },
    "result": {
      "name": "result_27271_27301",
      "cost": 0,
      "plans": 1,
      "timeout": 120
    }
  },
  "e70": {
    "problem": {
      "name": "problem_27301_27331",
      "time": 0.009,
      "routes": 245,
      "junctions": 115
    },
    "vehicle": {
      "total": 27,
      "scheduled": 17,
      "routed": 17,
      "short_route": 2,
      "invalid_route": 0
    },
    "result": {
      "name": "result_27301_27331",
      "cost": 0,
      "plans": 1,
      "timeout": 120
    }
  },
  "e71": {
    "problem": {
      "name": "problem_27331_27361",
      "time": 0.01,
      "routes": 248,
      "junctions": 115
    },
    "vehicle": {
      "total": 37,
      "scheduled": 33,
      "routed": 33,
      "short_route": 0,
      "invalid_route": 1
    },
    "result": {
      "name": "result_27331_27361",
      "cost": 0,
      "plans": 1,
      "timeout": 120
    }
  },
  "e72": {
    "problem": {
      "name": "problem_27361_27391",
      "time": 0.01,
      "routes": 257,
      "junctions": 115
    },
    "vehicle": {
      "total": 28,
      "scheduled": 23,
      "routed": 23,
      "short_route": 0,
      "invalid_route": 1
    },
    "result": {
      "name": "result_27361_27391",
      "cost": 0,
      "plans": 1,
      "timeout": 120
    }
  },
  "e73": {
    "problem": {
      "name": "problem_27391_27421",
      "time": 0.011,
      "routes": 264,
      "junctions": 121
    },
    "vehicle": {
      "total": 37,
      "scheduled": 32,
      "routed": 32,
      "short_route": 1,
      "invalid_route": 1
    },
    "result": {
      "name": "result_27391_27421",
      "cost": 0,
      "plans": 1,
      "timeout": 120
    }
  },
  "e74": {
    "problem": {
      "name": "problem_27421_27451",
      "time": 0.009,
      "routes": 243,
      "junctions": 111
    },
    "vehicle": {
      "total": 24,
      "scheduled": 22,
      "routed": 22,
      "short_route": 1,
      "invalid_route": 1
    },
    "result": {
      "name": "result_27421_27451",
      "cost": 0,
      "plans": 1,
      "timeout": 120
    }
  },
  "e75": {
    "problem": {
      "name": "problem_27451_27481",
      "time": 0.01,
      "routes": 260,
      "junctions": 118
    },
    "vehicle": {
      "total": 30,
      "scheduled": 25,
      "routed": 25,
      "short_route": 2,
      "invalid_route": 0
    },
    "result": {
      "name": "result_27451_27481",
      "cost": 0,
      "plans": 1,
      "timeout": 120
    }
  },
  "e76": {
    "problem": {
      "name": "problem_27481_27511",
      "time": 0.009,
      "routes": 216,
      "junctions": 109
    },
    "vehicle": {
      "total": 24,
      "scheduled": 17,
      "routed": 17,
      "short_route": 0,
      "invalid_route": 3
    },
    "result": {
      "name": "result_27481_27511",
      "cost": 0,
      "plans": 1,
      "timeout": 120
    }
  },
  "e77": {
    "problem": {
      "name": "problem_27511_27541",
      "time": 0.009,
      "routes": 240,
      "junctions": 109
    },
    "vehicle": {
      "total": 31,
      "scheduled": 28,
      "routed": 28,
      "short_route": 1,
      "invalid_route": 0
    },
    "result": {
      "name": "result_27511_27541",
      "cost": 0,
      "plans": 1,
      "timeout": 120
    }
  },
  "e78": {
    "problem": {
      "name": "problem_27541_27571",
      "time": 0.01,
      "routes": 251,
      "junctions": 117
    },
    "vehicle": {
      "total": 33,
      "scheduled": 26,
      "routed": 26,
      "short_route": 3,
      "invalid_route": 0
    },
    "result": {
      "name": "result_27541_27571",
      "cost": 0,
      "plans": 1,
      "timeout": 120
    }
  },
  "e79": {
    "problem": {
      "name": "problem_27571_27601",
      "time": 0.009,
      "routes": 222,
      "junctions": 106
    },
    "vehicle": {
      "total": 27,
      "scheduled": 22,
      "routed": 22,
      "short_route": 1,
      "invalid_route": 2
    },
    "result": {
      "name": "result_27571_27601",
      "cost": 0,
      "plans": 1,
      "timeout": 120
    }
  },
  "e80": {
    "problem": {
      "name": "problem_27601_27631",
      "time": 0.009,
      "routes": 231,
      "junctions": 113
    },
    "vehicle": {
      "total": 21,
      "scheduled": 18,
      "routed": 18,
      "short_route": 0,
      "invalid_route": 1
    },
    "result": {
      "name": "result_27601_27631",
      "cost": 0,
      "plans": 1,
      "timeout": 120
    }
  },
  "e81": {
    "problem": {
      "name": "problem_27631_27661",
      "time": 0.01,
      "routes": 261,
      "junctions": 113
    },
    "vehicle": {
      "total": 30,
      "scheduled": 28,
      "routed": 28,
      "short_route": 0,
      "invalid_route": 1
    },
    "result": {
      "name": "result_27631_27661",
      "cost": 0,
      "plans": 1,
      "timeout": 120
    }
  },
  "e82": {
    "problem": {
      "name": "problem_27661_27691",
      "time": 0.01,
      "routes": 251,
      "junctions": 117
    },
    "vehicle": {
      "total": 27,
      "scheduled": 19,
      "routed": 19,
      "short_route": 1,
      "invalid_route": 1
    },
    "result": {
      "name": "result_27661_27691",
      "cost": 0,
      "plans": 1,
      "timeout": 120
    }
  },
  "e83": {
    "problem": {
      "name": "problem_27691_27721",
      "time": 0.009,
      "routes": 234,
      "junctions": 109
    },
    "vehicle": {
      "total": 31,
      "scheduled": 26,
      "routed": 26,
      "short_route": 0,
      "invalid_route": 2
    },
    "result": {
      "name": "result_27691_27721",
      "cost": 0,
      "plans": 1,
      "timeout": 120
    }
  },
  "e84": {
    "problem": {
      "name": "problem_27721_27751",
      "time": 0.01,
      "routes": 263,
      "junctions": 124
    },
    "vehicle": {
      "total": 32,
      "scheduled": 26,
      "routed": 26,
      "short_route": 1,
      "invalid_route": 2
    },
    "result": {
      "name": "result_27721_27751",
      "cost": 0,
      "plans": 1,
      "timeout": 120
    }
  },
  "e85": {
    "problem": {
      "name": "problem_27751_27781",
      "time": 0.011,
      "routes": 257,
      "junctions": 112
    },
    "vehicle": {
      "total": 38,
      "scheduled": 35,
      "routed": 35,
      "short_route": 0,
      "invalid_route": 0
    },
    "result": {
      "name": "result_27751_27781",
      "cost": 0,
      "plans": 1,
      "timeout": 120
    }
  },
  "e86": {
    "problem": {
      "name": "problem_27781_27811",
      "time": 0.01,
      "routes": 242,
      "junctions": 114
    },
    "vehicle": {
      "total": 33,
      "scheduled": 29,
      "routed": 29,
      "short_route": 1,
      "invalid_route": 2
    },
    "result": {
      "name": "result_27781_27811",
      "cost": 0,
      "plans": 1,
      "timeout": 120
    }
  },
  "e87": {
    "problem": {
      "name": "problem_27811_27841",
      "time": 0.011,
      "routes": 261,
      "junctions": 118
    },
    "vehicle": {
      "total": 37,
      "scheduled": 30,
      "routed": 30,
      "short_route": 2,
      "invalid_route": 0
    },
    "result": {
      "name": "result_27811_27841",
      "cost": 0,
      "plans": 1,
      "timeout": 120
    }
  },
  "e88": {
    "problem": {
      "name": "problem_27841_27871",
      "time": 0.01,
      "routes": 257,
      "junctions": 117
    },
    "vehicle": {
      "total": 30,
      "scheduled": 23,
      "routed": 23,
      "short_route": 2,
      "invalid_route": 1
    },
    "result": {
      "name": "result_27841_27871",
      "cost": 0,
      "plans": 1,
      "timeout": 120
    }
  },
  "e89": {
    "problem": {
      "name": "problem_27871_27901",
      "time": 0.01,
      "routes": 244,
      "junctions": 110
    },
    "vehicle": {
      "total": 37,
      "scheduled": 33,
      "routed": 33,
      "short_route": 2,
      "invalid_route": 2
    },
    "result": {
      "name": "result_27871_27901",
      "cost": 0,
      "plans": 1,
      "timeout": 120
    }
  },
  "e90": {
    "problem": {
      "name": "problem_27901_27931",
      "time": 0.01,
      "routes": 266,
      "junctions": 119
    },
    "vehicle": {
      "total": 33,
      "scheduled": 28,
      "routed": 28,
      "short_route": 2,
      "invalid_route": 0
    },
    "result": {
      "name": "result_27901_27931",
      "cost": 0,
      "plans": 1,
      "timeout": 120
    }
  },
  "e91": {
    "problem": {
      "name": "problem_27931_27961",
      "time": 0.009,
      "routes": 232,
      "junctions": 103
    },
    "vehicle": {
      "total": 32,
      "scheduled": 28,
      "routed": 28,
      "short_route": 0,
      "invalid_route": 1
    },
    "result": {
      "name": "result_27931_27961",
      "cost": 0,
      "plans": 1,
      "timeout": 120
    }
  },
  "e92": {
    "problem": {
      "name": "problem_27961_27991",
      "time": 0.01,
      "routes": 250,
      "junctions": 116
    },
    "vehicle": {
      "total": 47,
      "scheduled": 40,
      "routed": 40,
      "short_route": 0,
      "invalid_route": 1
    },
    "result": {
      "name": "result_27961_27991",
      "cost": 0,
      "plans": 1,
      "timeout": 120
    }
  },
  "e93": {
    "problem": {
      "name": "problem_27991_28021",
      "time": 0.012,
      "routes": 272,
      "junctions": 121
    },
    "vehicle": {
      "total": 49,
      "scheduled": 42,
      "routed": 42,
      "short_route": 1,
      "invalid_route": 1
    },
    "result": {
      "name": "result_27991_28021",
      "cost": 0,
      "plans": 1,
      "timeout": 120
    }
  },
  "e94": {
    "problem": {
      "name": "problem_28021_28051",
      "time": 0.01,
      "routes": 241,
      "junctions": 117
    },
    "vehicle": {
      "total": 33,
      "scheduled": 27,
      "routed": 27,
      "short_route": 1,
      "invalid_route": 0
    },
    "result": {
      "name": "result_28021_28051",
      "cost": 0,
      "plans": 1,
      "timeout": 120
    }
  },
  "e95": {
    "problem": {
      "name": "problem_28051_28081",
      "time": 0.01,
      "routes": 264,
      "junctions": 116
    },
    "vehicle": {
      "total": 31,
      "scheduled": 26,
      "routed": 26,
      "short_route": 0,
      "invalid_route": 0
    },
    "result": {
      "name": "result_28051_28081",
      "cost": 0,
      "plans": 1,
      "timeout": 120
    }
  },
  "e96": {
    "problem": {
      "name": "problem_28081_28111",
      "time": 0.01,
      "routes": 257,
      "junctions": 114
    },
    "vehicle": {
      "total": 30,
      "scheduled": 27,
      "routed": 27,
      "short_route": 0,
      "invalid_route": 0
    },
    "result": {
      "name": "result_28081_28111",
      "cost": 0,
      "plans": 1,
      "timeout": 120
    }
  },
  "e97": {
    "problem": {
      "name": "problem_28111_28141",
      "time": 0.01,
      "routes": 244,
      "junctions": 111
    },
    "vehicle": {
      "total": 35,
      "scheduled": 27,
      "routed": 27,
      "short_route": 0,
      "invalid_route": 1
    },
    "result": {
      "name": "result_28111_28141",
      "cost": 0,
      "plans": 1,
      "timeout": 120
    }
  },
  "e98": {
    "problem": {
      "name": "problem_28141_28171",
      "time": 0.009,
      "routes": 225,
      "junctions": 100
    },
    "vehicle": {
      "total": 36,
      "scheduled": 30,
      "routed": 30,
      "short_route": 0,
      "invalid_route": 2
    },
    "result": {
      "name": "result_28141_28171",
      "cost": 0,
      "plans": 1,
      "timeout": 120
    }
  },
  "e99": {
    "problem": {
      "name": "problem_28171_28201",
      "time": 0.01,
      "routes": 239,
      "junctions": 110
    },
    "vehicle": {
      "total": 42,
      "scheduled": 33,
      "routed": 33,
      "short_route": 1,
      "invalid_route": 1
    },
    "result": {
      "name": "result_28171_28201",
      "cost": 0,
      "plans": 1,
      "timeout": 120
    }
  },
  "e100": {
    "problem": {
      "name": "problem_28201_28231",
      "time": 0.011,
      "routes": 275,
      "junctions": 123
    },
    "vehicle": {
      "total": 35,
      "scheduled": 33,
      "routed": 33,
      "short_route": 0,
      "invalid_route": 0
    },
    "result": {
      "name": "result_28201_28231",
      "cost": 0,
      "plans": 1,
      "timeout": 120
    }
  },
  "e101": {
    "problem": {
      "name": "problem_28231_28261",
      "time": 0.011,
      "routes": 276,
      "junctions": 122
    },
    "vehicle": {
      "total": 36,
      "scheduled": 29,
      "routed": 29,
      "short_route": 0,
      "invalid_route": 1
    },
    "result": {
      "name": "result_28231_28261",
      "cost": 0,
      "plans": 1,
      "timeout": 120
    }
  },
  "e102": {
    "problem": {
      "name": "problem_28261_28291",
      "time": 0.011,
      "routes": 281,
      "junctions": 122
    },
    "vehicle": {
      "total": 32,
      "scheduled": 23,
      "routed": 23,
      "short_route": 1,
      "invalid_route": 1
    },
    "result": {
      "name": "result_28261_28291",
      "cost": 0,
      "plans": 1,
      "timeout": 120
    }
  },
  "e103": {
    "problem": {
      "name": "problem_28291_28321",
      "time": 0.012,
      "routes": 284,
      "junctions": 123
    },
    "vehicle": {
      "total": 45,
      "scheduled": 36,
      "routed": 36,
      "short_route": 2,
      "invalid_route": 1
    },
    "result": {
      "name": "result_28291_28321",
      "cost": 0,
      "plans": 1,
      "timeout": 120
    }
  },
  "e104": {
    "problem": {
      "name": "problem_28321_28351",
      "time": 0.012,
      "routes": 294,
      "junctions": 122
    },
    "vehicle": {
      "total": 47,
      "scheduled": 44,
      "routed": 44,
      "short_route": 2,
      "invalid_route": 0
    },
    "result": {
      "name": "result_28321_28351",
      "cost": 0,
      "plans": 1,
      "timeout": 120
    }
  },
  "e105": {
    "problem": {
      "name": "problem_28351_28381",
      "time": 0.009,
      "routes": 239,
      "junctions": 110
    },
    "vehicle": {
      "total": 31,
      "scheduled": 27,
      "routed": 27,
      "short_route": 1,
      "invalid_route": 0
    },
    "result": {
      "name": "result_28351_28381",
      "cost": 0,
      "plans": 1,
      "timeout": 120
    }
  },
  "e106": {
    "problem": {
      "name": "problem_28381_28411",
      "time": 0.012,
      "routes": 258,
      "junctions": 115
    },
    "vehicle": {
      "total": 30,
      "scheduled": 28,
      "routed": 28,
      "short_route": 1,
      "invalid_route": 1
    },
    "result": {
      "name": "result_28381_28411",
      "cost": 0,
      "plans": 1,
      "timeout": 120
    }
  },
  "e107": {
    "problem": {
      "name": "problem_28411_28441",
      "time": 0.011,
      "routes": 269,
      "junctions": 117
    },
    "vehicle": {
      "total": 39,
      "scheduled": 36,
      "routed": 36,
      "short_route": 2,
      "invalid_route": 0
    },
    "result": {
      "name": "result_28411_28441",
      "cost": 0,
      "plans": 1,
      "timeout": 120
    }
  },
  "e108": {
    "problem": {
      "name": "problem_28441_28471",
      "time": 0.01,
      "routes": 256,
      "junctions": 115
    },
    "vehicle": {
      "total": 36,
      "scheduled": 32,
      "routed": 32,
      "short_route": 0,
      "invalid_route": 0
    },
    "result": {
      "name": "result_28441_28471",
      "cost": 0,
      "plans": 1,
      "timeout": 120
    }
  },
  "e109": {
    "problem": {
      "name": "problem_28471_28501",
      "time": 0.009,
      "routes": 232,
      "junctions": 110
    },
    "vehicle": {
      "total": 25,
      "scheduled": 24,
      "routed": 24,
      "short_route": 0,
      "invalid_route": 0
    },
    "result": {
      "name": "result_28471_28501",
      "cost": 0,
      "plans": 1,
      "timeout": 120
    }
  },
  "e110": {
    "problem": {
      "name": "problem_28501_28531",
      "time": 0.011,
      "routes": 267,
      "junctions": 122
    },
    "vehicle": {
      "total": 38,
      "scheduled": 31,
      "routed": 31,
      "short_route": 2,
      "invalid_route": 0
    },
    "result": {
      "name": "result_28501_28531",
      "cost": 0,
      "plans": 1,
      "timeout": 120
    }
  },
  "e111": {
    "problem": {
      "name": "problem_28531_28561",
      "time": 0.011,
      "routes": 270,
      "junctions": 114
    },
    "vehicle": {
      "total": 39,
      "scheduled": 37,
      "routed": 37,
      "short_route": 0,
      "invalid_route": 0
    },
    "result": {
      "name": "result_28531_28561",
      "cost": 0,
      "plans": 1,
      "timeout": 120
    }
  },
  "e112": {
    "problem": {
      "name": "problem_28561_28591",
      "time": 0.009,
      "routes": 221,
      "junctions": 101
    },
    "vehicle": {
      "total": 31,
      "scheduled": 25,
      "routed": 25,
      "short_route": 2,
      "invalid_route": 1
    },
    "result": {
      "name": "result_28561_28591",
      "cost": 0,
      "plans": 1,
      "timeout": 120
    }
  },
  "e113": {
    "problem": {
      "name": "problem_28591_28621",
      "time": 0.009,
      "routes": 232,
      "junctions": 109
    },
    "vehicle": {
      "total": 26,
      "scheduled": 20,
      "routed": 20,
      "short_route": 0,
      "invalid_route": 0
    },
    "result": {
      "name": "result_28591_28621",
      "cost": 0,
      "plans": 1,
      "timeout": 120
    }
  },
  "e114": {
    "problem": {
      "name": "problem_28621_28651",
      "time": 0.01,
      "routes": 252,
      "junctions": 117
    },
    "vehicle": {
      "total": 25,
      "scheduled": 19,
      "routed": 19,
      "short_route": 1,
      "invalid_route": 2
    },
    "result": {
      "name": "result_28621_28651",
      "cost": 0,
      "plans": 1,
      "timeout": 120
    }
  },
  "e115": {
    "problem": {
      "name": "problem_28651_28681",
      "time": 0.012,
      "routes": 295,
      "junctions": 123
    },
    "vehicle": {
      "total": 36,
      "scheduled": 32,
      "routed": 32,
      "short_route": 2,
      "invalid_route": 1
    },
    "result": {
      "name": "result_28651_28681",
      "cost": 0,
      "plans": 1,
      "timeout": 120
    }
  },
  "e116": {
    "problem": {
      "name": "problem_28681_28711",
      "time": 0.011,
      "routes": 269,
      "junctions": 118
    },
    "vehicle": {
      "total": 33,
      "scheduled": 29,
      "routed": 29,
      "short_route": 2,
      "invalid_route": 0
    },
    "result": {
      "name": "result_28681_28711",
      "cost": 0,
      "plans": 1,
      "timeout": 120
    }
  },
  "e117": {
    "problem": {
      "name": "problem_28711_28741",
      "time": 0.01,
      "routes": 262,
      "junctions": 120
    },
    "vehicle": {
      "total": 29,
      "scheduled": 26,
      "routed": 26,
      "short_route": 1,
      "invalid_route": 1
    },
    "result": {
      "name": "result_28711_28741",
      "cost": 0,
      "plans": 1,
      "timeout": 120
    }
  },
  "e118": {
    "problem": {
      "name": "problem_28741_28771",
      "time": 0.012,
      "routes": 296,
      "junctions": 125
    },
    "vehicle": {
      "total": 43,
      "scheduled": 38,
      "routed": 38,
      "short_route": 1,
      "invalid_route": 0
    },
    "result": {
      "name": "result_28741_28771",
      "cost": 0,
      "plans": 1,
      "timeout": 120
    }
  },
  "e119": {
    "problem": {
      "name": "problem_28771_28801",
      "time": 0.01,
      "routes": 259,
      "junctions": 117
    },
    "vehicle": {
      "total": 37,
      "scheduled": 28,
      "routed": 28,
      "short_route": 2,
      "invalid_route": 1
    },
    "result": {
      "name": "result_28771_28801",
      "cost": 0,
      "plans": 1,
      "timeout": 120
    }
  },
  "e120": {
    "problem": {
      "name": "problem_28801_28831",
      "time": 0.01,
      "routes": 249,
      "junctions": 119
    },
    "vehicle": {
      "total": 37,
      "scheduled": 29,
      "routed": 29,
      "short_route": 1,
      "invalid_route": 1
    },
    "result": {
      "name": "result_28801_28831",
      "cost": 0,
      "plans": 1,
      "timeout": 120
    }
  },
  "e121": {
    "problem": {
      "name": "problem_28831_28861",
      "time": 0.011,
      "routes": 276,
      "junctions": 120
    },
    "vehicle": {
      "total": 38,
      "scheduled": 29,
      "routed": 29,
      "short_route": 1,
      "invalid_route": 0
    },
    "result": {
      "name": "result_28831_28861",
      "cost": 0,
      "plans": 1,
      "timeout": 120
    }
  },
  "e122": {
    "problem": {
      "name": "problem_28861_28891",
      "time": 0.011,
      "routes": 267,
      "junctions": 115
    },
    "vehicle": {
      "total": 42,
      "scheduled": 32,
      "routed": 32,
      "short_route": 3,
      "invalid_route": 0
    },
    "result": {
      "name": "result_28861_28891",
      "cost": 0,
      "plans": 1,
      "timeout": 120
    }
  },
  "e123": {
    "problem": {
      "name": "problem_28891_28921",
      "time": 0.01,
      "routes": 260,
      "junctions": 112
    },
    "vehicle": {
      "total": 29,
      "scheduled": 22,
      "routed": 22,
      "short_route": 0,
      "invalid_route": 1
    },
    "result": {
      "name": "result_28891_28921",
      "cost": 0,
      "plans": 1,
      "timeout": 120
    }
  },
  "e124": {
    "problem": {
      "name": "problem_28921_28951",
      "time": 0.011,
      "routes": 278,
      "junctions": 120
    },
    "vehicle": {
      "total": 36,
      "scheduled": 28,
      "routed": 28,
      "short_route": 2,
      "invalid_route": 1
    },
    "result": {
      "name": "result_28921_28951",
      "cost": 0,
      "plans": 1,
      "timeout": 120
    }
  },
  "e125": {
    "problem": {
      "name": "problem_28951_28981",
      "time": 0.011,
      "routes": 274,
      "junctions": 118
    },
    "vehicle": {
      "total": 37,
      "scheduled": 31,
      "routed": 31,
      "short_route": 1,
      "invalid_route": 1
    },
    "result": {
      "name": "result_28951_28981",
      "cost": 0,
      "plans": 1,
      "timeout": 120
    }
  },
  "e126": {
    "problem": {
      "name": "problem_28981_29011",
      "time": 0.008,
      "routes": 203,
      "junctions": 93
    },
    "vehicle": {
      "total": 22,
      "scheduled": 20,
      "routed": 20,
      "short_route": 1,
      "invalid_route": 0
    },
    "result": {
      "name": "result_28981_29011",
      "cost": 0,
      "plans": 1,
      "timeout": 120
    }
  },
  "e127": {
    "problem": {
      "name": "problem_29011_29041",
      "time": 0.011,
      "routes": 265,
      "junctions": 115
    },
    "vehicle": {
      "total": 31,
      "scheduled": 28,
      "routed": 28,
      "short_route": 1,
      "invalid_route": 0
    },
    "result": {
      "name": "result_29011_29041",
      "cost": 0,
      "plans": 1,
      "timeout": 120
    }
  },
  "e128": {
    "problem": {
      "name": "problem_29041_29071",
      "time": 0.01,
      "routes": 249,
      "junctions": 114
    },
    "vehicle": {
      "total": 30,
      "scheduled": 23,
      "routed": 23,
      "short_route": 4,
      "invalid_route": 0
    },
    "result": {
      "name": "result_29041_29071",
      "cost": 0,
      "plans": 1,
      "timeout": 120
    }
  },
  "e129": {
    "problem": {
      "name": "problem_29071_29101",
      "time": 0.01,
      "routes": 253,
      "junctions": 115
    },
    "vehicle": {
      "total": 45,
      "scheduled": 36,
      "routed": 36,
      "short_route": 0,
      "invalid_route": 0
    },
    "result": {
      "name": "result_29071_29101",
      "cost": 0,
      "plans": 1,
      "timeout": 120
    }
  },
  "e130": {
    "problem": {
      "name": "problem_29101_29131",
      "time": 0.01,
      "routes": 258,
      "junctions": 117
    },
    "vehicle": {
      "total": 38,
      "scheduled": 32,
      "routed": 32,
      "short_route": 0,
      "invalid_route": 2
    },
    "result": {
      "name": "result_29101_29131",
      "cost": 0,
      "plans": 1,
      "timeout": 120
    }
  },
  "e131": {
    "problem": {
      "name": "problem_29131_29161",
      "time": 0.011,
      "routes": 286,
      "junctions": 120
    },
    "vehicle": {
      "total": 37,
      "scheduled": 29,
      "routed": 29,
      "short_route": 2,
      "invalid_route": 0
    },
    "result": {
      "name": "result_29131_29161",
      "cost": 0,
      "plans": 1,
      "timeout": 120
    }
  },
  "e132": {
    "problem": {
      "name": "problem_29161_29191",
      "time": 0.011,
      "routes": 267,
      "junctions": 119
    },
    "vehicle": {
      "total": 31,
      "scheduled": 26,
      "routed": 26,
      "short_route": 1,
      "invalid_route": 0
    },
    "result": {
      "name": "result_29161_29191",
      "cost": 0,
      "plans": 1,
      "timeout": 120
    }
  },
  "e133": {
    "problem": {
      "name": "problem_29191_29221",
      "time": 0.011,
      "routes": 267,
      "junctions": 117
    },
    "vehicle": {
      "total": 37,
      "scheduled": 31,
      "routed": 31,
      "short_route": 1,
      "invalid_route": 0
    },
    "result": {
      "name": "result_29191_29221",
      "cost": 0,
      "plans": 1,
      "timeout": 120
    }
  },
  "e134": {
    "problem": {
      "name": "problem_29221_29251",
      "time": 0.011,
      "routes": 271,
      "junctions": 119
    },
    "vehicle": {
      "total": 37,
      "scheduled": 34,
      "routed": 34,
      "short_route": 0,
      "invalid_route": 1
    },
    "result": {
      "name": "result_29221_29251",
      "cost": 0,
      "plans": 1,
      "timeout": 120
    }
  },
  "e135": {
    "problem": {
      "name": "problem_29251_29281",
      "time": 0.011,
      "routes": 270,
      "junctions": 122
    },
    "vehicle": {
      "total": 29,
      "scheduled": 24,
      "routed": 24,
      "short_route": 0,
      "invalid_route": 0
    },
    "result": {
      "name": "result_29251_29281",
      "cost": 0,
      "plans": 1,
      "timeout": 120
    }
  },
  "e136": {
    "problem": {
      "name": "problem_29281_29311",
      "time": 0.01,
      "routes": 254,
      "junctions": 115
    },
    "vehicle": {
      "total": 32,
      "scheduled": 26,
      "routed": 26,
      "short_route": 2,
      "invalid_route": 0
    },
    "result": {
      "name": "result_29281_29311",
      "cost": 0,
      "plans": 1,
      "timeout": 120
    }
  },
  "e137": {
    "problem": {
      "name": "problem_29311_29341",
      "time": 0.011,
      "routes": 271,
      "junctions": 117
    },
    "vehicle": {
      "total": 46,
      "scheduled": 40,
      "routed": 40,
      "short_route": 3,
      "invalid_route": 1
    },
    "result": {
      "name": "result_29311_29341",
      "cost": 0,
      "plans": 1,
      "timeout": 120
    }
  },
  "e138": {
    "problem": {
      "name": "problem_29341_29371",
      "time": 0.01,
      "routes": 245,
      "junctions": 111
    },
    "vehicle": {
      "total": 35,
      "scheduled": 31,
      "routed": 31,
      "short_route": 1,
      "invalid_route": 0
    },
    "result": {
      "name": "result_29341_29371",
      "cost": 0,
      "plans": 1,
      "timeout": 120
    }
  },
  "e139": {
    "problem": {
      "name": "problem_29371_29401",
      "time": 0.01,
      "routes": 257,
      "junctions": 118
    },
    "vehicle": {
      "total": 40,
      "scheduled": 31,
      "routed": 31,
      "short_route": 1,
      "invalid_route": 0
    },
    "result": {
      "name": "result_29371_29401",
      "cost": 0,
      "plans": 1,
      "timeout": 120
    }
  },
  "e140": {
    "problem": {
      "name": "problem_29401_29431",
      "time": 0.01,
      "routes": 267,
      "junctions": 121
    },
    "vehicle": {
      "total": 34,
      "scheduled": 27,
      "routed": 27,
      "short_route": 0,
      "invalid_route": 0
    },
    "result": {
      "name": "result_29401_29431",
      "cost": 0,
      "plans": 1,
      "timeout": 120
    }
  },
  "e141": {
    "problem": {
      "name": "problem_29431_29461",
      "time": 0.01,
      "routes": 256,
      "junctions": 112
    },
    "vehicle": {
      "total": 37,
      "scheduled": 29,
      "routed": 29,
      "short_route": 1,
      "invalid_route": 0
    },
    "result": {
      "name": "result_29431_29461",
      "cost": 0,
      "plans": 1,
      "timeout": 120
    }
  },
  "e142": {
    "problem": {
      "name": "problem_29461_29491",
      "time": 0.01,
      "routes": 245,
      "junctions": 115
    },
    "vehicle": {
      "total": 42,
      "scheduled": 35,
      "routed": 35,
      "short_route": 2,
      "invalid_route": 1
    },
    "result": {
      "name": "result_29461_29491",
      "cost": 0,
      "plans": 1,
      "timeout": 120
    }
  },
  "e143": {
    "problem": {
      "name": "problem_29491_29521",
      "time": 0.01,
      "routes": 273,
      "junctions": 119
    },
    "vehicle": {
      "total": 33,
      "scheduled": 24,
      "routed": 24,
      "short_route": 1,
      "invalid_route": 2
    },
    "result": {
      "name": "result_29491_29521",
      "cost": 0,
      "plans": 1,
      "timeout": 120
    }
  },
  "e144": {
    "problem": {
      "name": "problem_29521_29551",
      "time": 0.012,
      "routes": 288,
      "junctions": 122
    },
    "vehicle": {
      "total": 40,
      "scheduled": 33,
      "routed": 33,
      "short_route": 1,
      "invalid_route": 2
    },
    "result": {
      "name": "result_29521_29551",
      "cost": 0,
      "plans": 1,
      "timeout": 120
    }
  },
  "e145": {
    "problem": {
      "name": "problem_29551_29581",
      "time": 0.012,
      "routes": 286,
      "junctions": 118
    },
    "vehicle": {
      "total": 33,
      "scheduled": 30,
      "routed": 30,
      "short_route": 0,
      "invalid_route": 0
    },
    "result": {
      "name": "result_29551_29581",
      "cost": 0,
      "plans": 1,
      "timeout": 120
    }
  },
  "e146": {
    "problem": {
      "name": "problem_29581_29611",
      "time": 0.012,
      "routes": 290,
      "junctions": 126
    },
    "vehicle": {
      "total": 46,
      "scheduled": 44,
      "routed": 44,
      "short_route": 0,
      "invalid_route": 1
    },
    "result": {
      "name": "result_29581_29611",
      "cost": 0,
      "plans": 1,
      "timeout": 120
    }
  },
  "e147": {
    "problem": {
      "name": "problem_29611_29641",
      "time": 0.008,
      "routes": 211,
      "junctions": 114
    },
    "vehicle": {
      "total": 26,
      "scheduled": 20,
      "routed": 20,
      "short_route": 2,
      "invalid_route": 0
    },
    "result": {
      "name": "result_29611_29641",
      "cost": 0,
      "plans": 1,
      "timeout": 120
    }
  },
  "e148": {
    "problem": {
      "name": "problem_29641_29671",
      "time": 0.01,
      "routes": 252,
      "junctions": 115
    },
    "vehicle": {
      "total": 32,
      "scheduled": 31,
      "routed": 31,
      "short_route": 0,
      "invalid_route": 0
    },
    "result": {
      "name": "result_29641_29671",
      "cost": 0,
      "plans": 1,
      "timeout": 120
    }
  },
  "e149": {
    "problem": {
      "name": "problem_29671_29701",
      "time": 0.011,
      "routes": 272,
      "junctions": 118
    },
    "vehicle": {
      "total": 37,
      "scheduled": 31,
      "routed": 31,
      "short_route": 1,
      "invalid_route": 0
    },
    "result": {
      "name": "result_29671_29701",
      "cost": 0,
      "plans": 1,
      "timeout": 120
    }
  },
  "e150": {
    "problem": {
      "name": "problem_29701_29731",
      "time": 0.01,
      "routes": 269,
      "junctions": 122
    },
    "vehicle": {
      "total": 28,
      "scheduled": 25,
      "routed": 25,
      "short_route": 1,
      "invalid_route": 2
    },
    "result": {
      "name": "result_29701_29731",
      "cost": 0,
      "plans": 1,
      "timeout": 120
    }
  },
  "e151": {
    "problem": {
      "name": "problem_29731_29761",
      "time": 0.011,
      "routes": 270,
      "junctions": 115
    },
    "vehicle": {
      "total": 37,
      "scheduled": 30,
      "routed": 30,
      "short_route": 0,
      "invalid_route": 1
    },
    "result": {
      "name": "result_29731_29761",
      "cost": 0,
      "plans": 1,
      "timeout": 120
    }
  },
  "e152": {
    "problem": {
      "name": "problem_29761_29791",
      "time": 0.009,
      "routes": 240,
      "junctions": 108
    },
    "vehicle": {
      "total": 25,
      "scheduled": 19,
      "routed": 19,
      "short_route": 2,
      "invalid_route": 2
    },
    "result": {
      "name": "result_29761_29791",
      "cost": 0,
      "plans": 1,
      "timeout": 120
    }
  },
  "e153": {
    "problem": {
      "name": "problem_29791_29821",
      "time": 0.011,
      "routes": 302,
      "junctions": 122
    },
    "vehicle": {
      "total": 40,
      "scheduled": 34,
      "routed": 34,
      "short_route": 2,
      "invalid_route": 0
    },
    "result": {
      "name": "result_29791_29821",
      "cost": 0,
      "plans": 1,
      "timeout": 120
    }
  },
  "e154": {
    "problem": {
      "name": "problem_29821_29851",
      "time": 0.01,
      "routes": 247,
      "junctions": 115
    },
    "vehicle": {
      "total": 38,
      "scheduled": 34,
      "routed": 34,
      "short_route": 0,
      "invalid_route": 1
    },
    "result": {
      "name": "result_29821_29851",
      "cost": 0,
      "plans": 1,
      "timeout": 120
    }
  },
  "e155": {
    "problem": {
      "name": "problem_29851_29881",
      "time": 0.01,
      "routes": 252,
      "junctions": 113
    },
    "vehicle": {
      "total": 26,
      "scheduled": 21,
      "routed": 21,
      "short_route": 1,
      "invalid_route": 1
    },
    "result": {
      "name": "result_29851_29881",
      "cost": 0,
      "plans": 1,
      "timeout": 120
    }
  },
  "e156": {
    "problem": {
      "name": "problem_29881_29911",
      "time": 0.009,
      "routes": 239,
      "junctions": 108
    },
    "vehicle": {
      "total": 29,
      "scheduled": 25,
      "routed": 25,
      "short_route": 0,
      "invalid_route": 1
    },
    "result": {
      "name": "result_29881_29911",
      "cost": 0,
      "plans": 1,
      "timeout": 120
    }
  },
  "e157": {
    "problem": {
      "name": "problem_29911_29941",
      "time": 0.009,
      "routes": 228,
      "junctions": 107
    },
    "vehicle": {
      "total": 27,
      "scheduled": 26,
      "routed": 26,
      "short_route": 0,
      "invalid_route": 0
    },
    "result": {
      "name": "result_29911_29941",
      "cost": 0,
      "plans": 1,
      "timeout": 120
    }
  },
  "e158": {
    "problem": {
      "name": "problem_29941_29971",
      "time": 0.009,
      "routes": 225,
      "junctions": 109
    },
    "vehicle": {
      "total": 28,
      "scheduled": 19,
      "routed": 19,
      "short_route": 4,
      "invalid_route": 1
    },
    "result": {
      "name": "result_29941_29971",
      "cost": 0,
      "plans": 1,
      "timeout": 120
    }
  },
  "e159": {
    "problem": {
      "name": "problem_29971_30001",
      "time": 0.009,
      "routes": 226,
      "junctions": 111
    },
    "vehicle": {
      "total": 33,
      "scheduled": 28,
      "routed": 28,
      "short_route": 0,
      "invalid_route": 1
    },
    "result": {
      "name": "result_29971_30001",
      "cost": 0,
      "plans": 1,
      "timeout": 120
    }
  },
  "e160": {
    "problem": {
      "name": "problem_30001_30031",
      "time": 0.01,
      "routes": 246,
      "junctions": 112
    },
    "vehicle": {
      "total": 35,
      "scheduled": 32,
      "routed": 32,
      "short_route": 0,
      "invalid_route": 0
    },
    "result": {
      "name": "result_30001_30031",
      "cost": 0,
      "plans": 1,
      "timeout": 120
    }
  },
  "e161": {
    "problem": {
      "name": "problem_30031_30061",
      "time": 0.01,
      "routes": 249,
      "junctions": 111
    },
    "vehicle": {
      "total": 32,
      "scheduled": 23,
      "routed": 23,
      "short_route": 2,
      "invalid_route": 2
    },
    "result": {
      "name": "result_30031_30061",
      "cost": 0,
      "plans": 1,
      "timeout": 120
    }
  },
  "e162": {
    "problem": {
      "name": "problem_30061_30091",
      "time": 0.01,
      "routes": 245,
      "junctions": 117
    },
    "vehicle": {
      "total": 38,
      "scheduled": 35,
      "routed": 35,
      "short_route": 0,
      "invalid_route": 1
    },
    "result": {
      "name": "result_30061_30091",
      "cost": 0,
      "plans": 1,
      "timeout": 120
    }
  },
  "e163": {
    "problem": {
      "name": "problem_30091_30121",
      "time": 0.01,
      "routes": 263,
      "junctions": 121
    },
    "vehicle": {
      "total": 22,
      "scheduled": 20,
      "routed": 20,
      "short_route": 0,
      "invalid_route": 0
    },
    "result": {
      "name": "result_30091_30121",
      "cost": 0,
      "plans": 1,
      "timeout": 120
    }
  },
  "e164": {
    "problem": {
      "name": "problem_30121_30151",
      "time": 0.011,
      "routes": 283,
      "junctions": 124
    },
    "vehicle": {
      "total": 37,
      "scheduled": 35,
      "routed": 35,
      "short_route": 1,
      "invalid_route": 0
    },
    "result": {
      "name": "result_30121_30151",
      "cost": 0,
      "plans": 1,
      "timeout": 120
    }
  },
  "e165": {
    "problem": {
      "name": "problem_30151_30181",
      "time": 0.012,
      "routes": 268,
      "junctions": 116
    },
    "vehicle": {
      "total": 47,
      "scheduled": 41,
      "routed": 41,
      "short_route": 2,
      "invalid_route": 0
    },
    "result": {
      "name": "result_30151_30181",
      "cost": 0,
      "plans": 1,
      "timeout": 120
    }
  },
  "e166": {
    "problem": {
      "name": "problem_30181_30211",
      "time": 0.009,
      "routes": 245,
      "junctions": 115
    },
    "vehicle": {
      "total": 25,
      "scheduled": 20,
      "routed": 20,
      "short_route": 1,
      "invalid_route": 0
    },
    "result": {
      "name": "result_30181_30211",
      "cost": 0,
      "plans": 1,
      "timeout": 120
    }
  },
  "e167": {
    "problem": {
      "name": "problem_30211_30241",
      "time": 0.009,
      "routes": 229,
      "junctions": 104
    },
    "vehicle": {
      "total": 36,
      "scheduled": 30,
      "routed": 30,
      "short_route": 2,
      "invalid_route": 0
    },
    "result": {
      "name": "result_30211_30241",
      "cost": 0,
      "plans": 1,
      "timeout": 120
    }
  },
  "e168": {
    "problem": {
      "name": "problem_30241_30271",
      "time": 0.011,
      "routes": 273,
      "junctions": 117
    },
    "vehicle": {
      "total": 37,
      "scheduled": 30,
      "routed": 30,
      "short_route": 2,
      "invalid_route": 0
    },
    "result": {
      "name": "result_30241_30271",
      "cost": 0,
      "plans": 1,
      "timeout": 120
    }
  },
  "e169": {
    "problem": {
      "name": "problem_30271_30301",
      "time": 0.011,
      "routes": 242,
      "junctions": 111
    },
    "vehicle": {
      "total": 26,
      "scheduled": 22,
      "routed": 22,
      "short_route": 0,
      "invalid_route": 0
    },
    "result": {
      "name": "result_30271_30301",
      "cost": 0,
      "plans": 1,
      "timeout": 120
    }
  },
  "e170": {
    "problem": {
      "name": "problem_30301_30331",
      "time": 0.01,
      "routes": 246,
      "junctions": 117
    },
    "vehicle": {
      "total": 28,
      "scheduled": 22,
      "routed": 22,
      "short_route": 2,
      "invalid_route": 0
    },
    "result": {
      "name": "result_30301_30331",
      "cost": 0,
      "plans": 1,
      "timeout": 120
    }
  },
  "e171": {
    "problem": {
      "name": "problem_30331_30361",
      "time": 0.01,
      "routes": 223,
      "junctions": 95
    },
    "vehicle": {
      "total": 34,
      "scheduled": 27,
      "routed": 27,
      "short_route": 1,
      "invalid_route": 1
    },
    "result": {
      "name": "result_30331_30361",
      "cost": 0,
      "plans": 1,
      "timeout": 120
    }
  },
  "e172": {
    "problem": {
      "name": "problem_30361_30391",
      "time": 0.011,
      "routes": 253,
      "junctions": 114
    },
    "vehicle": {
      "total": 32,
      "scheduled": 25,
      "routed": 25,
      "short_route": 1,
      "invalid_route": 1
    },
    "result": {
      "name": "result_30361_30391",
      "cost": 0,
      "plans": 1,
      "timeout": 120
    }
  },
  "e173": {
    "problem": {
      "name": "problem_30391_30421",
      "time": 0.013,
      "routes": 297,
      "junctions": 122
    },
    "vehicle": {
      "total": 35,
      "scheduled": 31,
      "routed": 31,
      "short_route": 0,
      "invalid_route": 1
    },
    "result": {
      "name": "result_30391_30421",
      "cost": 0,
      "plans": 1,
      "timeout": 120
    }
  },
  "e174": {
    "problem": {
      "name": "problem_30421_30451",
      "time": 0.01,
      "routes": 259,
      "junctions": 116
    },
    "vehicle": {
      "total": 28,
      "scheduled": 23,
      "routed": 23,
      "short_route": 0,
      "invalid_route": 0
    },
    "result": {
      "name": "result_30421_30451",
      "cost": 0,
      "plans": 1,
      "timeout": 120
    }
  },
  "e175": {
    "problem": {
      "name": "problem_30451_30481",
      "time": 0.009,
      "routes": 223,
      "junctions": 99
    },
    "vehicle": {
      "total": 28,
      "scheduled": 21,
      "routed": 21,
      "short_route": 1,
      "invalid_route": 1
    },
    "result": {
      "name": "result_30451_30481",
      "cost": 0,
      "plans": 1,
      "timeout": 120
    }
  },
  "e176": {
    "problem": {
      "name": "problem_30481_30511",
      "time": 0.01,
      "routes": 245,
      "junctions": 110
    },
    "vehicle": {
      "total": 39,
      "scheduled": 35,
      "routed": 35,
      "short_route": 2,
      "invalid_route": 0
    },
    "result": {
      "name": "result_30481_30511",
      "cost": 0,
      "plans": 1,
      "timeout": 120
    }
  },
  "e177": {
    "problem": {
      "name": "problem_30511_30541",
      "time": 0.009,
      "routes": 239,
      "junctions": 115
    },
    "vehicle": {
      "total": 29,
      "scheduled": 23,
      "routed": 23,
      "short_route": 2,
      "invalid_route": 0
    },
    "result": {
      "name": "result_30511_30541",
      "cost": 0,
      "plans": 1,
      "timeout": 120
    }
  },
  "e178": {
    "problem": {
      "name": "problem_30541_30571",
      "time": 0.01,
      "routes": 243,
      "junctions": 112
    },
    "vehicle": {
      "total": 44,
      "scheduled": 38,
      "routed": 38,
      "short_route": 0,
      "invalid_route": 1
    },
    "result": {
      "name": "result_30541_30571",
      "cost": 0,
      "plans": 1,
      "timeout": 120
    }
  },
  "e179": {
    "problem": {
      "name": "problem_30571_30601",
      "time": 0.01,
      "routes": 239,
      "junctions": 113
    },
    "vehicle": {
      "total": 30,
      "scheduled": 27,
      "routed": 27,
      "short_route": 1,
      "invalid_route": 0
    },
    "result": {
      "name": "result_30571_30601",
      "cost": 0,
      "plans": 1,
      "timeout": 120
    }
  },
  "e180": {
    "problem": {
      "name": "problem_30601_30631",
      "time": 0.01,
      "routes": 256,
      "junctions": 116
    },
    "vehicle": {
      "total": 33,
      "scheduled": 29,
      "routed": 29,
      "short_route": 1,
      "invalid_route": 1
    },
    "result": {
      "name": "result_30601_30631",
      "cost": 0,
      "plans": 1,
      "timeout": 120
    }
  },
  "e181": {
    "problem": {
      "name": "problem_30631_30661",
      "time": 0.009,
      "routes": 218,
      "junctions": 111
    },
    "vehicle": {
      "total": 26,
      "scheduled": 19,
      "routed": 19,
      "short_route": 1,
      "invalid_route": 0
    },
    "result": {
      "name": "result_30631_30661",
      "cost": 0,
      "plans": 1,
      "timeout": 120
    }
  },
  "e182": {
    "problem": {
      "name": "problem_30661_30691",
      "time": 0.011,
      "routes": 271,
      "junctions": 121
    },
    "vehicle": {
      "total": 35,
      "scheduled": 29,
      "routed": 29,
      "short_route": 3,
      "invalid_route": 0
    },
    "result": {
      "name": "result_30661_30691",
      "cost": 0,
      "plans": 1,
      "timeout": 120
    }
  },
  "e183": {
    "problem": {
      "name": "problem_30691_30721",
      "time": 0.01,
      "routes": 263,
      "junctions": 119
    },
    "vehicle": {
      "total": 26,
      "scheduled": 20,
      "routed": 20,
      "short_route": 0,
      "invalid_route": 0
    },
    "result": {
      "name": "result_30691_30721",
      "cost": 0,
      "plans": 1,
      "timeout": 120
    }
  },
  "e184": {
    "problem": {
      "name": "problem_30721_30751",
      "time": 0.011,
      "routes": 283,
      "junctions": 126
    },
    "vehicle": {
      "total": 35,
      "scheduled": 30,
      "routed": 30,
      "short_route": 0,
      "invalid_route": 0
    },
    "result": {
      "name": "result_30721_30751",
      "cost": 0,
      "plans": 1,
      "timeout": 120
    }
  },
  "e185": {
    "problem": {
      "name": "problem_30751_30781",
      "time": 0.008,
      "routes": 211,
      "junctions": 109
    },
    "vehicle": {
      "total": 25,
      "scheduled": 18,
      "routed": 18,
      "short_route": 0,
      "invalid_route": 0
    },
    "result": {
      "name": "result_30751_30781",
      "cost": 0,
      "plans": 1,
      "timeout": 120
    }
  },
  "e186": {
    "problem": {
      "name": "problem_30781_30811",
      "time": 0.01,
      "routes": 266,
      "junctions": 116
    },
    "vehicle": {
      "total": 32,
      "scheduled": 25,
      "routed": 25,
      "short_route": 2,
      "invalid_route": 1
    },
    "result": {
      "name": "result_30781_30811",
      "cost": 0,
      "plans": 1,
      "timeout": 120
    }
  },
  "e187": {
    "problem": {
      "name": "problem_30811_30841",
      "time": 0.01,
      "routes": 246,
      "junctions": 112
    },
    "vehicle": {
      "total": 39,
      "scheduled": 32,
      "routed": 32,
      "short_route": 0,
      "invalid_route": 1
    },
    "result": {
      "name": "result_30811_30841",
      "cost": 0,
      "plans": 1,
      "timeout": 120
    }
  },
  "e188": {
    "problem": {
      "name": "problem_30841_30871",
      "time": 0.011,
      "routes": 280,
      "junctions": 122
    },
    "vehicle": {
      "total": 32,
      "scheduled": 29,
      "routed": 29,
      "short_route": 1,
      "invalid_route": 1
    },
    "result": {
      "name": "result_30841_30871",
      "cost": 0,
      "plans": 1,
      "timeout": 120
    }
  },
  "e189": {
    "problem": {
      "name": "problem_30871_30901",
      "time": 0.01,
      "routes": 241,
      "junctions": 106
    },
    "vehicle": {
      "total": 37,
      "scheduled": 33,
      "routed": 33,
      "short_route": 1,
      "invalid_route": 0
    },
    "result": {
      "name": "result_30871_30901",
      "cost": 0,
      "plans": 1,
      "timeout": 120
    }
  },
  "e190": {
    "problem": {
      "name": "problem_30901_30931",
      "time": 0.008,
      "routes": 203,
      "junctions": 111
    },
    "vehicle": {
      "total": 30,
      "scheduled": 24,
      "routed": 24,
      "short_route": 1,
      "invalid_route": 1
    },
    "result": {
      "name": "result_30901_30931",
      "cost": 0,
      "plans": 1,
      "timeout": 120
    }
  },
  "e191": {
    "problem": {
      "name": "problem_30931_30961",
      "time": 0.011,
      "routes": 277,
      "junctions": 119
    },
    "vehicle": {
      "total": 34,
      "scheduled": 27,
      "routed": 27,
      "short_route": 1,
      "invalid_route": 1
    },
    "result": {
      "name": "result_30931_30961",
      "cost": 0,
      "plans": 1,
      "timeout": 120
    }
  },
  "e192": {
    "problem": {
      "name": "problem_30961_30991",
      "time": 0.011,
      "routes": 256,
      "junctions": 114
    },
    "vehicle": {
      "total": 41,
      "scheduled": 35,
      "routed": 35,
      "short_route": 0,
      "invalid_route": 1
    },
    "result": {
      "name": "result_30961_30991",
      "cost": 0,
      "plans": 1,
      "timeout": 120
    }
  },
  "e193": {
    "problem": {
      "name": "problem_30991_31021",
      "time": 0.01,
      "routes": 248,
      "junctions": 110
    },
    "vehicle": {
      "total": 33,
      "scheduled": 28,
      "routed": 28,
      "short_route": 1,
      "invalid_route": 0
    },
    "result": {
      "name": "result_30991_31021",
      "cost": 0,
      "plans": 1,
      "timeout": 120
    }
  },
  "e194": {
    "problem": {
      "name": "problem_31021_31051",
      "time": 0.008,
      "routes": 214,
      "junctions": 115
    },
    "vehicle": {
      "total": 22,
      "scheduled": 17,
      "routed": 17,
      "short_route": 2,
      "invalid_route": 0
    },
    "result": {
      "name": "result_31021_31051",
      "cost": 0,
      "plans": 1,
      "timeout": 120
    }
  },
  "e195": {
    "problem": {
      "name": "problem_31051_31081",
      "time": 0.01,
      "routes": 231,
      "junctions": 107
    },
    "vehicle": {
      "total": 32,
      "scheduled": 27,
      "routed": 27,
      "short_route": 0,
      "invalid_route": 1
    },
    "result": {
      "name": "result_31051_31081",
      "cost": 0,
      "plans": 1,
      "timeout": 120
    }
  },
  "e196": {
    "problem": {
      "name": "problem_31081_31111",
      "time": 0.011,
      "routes": 280,
      "junctions": 122
    },
    "vehicle": {
      "total": 36,
      "scheduled": 27,
      "routed": 27,
      "short_route": 1,
      "invalid_route": 3
    },
    "result": {
      "name": "result_31081_31111",
      "cost": 0,
      "plans": 1,
      "timeout": 120
    }
  },
  "e197": {
    "problem": {
      "name": "problem_31111_31141",
      "time": 0.01,
      "routes": 259,
      "junctions": 119
    },
    "vehicle": {
      "total": 27,
      "scheduled": 26,
      "routed": 26,
      "short_route": 0,
      "invalid_route": 0
    },
    "result": {
      "name": "result_31111_31141",
      "cost": 0,
      "plans": 1,
      "timeout": 120
    }
  },
  "e198": {
    "problem": {
      "name": "problem_31141_31171",
      "time": 0.01,
      "routes": 244,
      "junctions": 117
    },
    "vehicle": {
      "total": 28,
      "scheduled": 25,
      "routed": 25,
      "short_route": 1,
      "invalid_route": 0
    },
    "result": {
      "name": "result_31141_31171",
      "cost": 0,
      "plans": 1,
      "timeout": 120
    }
  },
  "e199": {
    "problem": {
      "name": "problem_31171_31201",
      "time": 0.01,
      "routes": 269,
      "junctions": 118
    },
    "vehicle": {
      "total": 27,
      "scheduled": 22,
      "routed": 22,
      "short_route": 1,
      "invalid_route": 0
    },
    "result": {
      "name": "result_31171_31201",
      "cost": 0,
      "plans": 1,
      "timeout": 120
    }
  },
  "e200": {
    "problem": {
      "name": "problem_31201_31231",
      "time": 0.009,
      "routes": 258,
      "junctions": 116
    },
    "vehicle": {
      "total": 21,
      "scheduled": 18,
      "routed": 18,
      "short_route": 1,
      "invalid_route": 0
    },
    "result": {
      "name": "result_31201_31231",
      "cost": 0,
      "plans": 1,
      "timeout": 120
    }
  },
  "e201": {
    "problem": {
      "name": "problem_31231_31261",
      "time": 0.011,
      "routes": 268,
      "junctions": 125
    },
    "vehicle": {
      "total": 41,
      "scheduled": 35,
      "routed": 35,
      "short_route": 2,
      "invalid_route": 1
    },
    "result": {
      "name": "result_31231_31261",
      "cost": 0,
      "plans": 1,
      "timeout": 120
    }
  },
  "e202": {
    "problem": {
      "name": "problem_31261_31291",
      "time": 0.011,
      "routes": 270,
      "junctions": 119
    },
    "vehicle": {
      "total": 46,
      "scheduled": 41,
      "routed": 41,
      "short_route": 2,
      "invalid_route": 0
    },
    "result": {
      "name": "result_31261_31291",
      "cost": 0,
      "plans": 1,
      "timeout": 120
    }
  },
  "e203": {
    "problem": {
      "name": "problem_31291_31321",
      "time": 0.009,
      "routes": 236,
      "junctions": 110
    },
    "vehicle": {
      "total": 26,
      "scheduled": 21,
      "routed": 21,
      "short_route": 1,
      "invalid_route": 0
    },
    "result": {
      "name": "result_31291_31321",
      "cost": 0,
      "plans": 1,
      "timeout": 120
    }
  },
  "e204": {
    "problem": {
      "name": "problem_31321_31351",
      "time": 0.01,
      "routes": 253,
      "junctions": 116
    },
    "vehicle": {
      "total": 35,
      "scheduled": 25,
      "routed": 25,
      "short_route": 1,
      "invalid_route": 2
    },
    "result": {
      "name": "result_31321_31351",
      "cost": 0,
      "plans": 1,
      "timeout": 120
    }
  },
  "e205": {
    "problem": {
      "name": "problem_31351_31381",
      "time": 0.01,
      "routes": 261,
      "junctions": 118
    },
    "vehicle": {
      "total": 32,
      "scheduled": 29,
      "routed": 29,
      "short_route": 1,
      "invalid_route": 0
    },
    "result": {
      "name": "result_31351_31381",
      "cost": 0,
      "plans": 1,
      "timeout": 120
    }
  },
  "e206": {
    "problem": {
      "name": "problem_31381_31411",
      "time": 0.011,
      "routes": 271,
      "junctions": 118
    },
    "vehicle": {
      "total": 32,
      "scheduled": 30,
      "routed": 30,
      "short_route": 1,
      "invalid_route": 0
    },
    "result": {
      "name": "result_31381_31411",
      "cost": 0,
      "plans": 1,
      "timeout": 120
    }
  },
  "e207": {
    "problem": {
      "name": "problem_31411_31441",
      "time": 0.009,
      "routes": 238,
      "junctions": 113
    },
    "vehicle": {
      "total": 28,
      "scheduled": 22,
      "routed": 22,
      "short_route": 2,
      "invalid_route": 0
    },
    "result": {
      "name": "result_31411_31441",
      "cost": 0,
      "plans": 1,
      "timeout": 120
    }
  },
  "e208": {
    "problem": {
      "name": "problem_31441_31471",
      "time": 0.011,
      "routes": 283,
      "junctions": 123
    },
    "vehicle": {
      "total": 31,
      "scheduled": 27,
      "routed": 27,
      "short_route": 1,
      "invalid_route": 1
    },
    "result": {
      "name": "result_31441_31471",
      "cost": 0,
      "plans": 1,
      "timeout": 120
    }
  },
  "e209": {
    "problem": {
      "name": "problem_31471_31501",
      "time": 0.011,
      "routes": 282,
      "junctions": 120
    },
    "vehicle": {
      "total": 42,
      "scheduled": 35,
      "routed": 35,
      "short_route": 0,
      "invalid_route": 3
    },
    "result": {
      "name": "result_31471_31501",
      "cost": 0,
      "plans": 1,
      "timeout": 120
    }
  },
  "e210": {
    "problem": {
      "name": "problem_31501_31531",
      "time": 0.011,
      "routes": 282,
      "junctions": 119
    },
    "vehicle": {
      "total": 30,
      "scheduled": 24,
      "routed": 24,
      "short_route": 0,
      "invalid_route": 0
    },
    "result": {
      "name": "result_31501_31531",
      "cost": 0,
      "plans": 1,
      "timeout": 120
    }
  },
  "e211": {
    "problem": {
      "name": "problem_31531_31561",
      "time": 0.01,
      "routes": 259,
      "junctions": 115
    },
    "vehicle": {
      "total": 20,
      "scheduled": 17,
      "routed": 17,
      "short_route": 0,
      "invalid_route": 0
    },
    "result": {
      "name": "result_31531_31561",
      "cost": 0,
      "plans": 1,
      "timeout": 120
    }
  },
  "e212": {
    "problem": {
      "name": "problem_31561_31591",
      "time": 0.009,
      "routes": 231,
      "junctions": 112
    },
    "vehicle": {
      "total": 24,
      "scheduled": 19,
      "routed": 19,
      "short_route": 0,
      "invalid_route": 0
    },
    "result": {
      "name": "result_31561_31591",
      "cost": 0,
      "plans": 1,
      "timeout": 120
    }
  },
  "e213": {
    "problem": {
      "name": "problem_31591_31621",
      "time": 0.011,
      "routes": 280,
      "junctions": 117
    },
    "vehicle": {
      "total": 38,
      "scheduled": 30,
      "routed": 30,
      "short_route": 2,
      "invalid_route": 1
    },
    "result": {
      "name": "result_31591_31621",
      "cost": 0,
      "plans": 1,
      "timeout": 120
    }
  },
  "e214": {
    "problem": {
      "name": "problem_31621_31651",
      "time": 0.01,
      "routes": 244,
      "junctions": 113
    },
    "vehicle": {
      "total": 30,
      "scheduled": 26,
      "routed": 26,
      "short_route": 0,
      "invalid_route": 0
    },
    "result": {
      "name": "result_31621_31651",
      "cost": 0,
      "plans": 1,
      "timeout": 120
    }
  },
  "e215": {
    "problem": {
      "name": "problem_31651_31681",
      "time": 0.01,
      "routes": 244,
      "junctions": 112
    },
    "vehicle": {
      "total": 40,
      "scheduled": 31,
      "routed": 31,
      "short_route": 0,
      "invalid_route": 0
    },
    "result": {
      "name": "result_31651_31681",
      "cost": 0,
      "plans": 1,
      "timeout": 120
    }
  },
  "e216": {
    "problem": {
      "name": "problem_31681_31711",
      "time": 0.009,
      "routes": 231,
      "junctions": 109
    },
    "vehicle": {
      "total": 26,
      "scheduled": 22,
      "routed": 22,
      "short_route": 0,
      "invalid_route": 1
    },
    "result": {
      "name": "result_31681_31711",
      "cost": 0,
      "plans": 1,
      "timeout": 120
    }
  },
  "e217": {
    "problem": {
      "name": "problem_31711_31741",
      "time": 0.009,
      "routes": 239,
      "junctions": 114
    },
    "vehicle": {
      "total": 19,
      "scheduled": 18,
      "routed": 18,
      "short_route": 0,
      "invalid_route": 0
    },
    "result": {
      "name": "result_31711_31741",
      "cost": 0,
      "plans": 1,
      "timeout": 120
    }
  },
  "e218": {
    "problem": {
      "name": "problem_31741_31771",
      "time": 0.009,
      "routes": 244,
      "junctions": 114
    },
    "vehicle": {
      "total": 27,
      "scheduled": 24,
      "routed": 24,
      "short_route": 0,
      "invalid_route": 0
    },
    "result": {
      "name": "result_31741_31771",
      "cost": 0,
      "plans": 1,
      "timeout": 120
    }
  },
  "e219": {
    "problem": {
      "name": "problem_31771_31801",
      "time": 0.01,
      "routes": 257,
      "junctions": 115
    },
    "vehicle": {
      "total": 37,
      "scheduled": 27,
      "routed": 27,
      "short_route": 2,
      "invalid_route": 1
    },
    "result": {
      "name": "result_31771_31801",
      "cost": 0,
      "plans": 1,
      "timeout": 120
    }
  },
  "e220": {
    "problem": {
      "name": "problem_31801_31831",
      "time": 0.01,
      "routes": 258,
      "junctions": 113
    },
    "vehicle": {
      "total": 36,
      "scheduled": 26,
      "routed": 26,
      "short_route": 1,
      "invalid_route": 1
    },
    "result": {
      "name": "result_31801_31831",
      "cost": 0,
      "plans": 1,
      "timeout": 120
    }
  },
  "e221": {
    "problem": {
      "name": "problem_31831_31861",
      "time": 0.009,
      "routes": 236,
      "junctions": 112
    },
    "vehicle": {
      "total": 28,
      "scheduled": 23,
      "routed": 23,
      "short_route": 3,
      "invalid_route": 0
    },
    "result": {
      "name": "result_31831_31861",
      "cost": 0,
      "plans": 1,
      "timeout": 120
    }
  },
  "e222": {
    "problem": {
      "name": "problem_31861_31891",
      "time": 0.01,
      "routes": 265,
      "junctions": 119
    },
    "vehicle": {
      "total": 33,
      "scheduled": 30,
      "routed": 30,
      "short_route": 0,
      "invalid_route": 1
    },
    "result": {
      "name": "result_31861_31891",
      "cost": 0,
      "plans": 1,
      "timeout": 120
    }
  },
  "e223": {
    "problem": {
      "name": "problem_31891_31921",
      "time": 0.011,
      "routes": 297,
      "junctions": 121
    },
    "vehicle": {
      "total": 31,
      "scheduled": 26,
      "routed": 26,
      "short_route": 0,
      "invalid_route": 2
    },
    "result": {
      "name": "result_31891_31921",
      "cost": 0,
      "plans": 1,
      "timeout": 120
    }
  },
  "e224": {
    "problem": {
      "name": "problem_31921_31951",
      "time": 0.011,
      "routes": 275,
      "junctions": 117
    },
    "vehicle": {
      "total": 33,
      "scheduled": 28,
      "routed": 28,
      "short_route": 2,
      "invalid_route": 0
    },
    "result": {
      "name": "result_31921_31951",
      "cost": 0,
      "plans": 1,
      "timeout": 120
    }
  },
  "e225": {
    "problem": {
      "name": "problem_31951_31981",
      "time": 0.011,
      "routes": 270,
      "junctions": 115
    },
    "vehicle": {
      "total": 33,
      "scheduled": 27,
      "routed": 27,
      "short_route": 1,
      "invalid_route": 2
    },
    "result": {
      "name": "result_31951_31981",
      "cost": 0,
      "plans": 1,
      "timeout": 120
    }
  },
  "e226": {
    "problem": {
      "name": "problem_31981_32011",
      "time": 0.01,
      "routes": 261,
      "junctions": 116
    },
    "vehicle": {
      "total": 33,
      "scheduled": 28,
      "routed": 28,
      "short_route": 1,
      "invalid_route": 0
    },
    "result": {
      "name": "result_31981_32011",
      "cost": 0,
      "plans": 1,
      "timeout": 120
    }
  },
  "e227": {
    "problem": {
      "name": "problem_32011_32041",
      "time": 0.008,
      "routes": 203,
      "junctions": 96
    },
    "vehicle": {
      "total": 23,
      "scheduled": 16,
      "routed": 16,
      "short_route": 2,
      "invalid_route": 0
    },
    "result": {
      "name": "result_32011_32041",
      "cost": 0,
      "plans": 1,
      "timeout": 120
    }
  },
  "e228": {
    "problem": {
      "name": "problem_32041_32071",
      "time": 0.01,
      "routes": 243,
      "junctions": 116
    },
    "vehicle": {
      "total": 30,
      "scheduled": 23,
      "routed": 23,
      "short_route": 1,
      "invalid_route": 0
    },
    "result": {
      "name": "result_32041_32071",
      "cost": 0,
      "plans": 1,
      "timeout": 120
    }
  },
  "e229": {
    "problem": {
      "name": "problem_32071_32101",
      "time": 0.011,
      "routes": 272,
      "junctions": 116
    },
    "vehicle": {
      "total": 33,
      "scheduled": 30,
      "routed": 30,
      "short_route": 0,
      "invalid_route": 0
    },
    "result": {
      "name": "result_32071_32101",
      "cost": 0,
      "plans": 1,
      "timeout": 120
    }
  },
  "e230": {
    "problem": {
      "name": "problem_32101_32131",
      "time": 0.01,
      "routes": 260,
      "junctions": 116
    },
    "vehicle": {
      "total": 25,
      "scheduled": 20,
      "routed": 20,
      "short_route": 1,
      "invalid_route": 0
    },
    "result": {
      "name": "result_32101_32131",
      "cost": 0,
      "plans": 1,
      "timeout": 120
    }
  },
  "e231": {
    "problem": {
      "name": "problem_32131_32161",
      "time": 0.009,
      "routes": 261,
      "junctions": 113
    },
    "vehicle": {
      "total": 27,
      "scheduled": 22,
      "routed": 22,
      "short_route": 2,
      "invalid_route": 0
    },
    "result": {
      "name": "result_32131_32161",
      "cost": 0,
      "plans": 1,
      "timeout": 120
    }
  },
  "e232": {
    "problem": {
      "name": "problem_32161_32191",
      "time": 0.01,
      "routes": 264,
      "junctions": 112
    },
    "vehicle": {
      "total": 35,
      "scheduled": 27,
      "routed": 27,
      "short_route": 3,
      "invalid_route": 0
    },
    "result": {
      "name": "result_32161_32191",
      "cost": 0,
      "plans": 1,
      "timeout": 120
    }
  },
  "e233": {
    "problem": {
      "name": "problem_32191_32221",
      "time": 0.011,
      "routes": 267,
      "junctions": 114
    },
    "vehicle": {
      "total": 34,
      "scheduled": 30,
      "routed": 30,
      "short_route": 0,
      "invalid_route": 1
    },
    "result": {
      "name": "result_32191_32221",
      "cost": 0,
      "plans": 1,
      "timeout": 120
    }
  },
  "e234": {
    "problem": {
      "name": "problem_32221_32251",
      "time": 0.009,
      "routes": 236,
      "junctions": 110
    },
    "vehicle": {
      "total": 30,
      "scheduled": 23,
      "routed": 23,
      "short_route": 2,
      "invalid_route": 1
    },
    "result": {
      "name": "result_32221_32251",
      "cost": 0,
      "plans": 1,
      "timeout": 120
    }
  },
  "e235": {
    "problem": {
      "name": "problem_32251_32281",
      "time": 0.009,
      "routes": 213,
      "junctions": 95
    },
    "vehicle": {
      "total": 34,
      "scheduled": 25,
      "routed": 25,
      "short_route": 3,
      "invalid_route": 0
    },
    "result": {
      "name": "result_32251_32281",
      "cost": 0,
      "plans": 1,
      "timeout": 120
    }
  },
  "e236": {
    "problem": {
      "name": "problem_32281_32311",
      "time": 0.011,
      "routes": 279,
      "junctions": 118
    },
    "vehicle": {
      "total": 32,
      "scheduled": 26,
      "routed": 26,
      "short_route": 0,
      "invalid_route": 2
    },
    "result": {
      "name": "result_32281_32311",
      "cost": 0,
      "plans": 1,
      "timeout": 120
    }
  },
  "e237": {
    "problem": {
      "name": "problem_32311_32341",
      "time": 0.009,
      "routes": 232,
      "junctions": 110
    },
    "vehicle": {
      "total": 21,
      "scheduled": 17,
      "routed": 17,
      "short_route": 0,
      "invalid_route": 2
    },
    "result": {
      "name": "result_32311_32341",
      "cost": 0,
      "plans": 1,
      "timeout": 120
    }
  },
  "e238": {
    "problem": {
      "name": "problem_32341_32371",
      "time": 0.009,
      "routes": 241,
      "junctions": 117
    },
    "vehicle": {
      "total": 23,
      "scheduled": 19,
      "routed": 19,
      "short_route": 0,
      "invalid_route": 0
    },
    "result": {
      "name": "result_32341_32371",
      "cost": 0,
      "plans": 1,
      "timeout": 120
    }
  },
  "e239": {
    "problem": {
      "name": "problem_32371_32401",
      "time": 0.011,
      "routes": 284,
      "junctions": 124
    },
    "vehicle": {
      "total": 32,
      "scheduled": 24,
      "routed": 24,
      "short_route": 1,
      "invalid_route": 0
    },
    "result": {
      "name": "result_32371_32401",
      "cost": 0,
      "plans": 1,
      "timeout": 120
    }
  }
}