<?xml version="1.0" encoding="UTF-8"?>

<!-- generated on 2024-10-24 10:16:09 by Eclipse SUMO sumo Version 1.18.0
<configuration xmlns:xsi="http://www.w3.org/2001/XMLSchema-instance" xsi:noNamespaceSchemaLocation="http://sumo.dlr.de/xsd/sumoConfiguration.xsd">

    <input>
        <net-file value="/home/svadlmat/UTC/utc/data/scenarios/lust_25200_32400_planned/config/../../../maps/sumo/lust.net.xml"/>
        <additional-files value="/home/svadlmat/UTC/utc/data/scenarios/lust_25200_32400_planned/config/../../lust_25200_32400_planned/additional/lust_25200_32400_planned.rou.xml,/home/svadlmat/UTC/utc/data/scenarios/lust_25200_32400_planned/config/../../lust_25200_32400_planned/additional/lust_25200_32400_planned_vehicles.add.xml,/home/svadlmat/UTC/utc/data/scenarios/lust_25200_32400_planned/config/../../Lust/additional/tll.static.xml"/>
    </input>

    <output>
        <statistic-output value="stats_full.xml"/>
    </output>

    <time>
        <begin value="25200"/>
        <step-length value="0.5"/>
    </time>

    <report>
        <no-warnings value="true"/>
        <duration-log.statistics value="true"/>
    </report>

</configuration>
-->

<statistics xmlns:xsi="http://www.w3.org/2001/XMLSchema-instance" xsi:noNamespaceSchemaLocation="http://sumo.dlr.de/xsd/statistic_file.xsd">
    <performance clockBegin="1729757769.18" clockEnd="1729759155.86" clockDuration="1386.68" traciDuration="1050.61" realTimeFactor="19.74" vehicleUpdatesPerSecond="94059.21" personUpdatesPerSecond="0.00" begin="25200.00" end="52579.00" duration="27379.00"/>
    <vehicles loaded="49414" inserted="49414" running="0" waiting="0"/>
    <teleports total="2712" jam="1338" yield="1145" wrongLane="219"/>
    <safety collisions="10" emergencyStops="0" emergencyBraking="1033"/>
    <persons loaded="0" running="0" jammed="0"/>
    <personTeleports total="0" abortWait="0" wrongDest="0"/>
    <vehicleTripStatistics count="49414" routeLength="9130.45" speed="11.41" duration="1319.77" waitingTime="681.38" timeLoss="856.59" departDelay="348.88" departDelayWaiting="-1.00" totalTravelTime="65215008.00" totalDepartDelay="17239372.50"/>
    <pedestrianStatistics number="0" routeLength="0.00" duration="0.00" timeLoss="0.00"/>
    <rideStatistics number="0"/>
    <transportStatistics number="0"/>
</statistics>
