<?xml version="1.0" encoding="UTF-8"?>

<!-- generated on 2024-10-24 10:16:08 by Eclipse SUMO sumo Version 1.18.0
<configuration xmlns:xsi="http://www.w3.org/2001/XMLSchema-instance" xsi:noNamespaceSchemaLocation="http://sumo.dlr.de/xsd/sumoConfiguration.xsd">

    <input>
        <net-file value="/home/svadlmat/UTC/utc/data/scenarios/lust_25200_32400_planned/config/../../../maps/sumo/lust.net.xml"/>
        <additional-files value="/home/svadlmat/UTC/utc/data/scenarios/lust_25200_32400_planned/config/../../lust_25200_32400_planned/additional/lust_25200_32400_planned.rou.xml,/home/svadlmat/UTC/utc/data/scenarios/lust_25200_32400_planned/config/../../lust_25200_32400_planned/additional/lust_25200_32400_planned_vehicles.add.xml,/home/svadlmat/UTC/utc/data/scenarios/lust_25200_32400_planned/config/../../Lust/additional/tll.static.xml"/>
    </input>

    <output>
        <statistic-output value="stats_routed.xml"/>
    </output>

    <time>
        <begin value="25200"/>
        <end value="32400"/>
        <step-length value="0.5"/>
    </time>

    <routing>
        <device.rerouting.probability value="1"/>
        <device.rerouting.pre-period value="30"/>
        <device.rerouting.threads value="8"/>
    </routing>

    <report>
        <no-warnings value="true"/>
        <duration-log.statistics value="true"/>
    </report>

</configuration>
-->

<statistics xmlns:xsi="http://www.w3.org/2001/XMLSchema-instance" xsi:noNamespaceSchemaLocation="http://sumo.dlr.de/xsd/statistic_file.xsd">
    <performance clockBegin="1729757769.08" clockEnd="1729758651.76" clockDuration="882.69" traciDuration="41.38" realTimeFactor="8.16" vehicleUpdatesPerSecond="77558.25" personUpdatesPerSecond="0.00" begin="25200.00" end="32400.00" duration="7200.00"/>
    <vehicles loaded="49414" inserted="48280" running="5093" waiting="1130"/>
    <teleports total="450" jam="230" yield="198" wrongLane="20"/>
    <safety collisions="2" emergencyStops="0" emergencyBraking="634"/>
    <persons loaded="0" running="0" jammed="0"/>
    <personTeleports total="0" abortWait="0" wrongDest="0"/>
    <vehicleTripStatistics count="43187" routeLength="8699.16" speed="12.01" duration="689.61" waitingTime="156.65" timeLoss="248.22" departDelay="38.87" departDelayWaiting="-1.00" totalTravelTime="29782338.00" totalDepartDelay="1678723.00"/>
    <pedestrianStatistics number="0" routeLength="0.00" duration="0.00" timeLoss="0.00"/>
    <rideStatistics number="0"/>
    <transportStatistics number="0"/>
</statistics>
