<?xml version="1.0" encoding="UTF-8"?>

<!-- generated on 2024-10-24 10:16:08 by Eclipse SUMO sumo Version 1.18.0
<configuration xmlns:xsi="http://www.w3.org/2001/XMLSchema-instance" xsi:noNamespaceSchemaLocation="http://sumo.dlr.de/xsd/sumoConfiguration.xsd">

    <input>
        <net-file value="/home/svadlmat/UTC/utc/data/scenarios/lust_25200_32400_planned/config/../../../maps/sumo/lust.net.xml"/>
        <additional-files value="/home/svadlmat/UTC/utc/data/scenarios/lust_25200_32400_planned/config/../../lust_25200_32400_planned/additional/lust_25200_32400_planned.rou.xml,/home/svadlmat/UTC/utc/data/scenarios/lust_25200_32400_planned/config/../../lust_25200_32400_planned/additional/lust_25200_32400_planned_vehicles.add.xml,/home/svadlmat/UTC/utc/data/scenarios/lust_25200_32400_planned/config/../../Lust/additional/tll.static.xml"/>
    </input>

    <output>
        <statistic-output value="stats.xml"/>
    </output>

    <time>
        <begin value="25200"/>
        <end value="32400"/>
        <step-length value="0.5"/>
    </time>

    <report>
        <no-warnings value="true"/>
        <duration-log.statistics value="true"/>
    </report>

</configuration>
-->

<statistics xmlns:xsi="http://www.w3.org/2001/XMLSchema-instance" xsi:noNamespaceSchemaLocation="http://sumo.dlr.de/xsd/statistic_file.xsd">
    <performance clockBegin="1729757769.13" clockEnd="1729758547.79" clockDuration="778.66" traciDuration="77.58" realTimeFactor="9.25" vehicleUpdatesPerSecond="88240.36" personUpdatesPerSecond="0.00" begin="25200.00" end="32400.00" duration="7200.00"/>
    <vehicles loaded="49414" inserted="46014" running="6283" waiting="3396"/>
    <teleports total="647" jam="314" yield="259" wrongLane="65"/>
    <safety collisions="9" emergencyStops="0" emergencyBraking="819"/>
    <persons loaded="0" running="0" jammed="0"/>
    <personTeleports total="0" abortWait="0" wrongDest="0"/>
    <vehicleTripStatistics count="39731" routeLength="8918.55" speed="11.69" duration="674.08" waitingTime="110.00" timeLoss="221.24" departDelay="66.72" departDelayWaiting="-1.00" totalTravelTime="26781905.00" totalDepartDelay="2650835.00"/>
    <pedestrianStatistics number="0" routeLength="0.00" duration="0.00" timeLoss="0.00"/>
    <rideStatistics number="0"/>
    <transportStatistics number="0"/>
</statistics>
