name,loaded,inserted,running,waiting,total,jam,yield lane,wrong lane,collisions,stops,braking,vehicles,routeLength,speed,duration,waiting time,timeLoss,departDelay,total travel time,total depart delay
stats,6576,6576,651,0,0,0,0,0,0,0,48,5925,6945.35,10.41,670.67,137.81,212.21,0.17,3973724.00,1037.50
stats_full,6576,6576,0,0,0,0,0,0,0,0,53,6576,7079.56,10.41,683.75,140.34,215.71,0.17,4496310.00,1092.50
stats_full_routed,6576,6576,0,0,0,0,0,0,0,0,55,6576,6925.49,10.58,665.64,171.97,241.02,0.15,4377257.50,996.00
stats_routed,6576,6576,593,0,0,0,0,0,0,0,50,5983,6870.61,10.52,659.14,169.80,238.40,0.12,3943611.00,739.50
