name,loaded,inserted,running,waiting,total,jam,yield lane,wrong lane,collisions,stops,braking,vehicles,routeLength,speed,duration,waiting time,timeLoss,departDelay,total travel time,total depart delay
stats,7590,7588,748,0,2,0,0,0,2,0,127,6840,8550.50,11.43,758.29,121.37,206.76,0.08,5186728.00,527.00
stats_full,7590,7590,0,0,2,0,0,0,2,0,134,7590,8612.82,11.44,763.85,122.01,207.08,0.07,5797631.00,547.50
stats_full_routed,7590,7590,0,0,2,0,0,0,2,0,108,7590,8110.12,10.88,772.16,177.64,261.40,0.03,5860733.00,201.50
stats_routed,7590,7588,756,0,3,0,1,0,2,0,108,6832,8065.74,10.99,763.63,174.59,257.76,0.02,5217158.00,144.50
