name,loaded,inserted,running,waiting,total,jam,yield lane,wrong lane,collisions,stops,braking,vehicles,routeLength,speed,duration,waiting time,timeLoss,departDelay,total travel time,total depart delay
stats,10778,10488,1922,290,1546,977,411,154,4,0,125,8566,2202.51,5.15,733.80,404.05,493.56,78.53,6285739.00,672734.50
stats_full,10778,10778,0,0,1793,1126,482,181,4,0,148,10778,2262.10,4.47,1141.66,769.86,889.85,154.69,12304807.00,1667311.97
stats_full_routed,10778,10778,0,0,132,64,52,9,7,0,121,10778,2115.38,6.60,377.14,114.16,167.33,64.51,4064797.00,695314.47
stats_routed,10778,10778,115,0,132,64,52,9,7,0,121,10663,2112.10,6.58,378.04,115.02,168.41,65.21,4031088.50,695302.30
