<?xml version="1.0" encoding="UTF-8"?>

<!-- generated on 2024-09-01 20:07:26 by Eclipse SUMO sumo Version 1.18.0
<configuration xmlns:xsi="http://www.w3.org/2001/XMLSchema-instance" xsi:noNamespaceSchemaLocation="http://sumo.dlr.de/xsd/sumoConfiguration.xsd">

    <input>
        <net-file value="/home/svadlmat/UTC/utc/data/scenarios/itsc_25200_32400_orange_planned/config/../../../maps/sumo/DCC.net.xml"/>
        <additional-files value="/home/svadlmat/UTC/utc/data/scenarios/itsc_25200_32400_orange_planned/config/   ../../itsc_25200_32400_orange_planned/additional/itsc_25200_32400_orange_planned.rou.xml,/home/svadlmat/UTC/utc/data/scenarios/itsc_25200_32400_orange_planned/config/   ../../itsc_25200_32400_orange_planned/additional/itsc_25200_32400_orange_planned_vehicles.add.xml,/home/svadlmat/UTC/utc/data/scenarios/itsc_25200_32400_orange_planned/config/   ../../Base/DCC_trafficlights.add.xml"/>
    </input>

    <output>
        <statistic-output value="stats_full.xml"/>
    </output>

    <time>
        <begin value="25200"/>
        <step-length value="0.5"/>
    </time>

    <report>
        <no-warnings value="true"/>
        <duration-log.statistics value="true"/>
    </report>

</configuration>
-->

<statistics xmlns:xsi="http://www.w3.org/2001/XMLSchema-instance" xsi:noNamespaceSchemaLocation="http://sumo.dlr.de/xsd/statistic_file.xsd">
    <performance clockBegin="1725214046.47" clockEnd="1725214275.82" clockDuration="229.34" traciDuration="138.32" realTimeFactor="43.88" vehicleUpdatesPerSecond="107305.33" personUpdatesPerSecond="0.00" begin="25200.00" end="35264.00" duration="10064.00"/>
    <vehicles loaded="10778" inserted="10778" running="0" waiting="0"/>
    <teleports total="1793" jam="1126" yield="482" wrongLane="181"/>
    <safety collisions="4" emergencyStops="0" emergencyBraking="148"/>
    <persons loaded="0" running="0" jammed="0"/>
    <personTeleports total="0" abortWait="0" wrongDest="0"/>
    <vehicleTripStatistics count="10778" routeLength="2262.10" speed="4.47" duration="1141.66" waitingTime="769.86" timeLoss="889.85" departDelay="154.69" departDelayWaiting="-1.00" totalTravelTime="12304807.00" totalDepartDelay="1667311.97"/>
    <pedestrianStatistics number="0" routeLength="0.00" duration="0.00" timeLoss="0.00"/>
    <rideStatistics number="0"/>
    <transportStatistics number="0"/>
</statistics>
