<?xml version="1.0" encoding="UTF-8"?>

<!-- generated on 2024-10-10 11:04:33 by Eclipse SUMO sumo Version 1.18.0
<configuration xmlns:xsi="http://www.w3.org/2001/XMLSchema-instance" xsi:noNamespaceSchemaLocation="http://sumo.dlr.de/xsd/sumoConfiguration.xsd">

    <input>
        <net-file value="/home/svadlmat/UTC/utc/data/scenarios/lust_25200_32400_planned/config/../../../maps/sumo/lust.net.xml"/>
        <additional-files value="/home/svadlmat/UTC/utc/data/scenarios/lust_25200_32400_planned/config/../../lust_25200_32400_planned/additional/lust_25200_32400_planned.rou.xml,/home/svadlmat/UTC/utc/data/scenarios/lust_25200_32400_planned/config/../../lust_25200_32400_planned/additional/lust_25200_32400_planned_vehicles.add.xml,/home/svadlmat/UTC/utc/data/scenarios/lust_25200_32400_planned/config/../../Lust/additional/tll.static.xml"/>
    </input>

    <output>
        <statistic-output value="stats_full.xml"/>
    </output>

    <time>
        <begin value="25200"/>
        <step-length value="0.5"/>
    </time>

    <report>
        <no-warnings value="true"/>
        <duration-log.statistics value="true"/>
    </report>

</configuration>
-->

<statistics xmlns:xsi="http://www.w3.org/2001/XMLSchema-instance" xsi:noNamespaceSchemaLocation="http://sumo.dlr.de/xsd/statistic_file.xsd">
    <performance clockBegin="1728551073.20" clockEnd="1728552419.22" clockDuration="1346.02" traciDuration="1063.79" realTimeFactor="20.16" vehicleUpdatesPerSecond="96004.37" personUpdatesPerSecond="0.00" begin="25200.00" end="52338.50" duration="27138.50"/>
    <vehicles loaded="49414" inserted="49414" running="0" waiting="0"/>
    <teleports total="2332" jam="1168" yield="983" wrongLane="174"/>
    <safety collisions="7" emergencyStops="0" emergencyBraking="1016"/>
    <persons loaded="0" running="0" jammed="0"/>
    <personTeleports total="0" abortWait="0" wrongDest="0"/>
    <vehicleTripStatistics count="49414" routeLength="9130.63" speed="11.37" duration="1307.56" waitingTime="675.67" timeLoss="846.09" departDelay="368.77" departDelayWaiting="-1.00" totalTravelTime="64611659.50" totalDepartDelay="18222220.50"/>
    <pedestrianStatistics number="0" routeLength="0.00" duration="0.00" timeLoss="0.00"/>
    <rideStatistics number="0"/>
    <transportStatistics number="0"/>
</statistics>
