name,loaded,inserted,running,waiting,total,jam,yield lane,wrong lane,collisions,stops,braking,vehicles,routeLength,speed,duration,waiting time,timeLoss,departDelay,total travel time,total depart delay
stats,10778,10128,2405,650,2155,1332,603,209,11,0,91,7723,2200.61,5.21,716.14,385.72,466.06,61.60,5530792.50,475711.57
stats_full,10778,10778,0,0,2921,1823,803,284,11,0,130,10778,2256.58,4.20,1435.82,1047.65,1168.33,303.70,15475293.00,3273277.47
stats_full_routed,10778,10778,0,0,93,45,39,2,7,0,136,10778,2096.85,6.75,346.19,90.08,139.85,27.31,3731278.00,294312.97
stats_routed,10778,10778,117,0,93,45,39,2,7,0,136,10661,2093.25,6.74,346.75,90.67,140.62,27.61,3696733.00,294299.94
