<?xml version="1.0" encoding="UTF-8"?>

<!-- generated on 2024-11-20 10:28:17 by Eclipse SUMO sumo Version 1.18.0
<configuration xmlns:xsi="http://www.w3.org/2001/XMLSchema-instance" xsi:noNamespaceSchemaLocation="http://sumo.dlr.de/xsd/sumoConfiguration.xsd">

    <input>
        <net-file value="/home/svadlmat/UTC/utc/data/scenarios/itsc_25200_32400_orange_planned/config/../../../maps/sumo/DCC.net.xml"/>
        <additional-files value="/home/svadlmat/UTC/utc/data/scenarios/itsc_25200_32400_orange_planned/config/../../itsc_25200_32400_orange_planned/additional/itsc_25200_32400_orange_planned.rou.xml,/home/svadlmat/UTC/utc/data/scenarios/itsc_25200_32400_orange_planned/config/../../itsc_25200_32400_orange_planned/additional/itsc_25200_32400_orange_planned_vehicles.add.xml,/home/svadlmat/UTC/utc/data/scenarios/itsc_25200_32400_orange_planned/config/../../Base/DCC_trafficlights.add.xml"/>
    </input>

    <output>
        <statistic-output value="stats_full.xml"/>
    </output>

    <time>
        <begin value="25200"/>
        <step-length value="0.5"/>
    </time>

    <report>
        <no-warnings value="true"/>
        <duration-log.statistics value="true"/>
    </report>

</configuration>
-->

<statistics xmlns:xsi="http://www.w3.org/2001/XMLSchema-instance" xsi:noNamespaceSchemaLocation="http://sumo.dlr.de/xsd/statistic_file.xsd">
    <performance clockBegin="1732094897.60" clockEnd="1732095180.06" clockDuration="282.45" traciDuration="169.78" realTimeFactor="39.17" vehicleUpdatesPerSecond="109577.51" personUpdatesPerSecond="0.00" begin="25200.00" end="36262.50" duration="11062.50"/>
    <vehicles loaded="10778" inserted="10778" running="0" waiting="0"/>
    <teleports total="2921" jam="1823" yield="803" wrongLane="284"/>
    <safety collisions="11" emergencyStops="0" emergencyBraking="130"/>
    <persons loaded="0" running="0" jammed="0"/>
    <personTeleports total="0" abortWait="0" wrongDest="0"/>
    <vehicleTripStatistics count="10778" routeLength="2256.58" speed="4.20" duration="1435.82" waitingTime="1047.65" timeLoss="1168.33" departDelay="303.70" departDelayWaiting="-1.00" totalTravelTime="15475293.00" totalDepartDelay="3273277.47"/>
    <pedestrianStatistics number="0" routeLength="0.00" duration="0.00" timeLoss="0.00"/>
    <rideStatistics number="0"/>
    <transportStatistics number="0"/>
</statistics>
