name,loaded,inserted,running,waiting,total,jam,yield lane,wrong lane,collisions,stops,braking,vehicles,routeLength,speed,duration,waiting time,timeLoss,departDelay,total travel time,total depart delay
stats,7590,7588,757,0,1,0,0,0,1,0,119,6831,8550.85,11.44,757.87,120.93,206.29,0.07,5176986.00,499.50
stats_full,7590,7590,0,0,2,0,0,0,2,0,127,7590,8614.11,11.44,764.11,122.06,207.25,0.07,5799565.00,530.50
stats_full_routed,7590,7590,0,0,1,0,1,0,0,0,107,7590,8113.17,10.89,774.25,179.63,263.26,0.03,5876600.00,259.00
stats_routed,7590,7588,765,0,3,0,1,0,2,0,119,6823,8071.11,10.96,765.92,175.53,259.35,0.02,5225903.50,165.50
