name,loaded,inserted,running,waiting,total,jam,yield lane,wrong lane,collisions,stops,braking,vehicles,routeLength,speed,duration,waiting time,timeLoss,departDelay,total travel time,total depart delay
stats,4712,4645,592,67,122,55,45,20,2,0,14,4053,2387.56,7.30,360.55,85.85,136.14,3.00,1461294.00,12156.10
stats_full,4712,4712,0,0,195,93,67,33,2,0,14,4712,2427.06,6.65,509.73,216.93,278.00,27.81,2401855.50,131025.69
stats_full_routed,4712,4712,0,0,0,0,0,0,0,0,13,4712,2201.64,8.22,269.84,38.08,76.03,0.19,1271469.50,891.69
stats_routed,4712,4712,114,0,0,0,0,0,0,0,13,4598,2193.43,8.21,269.18,38.05,76.02,0.19,1237670.50,881.54
