name,loaded,inserted,running,waiting,total,jam,yield lane,wrong lane,collisions,stops,braking,vehicles,routeLength,speed,duration,waiting time,timeLoss,departDelay,total travel time,total depart delay
stats,5137,5097,140,40,0,0,0,0,0,0,14,4957,1834.21,8.23,229.88,40.66,83.14,3.24,1139516.00,16060.31
stats_full,5137,5137,0,0,0,0,0,0,0,0,14,5137,1838.86,8.23,230.52,40.77,83.30,8.02,1184194.50,41183.67
stats_full_routed,5137,5137,0,0,0,0,0,0,0,0,9,5137,1769.79,8.31,218.62,39.47,79.07,13.57,1123036.50,69709.67
stats_routed,5137,5083,126,54,0,0,0,0,0,0,9,4957,1765.65,8.32,217.87,39.22,78.68,6.67,1079958.00,33043.76
