name,loaded,inserted,running,waiting,total,jam,yield lane,wrong lane,collisions,stops,braking,vehicles,routeLength,speed,duration,waiting time,timeLoss,departDelay,total travel time,total depart delay
stats,45181,44298,5947,883,2404,1334,770,295,5,0,355,38351,1819.85,7.36,359.14,136.80,188.45,18.73,13773465.50,718493.78
stats_full,45181,45181,0,0,4875,2775,1488,606,6,0,414,45181,1908.01,6.50,774.43,503.90,580.59,89.05,34989780.00,4023566.62
stats_full_routed,45181,45181,0,0,750,355,361,30,4,0,309,45181,1812.64,7.67,326.30,116.55,161.31,36.65,14742773.50,1656010.62
stats_routed,45181,44907,1441,274,564,261,271,28,4,0,301,43466,1794.11,7.76,290.28,84.76,127.48,6.37,12617202.00,276964.83
