<?xml version="1.0" encoding="UTF-8"?>

<!-- generated on 2024-10-24 10:02:48 by Eclipse SUMO sumo Version 1.18.0
<configuration xmlns:xsi="http://www.w3.org/2001/XMLSchema-instance" xsi:noNamespaceSchemaLocation="http://sumo.dlr.de/xsd/sumoConfiguration.xsd">

    <input>
        <net-file value="/home/svadlmat/UTC/utc/data/scenarios/itsc_25200_32400_planned/config/../../../maps/sumo/DCC.net.xml"/>
        <additional-files value="/home/svadlmat/UTC/utc/data/scenarios/itsc_25200_32400_planned/config/../../itsc_25200_32400_planned/additional/itsc_25200_32400_planned.rou.xml,/home/svadlmat/UTC/utc/data/scenarios/itsc_25200_32400_planned/config/../../itsc_25200_32400_planned/additional/itsc_25200_32400_planned_vehicles.add.xml,/home/svadlmat/UTC/utc/data/scenarios/itsc_25200_32400_planned/config/../../Base/DCC_trafficlights.add.xml"/>
    </input>

    <output>
        <statistic-output value="stats_full.xml"/>
    </output>

    <time>
        <begin value="25200"/>
        <step-length value="0.5"/>
    </time>

    <report>
        <no-warnings value="true"/>
        <duration-log.statistics value="true"/>
    </report>

</configuration>
-->

<statistics xmlns:xsi="http://www.w3.org/2001/XMLSchema-instance" xsi:noNamespaceSchemaLocation="http://sumo.dlr.de/xsd/statistic_file.xsd">
    <performance clockBegin="1729756968.23" clockEnd="1729757692.45" clockDuration="724.22" traciDuration="212.46" realTimeFactor="16.45" vehicleUpdatesPerSecond="96627.41" personUpdatesPerSecond="0.00" begin="25200.00" end="37114.00" duration="11914.00"/>
    <vehicles loaded="45181" inserted="45181" running="0" waiting="0"/>
    <teleports total="4875" jam="2775" yield="1488" wrongLane="606"/>
    <safety collisions="6" emergencyStops="0" emergencyBraking="414"/>
    <persons loaded="0" running="0" jammed="0"/>
    <personTeleports total="0" abortWait="0" wrongDest="0"/>
    <vehicleTripStatistics count="45181" routeLength="1908.01" speed="6.50" duration="774.43" waitingTime="503.90" timeLoss="580.59" departDelay="89.05" departDelayWaiting="-1.00" totalTravelTime="34989780.00" totalDepartDelay="4023566.62"/>
    <pedestrianStatistics number="0" routeLength="0.00" duration="0.00" timeLoss="0.00"/>
    <rideStatistics number="0"/>
    <transportStatistics number="0"/>
</statistics>
