<?xml version="1.0" encoding="UTF-8"?>

<!-- generated on 2024-10-24 10:02:48 by Eclipse SUMO sumo Version 1.18.0
<configuration xmlns:xsi="http://www.w3.org/2001/XMLSchema-instance" xsi:noNamespaceSchemaLocation="http://sumo.dlr.de/xsd/sumoConfiguration.xsd">

    <input>
        <net-file value="/home/svadlmat/UTC/utc/data/scenarios/itsc_25200_32400_planned/config/../../../maps/sumo/DCC.net.xml"/>
        <additional-files value="/home/svadlmat/UTC/utc/data/scenarios/itsc_25200_32400_planned/config/../../itsc_25200_32400_planned/additional/itsc_25200_32400_planned.rou.xml,/home/svadlmat/UTC/utc/data/scenarios/itsc_25200_32400_planned/config/../../itsc_25200_32400_planned/additional/itsc_25200_32400_planned_vehicles.add.xml,/home/svadlmat/UTC/utc/data/scenarios/itsc_25200_32400_planned/config/../../Base/DCC_trafficlights.add.xml"/>
    </input>

    <output>
        <statistic-output value="stats.xml"/>
    </output>

    <time>
        <begin value="25200"/>
        <end value="32400"/>
        <step-length value="0.5"/>
    </time>

    <report>
        <no-warnings value="true"/>
        <duration-log.statistics value="true"/>
    </report>

</configuration>
-->

<statistics xmlns:xsi="http://www.w3.org/2001/XMLSchema-instance" xsi:noNamespaceSchemaLocation="http://sumo.dlr.de/xsd/statistic_file.xsd">
    <performance clockBegin="1729756968.23" clockEnd="1729757464.00" clockDuration="495.77" traciDuration="37.57" realTimeFactor="14.52" vehicleUpdatesPerSecond="92060.42" personUpdatesPerSecond="0.00" begin="25200.00" end="32400.00" duration="7200.00"/>
    <vehicles loaded="45181" inserted="44298" running="5947" waiting="883"/>
    <teleports total="2404" jam="1334" yield="770" wrongLane="295"/>
    <safety collisions="5" emergencyStops="0" emergencyBraking="355"/>
    <persons loaded="0" running="0" jammed="0"/>
    <personTeleports total="0" abortWait="0" wrongDest="0"/>
    <vehicleTripStatistics count="38351" routeLength="1819.85" speed="7.36" duration="359.14" waitingTime="136.80" timeLoss="188.45" departDelay="18.73" departDelayWaiting="-1.00" totalTravelTime="13773465.50" totalDepartDelay="718493.78"/>
    <pedestrianStatistics number="0" routeLength="0.00" duration="0.00" timeLoss="0.00"/>
    <rideStatistics number="0"/>
    <transportStatistics number="0"/>
</statistics>
