name,loaded,inserted,running,waiting,total,jam,yield lane,wrong lane,collisions,stops,braking,vehicles,routeLength,speed,duration,waiting time,timeLoss,departDelay,total travel time,total depart delay
stats,9227,9224,1093,1,26,14,10,1,1,0,62,8131,7847.71,10.47,778.52,163.87,253.13,0.06,6330138.00,507.50
stats_full,9227,9227,0,0,27,15,10,1,1,0,64,9227,7940.96,10.31,818.37,189.21,285.88,0.31,7551096.00,2875.00
stats_full_routed,9227,9227,0,0,4,1,1,2,0,0,84,9227,7599.18,10.17,775.09,196.53,284.92,0.15,7151712.50,1419.50
stats_routed,9227,9225,950,0,0,0,0,0,0,0,82,8275,7544.43,10.30,762.27,190.75,277.30,0.10,6307805.00,858.50
