<?xml version="1.0" encoding="UTF-8"?>

<!-- generated on 2024-11-12 21:54:00 by Eclipse SUMO sumo Version 1.18.0
<configuration xmlns:xsi="http://www.w3.org/2001/XMLSchema-instance" xsi:noNamespaceSchemaLocation="http://sumo.dlr.de/xsd/sumoConfiguration.xsd">

    <input>
        <net-file value="/home/svadlmat/UTC/utc/data/scenarios/lust_25200_32400_lime_planned/config/../../../maps/sumo/lust.net.xml"/>
        <additional-files value="/home/svadlmat/UTC/utc/data/scenarios/lust_25200_32400_lime_planned/config/../../lust_25200_32400_lime_planned/additional/lust_25200_32400_lime_planned.rou.xml,/home/svadlmat/UTC/utc/data/scenarios/lust_25200_32400_lime_planned/config/../../lust_25200_32400_lime_planned/additional/lust_25200_32400_lime_planned_vehicles.add.xml,/home/svadlmat/UTC/utc/data/scenarios/lust_25200_32400_lime_planned/config/../../Lust/additional/tll.static.xml"/>
    </input>

    <output>
        <statistic-output value="stats_full.xml"/>
    </output>

    <time>
        <begin value="25200"/>
        <step-length value="0.5"/>
    </time>

    <report>
        <no-warnings value="true"/>
        <duration-log.statistics value="true"/>
    </report>

</configuration>
-->

<statistics xmlns:xsi="http://www.w3.org/2001/XMLSchema-instance" xsi:noNamespaceSchemaLocation="http://sumo.dlr.de/xsd/statistic_file.xsd">
    <performance clockBegin="1731444841.07" clockEnd="1731445086.82" clockDuration="245.75" traciDuration="143.58" realTimeFactor="37.36" vehicleUpdatesPerSecond="61452.73" personUpdatesPerSecond="0.00" begin="25200.00" end="34381.50" duration="9181.50"/>
    <vehicles loaded="9227" inserted="9227" running="0" waiting="0"/>
    <teleports total="27" jam="15" yield="10" wrongLane="1"/>
    <safety collisions="1" emergencyStops="0" emergencyBraking="64"/>
    <persons loaded="0" running="0" jammed="0"/>
    <personTeleports total="0" abortWait="0" wrongDest="0"/>
    <vehicleTripStatistics count="9227" routeLength="7940.96" speed="10.31" duration="818.37" waitingTime="189.21" timeLoss="285.88" departDelay="0.31" departDelayWaiting="-1.00" totalTravelTime="7551096.00" totalDepartDelay="2875.00"/>
    <pedestrianStatistics number="0" routeLength="0.00" duration="0.00" timeLoss="0.00"/>
    <rideStatistics number="0"/>
    <transportStatistics number="0"/>
</statistics>
