{
  "total": {
    "problems": {
      "total": 240,
      "time": 1731843862.1462407,
      "routes": 22884,
      "junctions": 14792
    },
    "results": {
      "unique": 239,
      "cost": 0,
      "plans": 283,
      "timeout": 71700.0
    },
    "vehicles": {
      "total": 5128,
      "scheduled": 2000,
      "routed": 2000,
      "short_route": 195,
      "invalid_route": 284
    }
  },
  "average": {
    "problems": {
      "total": 1.0,
      "time": 7216016.09,
      "routes": 95.35,
      "junctions": 61.63
    },
    "results": {
      "unique": 1.0,
      "cost": 0.0,
      "plans": 1.18,
      "timeout": 298.75
    },
    "vehicles": {
      "total": 21.37,
      "scheduled": 8.33,
      "routed": 8.33,
      "short_route": 0.81,
      "invalid_route": 1.18
    }
  },
  "e0": {
    "problem": {
      "name": "problem_25200_25230",
      "time": 0.003,
      "routes": 104,
      "junctions": 62
    },
    "vehicle": {
      "total": 39,
      "scheduled": 13,
      "routed": 13,
      "short_route": 1,
      "invalid_route": 20
    },
    "result": {
      "name": "result_25200_25230",
      "cost": 0,
      "plans": 1,
      "timeout": 300
    }
  },
  "e1": {
    "problem": {
      "name": "problem_25230_25260",
      "time": 0.003,
      "routes": 118,
      "junctions": 73
    },
    "vehicle": {
      "total": 15,
      "scheduled": 8,
      "routed": 8,
      "short_route": 0,
      "invalid_route": 3
    },
    "result": {
      "name": "result_25230_25260",
      "cost": 0,
      "plans": 1,
      "timeout": 300
    }
  },
  "e2": {
    "problem": {
      "name": "problem_25260_25290",
      "time": 0.003,
      "routes": 107,
      "junctions": 67
    },
    "vehicle": {
      "total": 16,
      "scheduled": 9,
      "routed": 9,
      "short_route": 0,
      "invalid_route": 1
    },
    "result": {
      "name": "result_25260_25290",
      "cost": 0,
      "plans": 1,
      "timeout": 300
    }
  },
  "e3": {
    "problem": {
      "name": "problem_25290_25320",
      "time": 0.003,
      "routes": 91,
      "junctions": 65
    },
    "vehicle": {
      "total": 14,
      "scheduled": 5,
      "routed": 5,
      "short_route": 0,
      "invalid_route": 2
    },
    "result": {
      "name": "result_25290_25320",
      "cost": 0,
      "plans": 2,
      "timeout": 300
    }
  },
  "e4": {
    "problem": {
      "name": "problem_25320_25350",
      "time": 0.004,
      "routes": 119,
      "junctions": 68
    },
    "vehicle": {
      "total": 21,
      "scheduled": 10,
      "routed": 10,
      "short_route": 1,
      "invalid_route": 7
    },
    "result": {
      "name": "result_25320_25350",
      "cost": 0,
      "plans": 1,
      "timeout": 300
    }
  },
  "e5": {
    "problem": {
      "name": "problem_25350_25380",
      "time": 0.001,
      "routes": 23,
      "junctions": 22
    },
    "vehicle": {
      "total": 8,
      "scheduled": 1,
      "routed": 1,
      "short_route": 1,
      "invalid_route": 3
    },
    "result": {
      "name": "result_25350_25380",
      "cost": 0,
      "plans": 1,
      "timeout": 300
    }
  },
  "e6": {
    "problem": {
      "name": "problem_25380_25410",
      "time": 0.003,
      "routes": 99,
      "junctions": 62
    },
    "vehicle": {
      "total": 26,
      "scheduled": 10,
      "routed": 10,
      "short_route": 2,
      "invalid_route": 6
    },
    "result": {
      "name": "result_25380_25410",
      "cost": 0,
      "plans": 1,
      "timeout": 300
    }
  },
  "e7": {
    "problem": {
      "name": "problem_25410_25440",
      "time": 0.001,
      "routes": 43,
      "junctions": 36
    },
    "vehicle": {
      "total": 13,
      "scheduled": 4,
      "routed": 4,
      "short_route": 1,
      "invalid_route": 2
    },
    "result": {
      "name": "result_25410_25440",
      "cost": 0,
      "plans": 3,
      "timeout": 300
    }
  },
  "e8": {
    "problem": {
      "name": "problem_25440_25470",
      "time": 0.002,
      "routes": 81,
      "junctions": 60
    },
    "vehicle": {
      "total": 16,
      "scheduled": 6,
      "routed": 6,
      "short_route": 0,
      "invalid_route": 4
    },
    "result": {
      "name": "result_25440_25470",
      "cost": 0,
      "plans": 1,
      "timeout": 300
    }
  },
  "e9": {
    "problem": {
      "name": "problem_25470_25500",
      "time": 0.002,
      "routes": 81,
      "junctions": 59
    },
    "vehicle": {
      "total": 21,
      "scheduled": 5,
      "routed": 5,
      "short_route": 0,
      "invalid_route": 8
    },
    "result": {
      "name": "result_25470_25500",
      "cost": 0,
      "plans": 2,
      "timeout": 300
    }
  },
  "e10": {
    "problem": {
      "name": "problem_25500_25530",
      "time": 0.004,
      "routes": 130,
      "junctions": 70
    },
    "vehicle": {
      "total": 17,
      "scheduled": 8,
      "routed": 8,
      "short_route": 1,
      "invalid_route": 2
    },
    "result": {
      "name": "result_25500_25530",
      "cost": 0,
      "plans": 1,
      "timeout": 300
    }
  },
  "e11": {
    "problem": {
      "name": "problem_25530_25560",
      "time": 0.002,
      "routes": 65,
      "junctions": 51
    },
    "vehicle": {
      "total": 3,
      "scheduled": 3,
      "routed": 3,
      "short_route": 0,
      "invalid_route": 0
    },
    "result": {
      "name": "result_25530_25560",
      "cost": 0,
      "plans": 4,
      "timeout": 300
    }
  },
  "e12": {
    "problem": {
      "name": "problem_25560_25590",
      "time": 0.003,
      "routes": 111,
      "junctions": 64
    },
    "vehicle": {
      "total": 44,
      "scheduled": 13,
      "routed": 13,
      "short_route": 3,
      "invalid_route": 9
    },
    "result": {
      "name": "result_25560_25590",
      "cost": 0,
      "plans": 1,
      "timeout": 300
    }
  },
  "e13": {
    "problem": {
      "name": "problem_25590_25620",
      "time": 0.003,
      "routes": 88,
      "junctions": 64
    },
    "vehicle": {
      "total": 15,
      "scheduled": 7,
      "routed": 7,
      "short_route": 0,
      "invalid_route": 0
    },
    "result": {
      "name": "result_25590_25620",
      "cost": 0,
      "plans": 1,
      "timeout": 300
    }
  },
  "e14": {
    "problem": {
      "name": "problem_25620_25650",
      "time": 0.002,
      "routes": 84,
      "junctions": 60
    },
    "vehicle": {
      "total": 18,
      "scheduled": 6,
      "routed": 6,
      "short_route": 1,
      "invalid_route": 3
    },
    "result": {
      "name": "result_25620_25650",
      "cost": 0,
      "plans": 1,
      "timeout": 300
    }
  },
  "e15": {
    "problem": {
      "name": "problem_25650_25680",
      "time": 0.003,
      "routes": 112,
      "junctions": 67
    },
    "vehicle": {
      "total": 12,
      "scheduled": 8,
      "routed": 8,
      "short_route": 0,
      "invalid_route": 2
    },
    "result": {
      "name": "result_25650_25680",
      "cost": 0,
      "plans": 1,
      "timeout": 300
    }
  },
  "e16": {
    "problem": {
      "name": "problem_25680_25710",
      "time": 0.003,
      "routes": 114,
      "junctions": 70
    },
    "vehicle": {
      "total": 25,
      "scheduled": 12,
      "routed": 12,
      "short_route": 1,
      "invalid_route": 5
    },
    "result": {
      "name": "result_25680_25710",
      "cost": 0,
      "plans": 1,
      "timeout": 300
    }
  },
  "e17": {
    "problem": {
      "name": "problem_25710_25740",
      "time": 0.003,
      "routes": 112,
      "junctions": 64
    },
    "vehicle": {
      "total": 12,
      "scheduled": 6,
      "routed": 6,
      "short_route": 0,
      "invalid_route": 2
    },
    "result": {
      "name": "result_25710_25740",
      "cost": 0,
      "plans": 1,
      "timeout": 300
    }
  },
  "e18": {
    "problem": {
      "name": "problem_25740_25770",
      "time": 0.003,
      "routes": 94,
      "junctions": 60
    },
    "vehicle": {
      "total": 24,
      "scheduled": 7,
      "routed": 7,
      "short_route": 1,
      "invalid_route": 5
    },
    "result": {
      "name": "result_25740_25770",
      "cost": 0,
      "plans": 1,
      "timeout": 300
    }
  },
  "e19": {
    "problem": {
      "name": "problem_25770_25800",
      "time": 0.003,
      "routes": 96,
      "junctions": 60
    },
    "vehicle": {
      "total": 14,
      "scheduled": 6,
      "routed": 6,
      "short_route": 0,
      "invalid_route": 2
    },
    "result": {
      "name": "result_25770_25800",
      "cost": 0,
      "plans": 1,
      "timeout": 300
    }
  },
  "e20": {
    "problem": {
      "name": "problem_25800_25830",
      "time": 0.003,
      "routes": 98,
      "junctions": 63
    },
    "vehicle": {
      "total": 22,
      "scheduled": 9,
      "routed": 9,
      "short_route": 1,
      "invalid_route": 5
    },
    "result": {
      "name": "result_25800_25830",
      "cost": 0,
      "plans": 1,
      "timeout": 300
    }
  },
  "e21": {
    "problem": {
      "name": "problem_25830_25860",
      "time": 0.002,
      "routes": 69,
      "junctions": 53
    },
    "vehicle": {
      "total": 14,
      "scheduled": 5,
      "routed": 5,
      "short_route": 1,
      "invalid_route": 2
    },
    "result": {
      "name": "result_25830_25860",
      "cost": 0,
      "plans": 2,
      "timeout": 300
    }
  },
  "e22": {
    "problem": {
      "name": "problem_25860_25890",
      "time": 0.002,
      "routes": 81,
      "junctions": 58
    },
    "vehicle": {
      "total": 14,
      "scheduled": 6,
      "routed": 6,
      "short_route": 0,
      "invalid_route": 1
    },
    "result": {
      "name": "result_25860_25890",
      "cost": 0,
      "plans": 1,
      "timeout": 300
    }
  },
  "e23": {
    "problem": {
      "name": "problem_25890_25920",
      "time": 0.002,
      "routes": 78,
      "junctions": 60
    },
    "vehicle": {
      "total": 7,
      "scheduled": 4,
      "routed": 4,
      "short_route": 0,
      "invalid_route": 1
    },
    "result": {
      "name": "result_25890_25920",
      "cost": 0,
      "plans": 2,
      "timeout": 300
    }
  },
  "e24": {
    "problem": {
      "name": "problem_25920_25950",
      "time": 0.004,
      "routes": 137,
      "junctions": 77
    },
    "vehicle": {
      "total": 46,
      "scheduled": 18,
      "routed": 18,
      "short_route": 2,
      "invalid_route": 7
    },
    "result": {
      "name": "result_25920_25950",
      "cost": 0,
      "plans": 1,
      "timeout": 300
    }
  },
  "e25": {
    "problem": {
      "name": "problem_25950_25980",
      "time": 0.003,
      "routes": 93,
      "junctions": 63
    },
    "vehicle": {
      "total": 19,
      "scheduled": 8,
      "routed": 8,
      "short_route": 0,
      "invalid_route": 3
    },
    "result": {
      "name": "result_25950_25980",
      "cost": 0,
      "plans": 1,
      "timeout": 300
    }
  },
  "e26": {
    "problem": {
      "name": "problem_25980_26010",
      "time": 0.003,
      "routes": 89,
      "junctions": 58
    },
    "vehicle": {
      "total": 16,
      "scheduled": 5,
      "routed": 5,
      "short_route": 1,
      "invalid_route": 2
    },
    "result": {
      "name": "result_25980_26010",
      "cost": 0,
      "plans": 1,
      "timeout": 300
    }
  },
  "e27": {
    "problem": {
      "name": "problem_26010_26040",
      "time": 0.003,
      "routes": 117,
      "junctions": 68
    },
    "vehicle": {
      "total": 22,
      "scheduled": 9,
      "routed": 9,
      "short_route": 1,
      "invalid_route": 2
    },
    "result": {
      "name": "result_26010_26040",
      "cost": 0,
      "plans": 1,
      "timeout": 300
    }
  },
  "e28": {
    "problem": {
      "name": "problem_26040_26070",
      "time": 0.003,
      "routes": 106,
      "junctions": 65
    },
    "vehicle": {
      "total": 23,
      "scheduled": 11,
      "routed": 11,
      "short_route": 0,
      "invalid_route": 1
    },
    "result": {
      "name": "result_26040_26070",
      "cost": 0,
      "plans": 1,
      "timeout": 300
    }
  },
  "e29": {
    "problem": {
      "name": "problem_26070_26100",
      "time": 0.003,
      "routes": 96,
      "junctions": 63
    },
    "vehicle": {
      "total": 13,
      "scheduled": 7,
      "routed": 7,
      "short_route": 0,
      "invalid_route": 0
    },
    "result": {
      "name": "result_26070_26100",
      "cost": 0,
      "plans": 1,
      "timeout": 300
    }
  },
  "e30": {
    "problem": {
      "name": "problem_26100_26130",
      "time": 0.003,
      "routes": 112,
      "junctions": 73
    },
    "vehicle": {
      "total": 30,
      "scheduled": 13,
      "routed": 13,
      "short_route": 1,
      "invalid_route": 3
    },
    "result": {
      "name": "result_26100_26130",
      "cost": 0,
      "plans": 1,
      "timeout": 300
    }
  },
  "e31": {
    "problem": {
      "name": "problem_26130_26160",
      "time": 0.003,
      "routes": 104,
      "junctions": 64
    },
    "vehicle": {
      "total": 15,
      "scheduled": 6,
      "routed": 6,
      "short_route": 0,
      "invalid_route": 0
    },
    "result": {
      "name": "result_26130_26160",
      "cost": 0,
      "plans": 1,
      "timeout": 300
    }
  },
  "e32": {
    "problem": {
      "name": "problem_26160_26190",
      "time": 0.003,
      "routes": 104,
      "junctions": 66
    },
    "vehicle": {
      "total": 29,
      "scheduled": 11,
      "routed": 11,
      "short_route": 1,
      "invalid_route": 3
    },
    "result": {
      "name": "result_26160_26190",
      "cost": 0,
      "plans": 1,
      "timeout": 300
    }
  },
  "e33": {
    "problem": {
      "name": "problem_26190_26220",
      "time": 0.003,
      "routes": 110,
      "junctions": 67
    },
    "vehicle": {
      "total": 26,
      "scheduled": 5,
      "routed": 5,
      "short_route": 2,
      "invalid_route": 5
    },
    "result": {
      "name": "result_26190_26220",
      "cost": 0,
      "plans": 1,
      "timeout": 300
    }
  },
  "e34": {
    "problem": {
      "name": "problem_26220_26250",
      "time": 0.004,
      "routes": 118,
      "junctions": 66
    },
    "vehicle": {
      "total": 24,
      "scheduled": 9,
      "routed": 9,
      "short_route": 0,
      "invalid_route": 4
    },
    "result": {
      "name": "result_26220_26250",
      "cost": 0,
      "plans": 1,
      "timeout": 300
    }
  },
  "e35": {
    "problem": {
      "name": "problem_26250_26280",
      "time": 0.002,
      "routes": 76,
      "junctions": 55
    },
    "vehicle": {
      "total": 8,
      "scheduled": 4,
      "routed": 4,
      "short_route": 0,
      "invalid_route": 0
    },
    "result": {
      "name": "result_26250_26280",
      "cost": 0,
      "plans": 2,
      "timeout": 300
    }
  },
  "e36": {
    "problem": {
      "name": "problem_26280_26310",
      "time": 0.004,
      "routes": 120,
      "junctions": 67
    },
    "vehicle": {
      "total": 45,
      "scheduled": 18,
      "routed": 18,
      "short_route": 2,
      "invalid_route": 5
    },
    "result": {
      "name": "result_26280_26310",
      "cost": 0,
      "plans": 1,
      "timeout": 300
    }
  },
  "e37": {
    "problem": {
      "name": "problem_26310_26340",
      "time": 0.002,
      "routes": 57,
      "junctions": 42
    },
    "vehicle": {
      "total": 12,
      "scheduled": 5,
      "routed": 5,
      "short_route": 0,
      "invalid_route": 0
    },
    "result": {
      "name": "result_26310_26340",
      "cost": 0,
      "plans": 1,
      "timeout": 300
    }
  },
  "e38": {
    "problem": {
      "name": "problem_26340_26370",
      "time": 0.003,
      "routes": 104,
      "junctions": 64
    },
    "vehicle": {
      "total": 20,
      "scheduled": 6,
      "routed": 6,
      "short_route": 0,
      "invalid_route": 2
    },
    "result": {
      "name": "result_26340_26370",
      "cost": 0,
      "plans": 1,
      "timeout": 300
    }
  },
  "e39": {
    "problem": {
      "name": "problem_26370_26400",
      "time": 0.003,
      "routes": 98,
      "junctions": 62
    },
    "vehicle": {
      "total": 20,
      "scheduled": 9,
      "routed": 9,
      "short_route": 1,
      "invalid_route": 1
    },
    "result": {
      "name": "result_26370_26400",
      "cost": 0,
      "plans": 1,
      "timeout": 300
    }
  },
  "e40": {
    "problem": {
      "name": "problem_26400_26430",
      "time": 0.003,
      "routes": 113,
      "junctions": 69
    },
    "vehicle": {
      "total": 26,
      "scheduled": 10,
      "routed": 10,
      "short_route": 0,
      "invalid_route": 1
    },
    "result": {
      "name": "result_26400_26430",
      "cost": 0,
      "plans": 1,
      "timeout": 300
    }
  },
  "e41": {
    "problem": {
      "name": "problem_26430_26460",
      "time": 0.003,
      "routes": 97,
      "junctions": 61
    },
    "vehicle": {
      "total": 10,
      "scheduled": 7,
      "routed": 7,
      "short_route": 1,
      "invalid_route": 0
    },
    "result": {
      "name": "result_26430_26460",
      "cost": 0,
      "plans": 1,
      "timeout": 300
    }
  },
  "e42": {
    "problem": {
      "name": "problem_26460_26490",
      "time": 0.003,
      "routes": 109,
      "junctions": 64
    },
    "vehicle": {
      "total": 31,
      "scheduled": 15,
      "routed": 15,
      "short_route": 2,
      "invalid_route": 2
    },
    "result": {
      "name": "result_26460_26490",
      "cost": 0,
      "plans": 1,
      "timeout": 300
    }
  },
  "e43": {
    "problem": {
      "name": "problem_26490_26520",
      "time": 0.003,
      "routes": 103,
      "junctions": 65
    },
    "vehicle": {
      "total": 15,
      "scheduled": 7,
      "routed": 7,
      "short_route": 0,
      "invalid_route": 2
    },
    "result": {
      "name": "result_26490_26520",
      "cost": 0,
      "plans": 1,
      "timeout": 300
    }
  },
  "e44": {
    "problem": {
      "name": "problem_26520_26550",
      "time": 0.003,
      "routes": 99,
      "junctions": 63
    },
    "vehicle": {
      "total": 21,
      "scheduled": 5,
      "routed": 5,
      "short_route": 0,
      "invalid_route": 1
    },
    "result": {
      "name": "result_26520_26550",
      "cost": 0,
      "plans": 1,
      "timeout": 300
    }
  },
  "e45": {
    "problem": {
      "name": "problem_26550_26580",
      "time": 0.003,
      "routes": 121,
      "junctions": 69
    },
    "vehicle": {
      "total": 19,
      "scheduled": 12,
      "routed": 12,
      "short_route": 1,
      "invalid_route": 1
    },
    "result": {
      "name": "result_26550_26580",
      "cost": 0,
      "plans": 1,
      "timeout": 300
    }
  },
  "e46": {
    "problem": {
      "name": "problem_26580_26610",
      "time": 0.002,
      "routes": 83,
      "junctions": 55
    },
    "vehicle": {
      "total": 12,
      "scheduled": 5,
      "routed": 5,
      "short_route": 0,
      "invalid_route": 1
    },
    "result": {
      "name": "result_26580_26610",
      "cost": 0,
      "plans": 1,
      "timeout": 300
    }
  },
  "e47": {
    "problem": {
      "name": "problem_26610_26640",
      "time": 0.002,
      "routes": 85,
      "junctions": 60
    },
    "vehicle": {
      "total": 7,
      "scheduled": 4,
      "routed": 4,
      "short_route": 0,
      "invalid_route": 0
    },
    "result": {
      "name": "result_26610_26640",
      "cost": 0,
      "plans": 2,
      "timeout": 300
    }
  },
  "e48": {
    "problem": {
      "name": "problem_26640_26670",
      "time": 0.004,
      "routes": 140,
      "junctions": 76
    },
    "vehicle": {
      "total": 49,
      "scheduled": 19,
      "routed": 19,
      "short_route": 1,
      "invalid_route": 2
    },
    "result": {
      "name": "result_26640_26670",
      "cost": 0,
      "plans": 1,
      "timeout": 300
    }
  },
  "e49": {
    "problem": {
      "name": "problem_26670_26700",
      "time": 0.002,
      "routes": 85,
      "junctions": 63
    },
    "vehicle": {
      "total": 14,
      "scheduled": 6,
      "routed": 6,
      "short_route": 0,
      "invalid_route": 1
    },
    "result": {
      "name": "result_26670_26700",
      "cost": 0,
      "plans": 1,
      "timeout": 300
    }
  },
  "e50": {
    "problem": {
      "name": "problem_26700_26730",
      "time": 0.003,
      "routes": 116,
      "junctions": 70
    },
    "vehicle": {
      "total": 12,
      "scheduled": 9,
      "routed": 9,
      "short_route": 0,
      "invalid_route": 1
    },
    "result": {
      "name": "result_26700_26730",
      "cost": 0,
      "plans": 1,
      "timeout": 300
    }
  },
  "e51": {
    "problem": {
      "name": "problem_26730_26760",
      "time": 0.003,
      "routes": 91,
      "junctions": 60
    },
    "vehicle": {
      "total": 15,
      "scheduled": 6,
      "routed": 6,
      "short_route": 0,
      "invalid_route": 1
    },
    "result": {
      "name": "result_26730_26760",
      "cost": 0,
      "plans": 1,
      "timeout": 300
    }
  },
  "e52": {
    "problem": {
      "name": "problem_26760_26790",
      "time": 0.004,
      "routes": 123,
      "junctions": 68
    },
    "vehicle": {
      "total": 28,
      "scheduled": 11,
      "routed": 11,
      "short_route": 1,
      "invalid_route": 1
    },
    "result": {
      "name": "result_26760_26790",
      "cost": 0,
      "plans": 1,
      "timeout": 300
    }
  },
  "e53": {
    "problem": {
      "name": "problem_26790_26820",
      "time": 0.003,
      "routes": 106,
      "junctions": 65
    },
    "vehicle": {
      "total": 13,
      "scheduled": 7,
      "routed": 7,
      "short_route": 0,
      "invalid_route": 1
    },
    "result": {
      "name": "result_26790_26820",
      "cost": 0,
      "plans": 1,
      "timeout": 300
    }
  },
  "e54": {
    "problem": {
      "name": "problem_26820_26850",
      "time": 0.003,
      "routes": 107,
      "junctions": 63
    },
    "vehicle": {
      "total": 29,
      "scheduled": 12,
      "routed": 12,
      "short_route": 0,
      "invalid_route": 1
    },
    "result": {
      "name": "result_26820_26850",
      "cost": 0,
      "plans": 1,
      "timeout": 300
    }
  },
  "e55": {
    "problem": {
      "name": "problem_26850_26880",
      "time": 0.003,
      "routes": 99,
      "junctions": 62
    },
    "vehicle": {
      "total": 15,
      "scheduled": 6,
      "routed": 6,
      "short_route": 0,
      "invalid_route": 4
    },
    "result": {
      "name": "result_26850_26880",
      "cost": 0,
      "plans": 1,
      "timeout": 300
    }
  },
  "e56": {
    "problem": {
      "name": "problem_26880_26910",
      "time": 0.003,
      "routes": 112,
      "junctions": 64
    },
    "vehicle": {
      "total": 20,
      "scheduled": 10,
      "routed": 10,
      "short_route": 2,
      "invalid_route": 1
    },
    "result": {
      "name": "result_26880_26910",
      "cost": 0,
      "plans": 1,
      "timeout": 300
    }
  },
  "e57": {
    "problem": {
      "name": "problem_26910_26940",
      "time": 0.002,
      "routes": 66,
      "junctions": 48
    },
    "vehicle": {
      "total": 17,
      "scheduled": 2,
      "routed": 2,
      "short_route": 1,
      "invalid_route": 0
    },
    "result": {
      "name": "result_26910_26940",
      "cost": 0,
      "plans": 2,
      "timeout": 300
    }
  },
  "e58": {
    "problem": {
      "name": "problem_26940_26970",
      "time": 0.003,
      "routes": 118,
      "junctions": 69
    },
    "vehicle": {
      "total": 18,
      "scheduled": 9,
      "routed": 9,
      "short_route": 0,
      "invalid_route": 1
    },
    "result": {
      "name": "result_26940_26970",
      "cost": 0,
      "plans": 1,
      "timeout": 300
    }
  },
  "e59": {
    "problem": {
      "name": "problem_26970_27000",
      "time": 0.002,
      "routes": 73,
      "junctions": 54
    },
    "vehicle": {
      "total": 6,
      "scheduled": 2,
      "routed": 2,
      "short_route": 0,
      "invalid_route": 0
    },
    "result": {
      "name": "result_26970_27000",
      "cost": 0,
      "plans": 2,
      "timeout": 300
    }
  },
  "e60": {
    "problem": {
      "name": "problem_27000_27030",
      "time": 0.004,
      "routes": 130,
      "junctions": 73
    },
    "vehicle": {
      "total": 46,
      "scheduled": 18,
      "routed": 18,
      "short_route": 3,
      "invalid_route": 2
    },
    "result": {
      "name": "result_27000_27030",
      "cost": 0,
      "plans": 1,
      "timeout": 300
    }
  },
  "e61": {
    "problem": {
      "name": "problem_27030_27060",
      "time": 0.003,
      "routes": 106,
      "junctions": 65
    },
    "vehicle": {
      "total": 17,
      "scheduled": 8,
      "routed": 8,
      "short_route": 0,
      "invalid_route": 2
    },
    "result": {
      "name": "result_27030_27060",
      "cost": 0,
      "plans": 1,
      "timeout": 300
    }
  },
  "e62": {
    "problem": {
      "name": "problem_27060_27090",
      "time": 0.002,
      "routes": 68,
      "junctions": 53
    },
    "vehicle": {
      "total": 11,
      "scheduled": 5,
      "routed": 5,
      "short_route": 0,
      "invalid_route": 0
    },
    "result": {
      "name": "result_27060_27090",
      "cost": 0,
      "plans": 2,
      "timeout": 300
    }
  },
  "e63": {
    "problem": {
      "name": "problem_27090_27120",
      "time": 0.004,
      "routes": 124,
      "junctions": 70
    },
    "vehicle": {
      "total": 24,
      "scheduled": 9,
      "routed": 9,
      "short_route": 1,
      "invalid_route": 1
    },
    "result": {
      "name": "result_27090_27120",
      "cost": 0,
      "plans": 1,
      "timeout": 300
    }
  },
  "e64": {
    "problem": {
      "name": "problem_27120_27150",
      "time": 0.003,
      "routes": 114,
      "junctions": 70
    },
    "vehicle": {
      "total": 28,
      "scheduled": 9,
      "routed": 9,
      "short_route": 3,
      "invalid_route": 1
    },
    "result": {
      "name": "result_27120_27150",
      "cost": 0,
      "plans": 1,
      "timeout": 300
    }
  },
  "e65": {
    "problem": {
      "name": "problem_27150_27180",
      "time": 1731843861.4622366,
      "routes": 0,
      "junctions": 0
    },
    "vehicle": {
      "total": 0,
      "scheduled": 0,
      "routed": 0,
      "short_route": 0,
      "invalid_route": 0
    },
    "result": null
  },
  "e66": {
    "problem": {
      "name": "problem_27180_27210",
      "time": 0.004,
      "routes": 122,
      "junctions": 70
    },
    "vehicle": {
      "total": 33,
      "scheduled": 16,
      "routed": 16,
      "short_route": 1,
      "invalid_route": 2
    },
    "result": {
      "name": "result_27180_27210",
      "cost": 0,
      "plans": 1,
      "timeout": 300
    }
  },
  "e67": {
    "problem": {
      "name": "problem_27210_27240",
      "time": 0.002,
      "routes": 84,
      "junctions": 60
    },
    "vehicle": {
      "total": 15,
      "scheduled": 4,
      "routed": 4,
      "short_route": 0,
      "invalid_route": 2
    },
    "result": {
      "name": "result_27210_27240",
      "cost": 0,
      "plans": 2,
      "timeout": 300
    }
  },
  "e68": {
    "problem": {
      "name": "problem_27240_27270",
      "time": 0.003,
      "routes": 103,
      "junctions": 61
    },
    "vehicle": {
      "total": 23,
      "scheduled": 8,
      "routed": 8,
      "short_route": 2,
      "invalid_route": 4
    },
    "result": {
      "name": "result_27240_27270",
      "cost": 0,
      "plans": 1,
      "timeout": 300
    }
  },
  "e69": {
    "problem": {
      "name": "problem_27270_27300",
      "time": 0.003,
      "routes": 116,
      "junctions": 68
    },
    "vehicle": {
      "total": 21,
      "scheduled": 9,
      "routed": 9,
      "short_route": 0,
      "invalid_route": 1
    },
    "result": {
      "name": "result_27270_27300",
      "cost": 0,
      "plans": 1,
      "timeout": 300
    }
  },
  "e70": {
    "problem": {
      "name": "problem_27300_27330",
      "time": 0.003,
      "routes": 92,
      "junctions": 61
    },
    "vehicle": {
      "total": 19,
      "scheduled": 6,
      "routed": 6,
      "short_route": 0,
      "invalid_route": 1
    },
    "result": {
      "name": "result_27300_27330",
      "cost": 0,
      "plans": 1,
      "timeout": 300
    }
  },
  "e71": {
    "problem": {
      "name": "problem_27330_27360",
      "time": 0.002,
      "routes": 59,
      "junctions": 47
    },
    "vehicle": {
      "total": 7,
      "scheduled": 4,
      "routed": 4,
      "short_route": 0,
      "invalid_route": 0
    },
    "result": {
      "name": "result_27330_27360",
      "cost": 0,
      "plans": 2,
      "timeout": 300
    }
  },
  "e72": {
    "problem": {
      "name": "problem_27360_27390",
      "time": 0.004,
      "routes": 122,
      "junctions": 67
    },
    "vehicle": {
      "total": 49,
      "scheduled": 16,
      "routed": 16,
      "short_route": 2,
      "invalid_route": 4
    },
    "result": {
      "name": "result_27360_27390",
      "cost": 0,
      "plans": 1,
      "timeout": 300
    }
  },
  "e73": {
    "problem": {
      "name": "problem_27390_27420",
      "time": 0.003,
      "routes": 100,
      "junctions": 61
    },
    "vehicle": {
      "total": 14,
      "scheduled": 7,
      "routed": 7,
      "short_route": 1,
      "invalid_route": 1
    },
    "result": {
      "name": "result_27390_27420",
      "cost": 0,
      "plans": 1,
      "timeout": 300
    }
  },
  "e74": {
    "problem": {
      "name": "problem_27420_27450",
      "time": 0.003,
      "routes": 87,
      "junctions": 59
    },
    "vehicle": {
      "total": 27,
      "scheduled": 10,
      "routed": 10,
      "short_route": 2,
      "invalid_route": 2
    },
    "result": {
      "name": "result_27420_27450",
      "cost": 0,
      "plans": 1,
      "timeout": 300
    }
  },
  "e75": {
    "problem": {
      "name": "problem_27450_27480",
      "time": 0.003,
      "routes": 94,
      "junctions": 56
    },
    "vehicle": {
      "total": 22,
      "scheduled": 6,
      "routed": 6,
      "short_route": 1,
      "invalid_route": 3
    },
    "result": {
      "name": "result_27450_27480",
      "cost": 0,
      "plans": 1,
      "timeout": 300
    }
  },
  "e76": {
    "problem": {
      "name": "problem_27480_27510",
      "time": 0.004,
      "routes": 124,
      "junctions": 67
    },
    "vehicle": {
      "total": 30,
      "scheduled": 11,
      "routed": 11,
      "short_route": 1,
      "invalid_route": 1
    },
    "result": {
      "name": "result_27480_27510",
      "cost": 0,
      "plans": 1,
      "timeout": 300
    }
  },
  "e77": {
    "problem": {
      "name": "problem_27510_27540",
      "time": 0.002,
      "routes": 71,
      "junctions": 53
    },
    "vehicle": {
      "total": 12,
      "scheduled": 4,
      "routed": 4,
      "short_route": 0,
      "invalid_route": 1
    },
    "result": {
      "name": "result_27510_27540",
      "cost": 0,
      "plans": 2,
      "timeout": 300
    }
  },
  "e78": {
    "problem": {
      "name": "problem_27540_27570",
      "time": 0.003,
      "routes": 114,
      "junctions": 68
    },
    "vehicle": {
      "total": 23,
      "scheduled": 8,
      "routed": 8,
      "short_route": 0,
      "invalid_route": 1
    },
    "result": {
      "name": "result_27540_27570",
      "cost": 0,
      "plans": 1,
      "timeout": 300
    }
  },
  "e79": {
    "problem": {
      "name": "problem_27570_27600",
      "time": 0.003,
      "routes": 100,
      "junctions": 58
    },
    "vehicle": {
      "total": 19,
      "scheduled": 6,
      "routed": 6,
      "short_route": 1,
      "invalid_route": 1
    },
    "result": {
      "name": "result_27570_27600",
      "cost": 0,
      "plans": 1,
      "timeout": 300
    }
  },
  "e80": {
    "problem": {
      "name": "problem_27600_27630",
      "time": 0.003,
      "routes": 116,
      "junctions": 71
    },
    "vehicle": {
      "total": 24,
      "scheduled": 9,
      "routed": 9,
      "short_route": 1,
      "invalid_route": 3
    },
    "result": {
      "name": "result_27600_27630",
      "cost": 0,
      "plans": 1,
      "timeout": 300
    }
  },
  "e81": {
    "problem": {
      "name": "problem_27630_27660",
      "time": 0.004,
      "routes": 129,
      "junctions": 74
    },
    "vehicle": {
      "total": 26,
      "scheduled": 14,
      "routed": 14,
      "short_route": 1,
      "invalid_route": 1
    },
    "result": {
      "name": "result_27630_27660",
      "cost": 0,
      "plans": 1,
      "timeout": 300
    }
  },
  "e82": {
    "problem": {
      "name": "problem_27660_27690",
      "time": 0.003,
      "routes": 102,
      "junctions": 66
    },
    "vehicle": {
      "total": 17,
      "scheduled": 5,
      "routed": 5,
      "short_route": 0,
      "invalid_route": 1
    },
    "result": {
      "name": "result_27660_27690",
      "cost": 0,
      "plans": 1,
      "timeout": 300
    }
  },
  "e83": {
    "problem": {
      "name": "problem_27690_27720",
      "time": 0.002,
      "routes": 62,
      "junctions": 46
    },
    "vehicle": {
      "total": 5,
      "scheduled": 2,
      "routed": 2,
      "short_route": 0,
      "invalid_route": 0
    },
    "result": {
      "name": "result_27690_27720",
      "cost": 0,
      "plans": 2,
      "timeout": 300
    }
  },
  "e84": {
    "problem": {
      "name": "problem_27720_27750",
      "time": 0.004,
      "routes": 120,
      "junctions": 65
    },
    "vehicle": {
      "total": 45,
      "scheduled": 14,
      "routed": 14,
      "short_route": 1,
      "invalid_route": 3
    },
    "result": {
      "name": "result_27720_27750",
      "cost": 0,
      "plans": 1,
      "timeout": 300
    }
  },
  "e85": {
    "problem": {
      "name": "problem_27750_27780",
      "time": 0.003,
      "routes": 111,
      "junctions": 70
    },
    "vehicle": {
      "total": 16,
      "scheduled": 8,
      "routed": 8,
      "short_route": 2,
      "invalid_route": 0
    },
    "result": {
      "name": "result_27750_27780",
      "cost": 0,
      "plans": 1,
      "timeout": 300
    }
  },
  "e86": {
    "problem": {
      "name": "problem_27780_27810",
      "time": 0.003,
      "routes": 109,
      "junctions": 65
    },
    "vehicle": {
      "total": 22,
      "scheduled": 10,
      "routed": 10,
      "short_route": 1,
      "invalid_route": 0
    },
    "result": {
      "name": "result_27780_27810",
      "cost": 0,
      "plans": 1,
      "timeout": 300
    }
  },
  "e87": {
    "problem": {
      "name": "problem_27810_27840",
      "time": 0.002,
      "routes": 76,
      "junctions": 46
    },
    "vehicle": {
      "total": 17,
      "scheduled": 6,
      "routed": 6,
      "short_route": 0,
      "invalid_route": 2
    },
    "result": {
      "name": "result_27810_27840",
      "cost": 0,
      "plans": 1,
      "timeout": 300
    }
  },
  "e88": {
    "problem": {
      "name": "problem_27840_27870",
      "time": 0.003,
      "routes": 103,
      "junctions": 65
    },
    "vehicle": {
      "total": 25,
      "scheduled": 8,
      "routed": 8,
      "short_route": 2,
      "invalid_route": 0
    },
    "result": {
      "name": "result_27840_27870",
      "cost": 0,
      "plans": 1,
      "timeout": 300
    }
  },
  "e89": {
    "problem": {
      "name": "problem_27870_27900",
      "time": 0.001,
      "routes": 11,
      "junctions": 11
    },
    "vehicle": {
      "total": 10,
      "scheduled": 1,
      "routed": 1,
      "short_route": 0,
      "invalid_route": 0
    },
    "result": {
      "name": "result_27870_27900",
      "cost": 0,
      "plans": 1,
      "timeout": 300
    }
  },
  "e90": {
    "problem": {
      "name": "problem_27900_27930",
      "time": 0.003,
      "routes": 102,
      "junctions": 66
    },
    "vehicle": {
      "total": 24,
      "scheduled": 8,
      "routed": 8,
      "short_route": 0,
      "invalid_route": 2
    },
    "result": {
      "name": "result_27900_27930",
      "cost": 0,
      "plans": 1,
      "timeout": 300
    }
  },
  "e91": {
    "problem": {
      "name": "problem_27930_27960",
      "time": 0.003,
      "routes": 94,
      "junctions": 60
    },
    "vehicle": {
      "total": 19,
      "scheduled": 8,
      "routed": 8,
      "short_route": 1,
      "invalid_route": 0
    },
    "result": {
      "name": "result_27930_27960",
      "cost": 0,
      "plans": 1,
      "timeout": 300
    }
  },
  "e92": {
    "problem": {
      "name": "problem_27960_27990",
      "time": 0.004,
      "routes": 131,
      "junctions": 72
    },
    "vehicle": {
      "total": 22,
      "scheduled": 12,
      "routed": 12,
      "short_route": 0,
      "invalid_route": 0
    },
    "result": {
      "name": "result_27960_27990",
      "cost": 0,
      "plans": 1,
      "timeout": 300
    }
  },
  "e93": {
    "problem": {
      "name": "problem_27990_28020",
      "time": 0.003,
      "routes": 109,
      "junctions": 68
    },
    "vehicle": {
      "total": 27,
      "scheduled": 11,
      "routed": 11,
      "short_route": 2,
      "invalid_route": 1
    },
    "result": {
      "name": "result_27990_28020",
      "cost": 0,
      "plans": 1,
      "timeout": 300
    }
  },
  "e94": {
    "problem": {
      "name": "problem_28020_28050",
      "time": 0.002,
      "routes": 86,
      "junctions": 50
    },
    "vehicle": {
      "total": 20,
      "scheduled": 4,
      "routed": 4,
      "short_route": 2,
      "invalid_route": 1
    },
    "result": {
      "name": "result_28020_28050",
      "cost": 0,
      "plans": 2,
      "timeout": 300
    }
  },
  "e95": {
    "problem": {
      "name": "problem_28050_28080",
      "time": 0.001,
      "routes": 37,
      "junctions": 36
    },
    "vehicle": {
      "total": 4,
      "scheduled": 4,
      "routed": 4,
      "short_route": 0,
      "invalid_route": 0
    },
    "result": {
      "name": "result_28050_28080",
      "cost": 0,
      "plans": 2,
      "timeout": 300
    }
  },
  "e96": {
    "problem": {
      "name": "problem_28080_28110",
      "time": 0.004,
      "routes": 116,
      "junctions": 66
    },
    "vehicle": {
      "total": 48,
      "scheduled": 19,
      "routed": 19,
      "short_route": 2,
      "invalid_route": 2
    },
    "result": {
      "name": "result_28080_28110",
      "cost": 0,
      "plans": 1,
      "timeout": 300
    }
  },
  "e97": {
    "problem": {
      "name": "problem_28110_28140",
      "time": 0.003,
      "routes": 88,
      "junctions": 56
    },
    "vehicle": {
      "total": 15,
      "scheduled": 4,
      "routed": 4,
      "short_route": 0,
      "invalid_route": 2
    },
    "result": {
      "name": "result_28110_28140",
      "cost": 0,
      "plans": 2,
      "timeout": 300
    }
  },
  "e98": {
    "problem": {
      "name": "problem_28140_28170",
      "time": 0.002,
      "routes": 61,
      "junctions": 48
    },
    "vehicle": {
      "total": 15,
      "scheduled": 5,
      "routed": 5,
      "short_route": 1,
      "invalid_route": 0
    },
    "result": {
      "name": "result_28140_28170",
      "cost": 0,
      "plans": 2,
      "timeout": 300
    }
  },
  "e99": {
    "problem": {
      "name": "problem_28170_28200",
      "time": 0.003,
      "routes": 91,
      "junctions": 55
    },
    "vehicle": {
      "total": 23,
      "scheduled": 7,
      "routed": 7,
      "short_route": 0,
      "invalid_route": 0
    },
    "result": {
      "name": "result_28170_28200",
      "cost": 0,
      "plans": 1,
      "timeout": 300
    }
  },
  "e100": {
    "problem": {
      "name": "problem_28200_28230",
      "time": 0.003,
      "routes": 94,
      "junctions": 63
    },
    "vehicle": {
      "total": 28,
      "scheduled": 9,
      "routed": 9,
      "short_route": 2,
      "invalid_route": 0
    },
    "result": {
      "name": "result_28200_28230",
      "cost": 0,
      "plans": 1,
      "timeout": 300
    }
  },
  "e101": {
    "problem": {
      "name": "problem_28230_28260",
      "time": 0.003,
      "routes": 98,
      "junctions": 58
    },
    "vehicle": {
      "total": 12,
      "scheduled": 4,
      "routed": 4,
      "short_route": 0,
      "invalid_route": 0
    },
    "result": {
      "name": "result_28230_28260",
      "cost": 0,
      "plans": 1,
      "timeout": 300
    }
  },
  "e102": {
    "problem": {
      "name": "problem_28260_28290",
      "time": 0.004,
      "routes": 109,
      "junctions": 74
    },
    "vehicle": {
      "total": 33,
      "scheduled": 16,
      "routed": 16,
      "short_route": 1,
      "invalid_route": 0
    },
    "result": {
      "name": "result_28260_28290",
      "cost": 0,
      "plans": 1,
      "timeout": 300
    }
  },
  "e103": {
    "problem": {
      "name": "problem_28290_28320",
      "time": 0.003,
      "routes": 103,
      "junctions": 65
    },
    "vehicle": {
      "total": 17,
      "scheduled": 8,
      "routed": 8,
      "short_route": 1,
      "invalid_route": 0
    },
    "result": {
      "name": "result_28290_28320",
      "cost": 0,
      "plans": 1,
      "timeout": 300
    }
  },
  "e104": {
    "problem": {
      "name": "problem_28320_28350",
      "time": 0.003,
      "routes": 97,
      "junctions": 63
    },
    "vehicle": {
      "total": 17,
      "scheduled": 8,
      "routed": 8,
      "short_route": 0,
      "invalid_route": 0
    },
    "result": {
      "name": "result_28320_28350",
      "cost": 0,
      "plans": 1,
      "timeout": 300
    }
  },
  "e105": {
    "problem": {
      "name": "problem_28350_28380",
      "time": 0.003,
      "routes": 104,
      "junctions": 63
    },
    "vehicle": {
      "total": 23,
      "scheduled": 9,
      "routed": 9,
      "short_route": 1,
      "invalid_route": 2
    },
    "result": {
      "name": "result_28350_28380",
      "cost": 0,
      "plans": 1,
      "timeout": 300
    }
  },
  "e106": {
    "problem": {
      "name": "problem_28380_28410",
      "time": 0.003,
      "routes": 102,
      "junctions": 67
    },
    "vehicle": {
      "total": 22,
      "scheduled": 9,
      "routed": 9,
      "short_route": 0,
      "invalid_route": 2
    },
    "result": {
      "name": "result_28380_28410",
      "cost": 0,
      "plans": 1,
      "timeout": 300
    }
  },
  "e107": {
    "problem": {
      "name": "problem_28410_28440",
      "time": 0.002,
      "routes": 63,
      "junctions": 50
    },
    "vehicle": {
      "total": 8,
      "scheduled": 4,
      "routed": 4,
      "short_route": 0,
      "invalid_route": 0
    },
    "result": {
      "name": "result_28410_28440",
      "cost": 0,
      "plans": 3,
      "timeout": 300
    }
  },
  "e108": {
    "problem": {
      "name": "problem_28440_28470",
      "time": 0.005,
      "routes": 149,
      "junctions": 81
    },
    "vehicle": {
      "total": 53,
      "scheduled": 21,
      "routed": 21,
      "short_route": 2,
      "invalid_route": 2
    },
    "result": {
      "name": "result_28440_28470",
      "cost": 0,
      "plans": 1,
      "timeout": 300
    }
  },
  "e109": {
    "problem": {
      "name": "problem_28470_28500",
      "time": 0.001,
      "routes": 40,
      "junctions": 38
    },
    "vehicle": {
      "total": 19,
      "scheduled": 2,
      "routed": 2,
      "short_route": 1,
      "invalid_route": 1
    },
    "result": {
      "name": "result_28470_28500",
      "cost": 0,
      "plans": 1,
      "timeout": 300
    }
  },
  "e110": {
    "problem": {
      "name": "problem_28500_28530",
      "time": 0.003,
      "routes": 111,
      "junctions": 68
    },
    "vehicle": {
      "total": 21,
      "scheduled": 12,
      "routed": 12,
      "short_route": 1,
      "invalid_route": 1
    },
    "result": {
      "name": "result_28500_28530",
      "cost": 0,
      "plans": 1,
      "timeout": 300
    }
  },
  "e111": {
    "problem": {
      "name": "problem_28530_28560",
      "time": 0.003,
      "routes": 120,
      "junctions": 70
    },
    "vehicle": {
      "total": 26,
      "scheduled": 10,
      "routed": 10,
      "short_route": 1,
      "invalid_route": 1
    },
    "result": {
      "name": "result_28530_28560",
      "cost": 0,
      "plans": 1,
      "timeout": 300
    }
  },
  "e112": {
    "problem": {
      "name": "problem_28560_28590",
      "time": 0.004,
      "routes": 119,
      "junctions": 69
    },
    "vehicle": {
      "total": 28,
      "scheduled": 14,
      "routed": 14,
      "short_route": 0,
      "invalid_route": 1
    },
    "result": {
      "name": "result_28560_28590",
      "cost": 0,
      "plans": 1,
      "timeout": 300
    }
  },
  "e113": {
    "problem": {
      "name": "problem_28590_28620",
      "time": 0.002,
      "routes": 83,
      "junctions": 60
    },
    "vehicle": {
      "total": 12,
      "scheduled": 5,
      "routed": 5,
      "short_route": 0,
      "invalid_route": 0
    },
    "result": {
      "name": "result_28590_28620",
      "cost": 0,
      "plans": 2,
      "timeout": 300
    }
  },
  "e114": {
    "problem": {
      "name": "problem_28620_28650",
      "time": 0.003,
      "routes": 111,
      "junctions": 60
    },
    "vehicle": {
      "total": 32,
      "scheduled": 11,
      "routed": 11,
      "short_route": 2,
      "invalid_route": 1
    },
    "result": {
      "name": "result_28620_28650",
      "cost": 0,
      "plans": 1,
      "timeout": 300
    }
  },
  "e115": {
    "problem": {
      "name": "problem_28650_28680",
      "time": 0.002,
      "routes": 77,
      "junctions": 57
    },
    "vehicle": {
      "total": 21,
      "scheduled": 5,
      "routed": 5,
      "short_route": 1,
      "invalid_route": 0
    },
    "result": {
      "name": "result_28650_28680",
      "cost": 0,
      "plans": 2,
      "timeout": 300
    }
  },
  "e116": {
    "problem": {
      "name": "problem_28680_28710",
      "time": 0.004,
      "routes": 121,
      "junctions": 68
    },
    "vehicle": {
      "total": 24,
      "scheduled": 13,
      "routed": 13,
      "short_route": 1,
      "invalid_route": 1
    },
    "result": {
      "name": "result_28680_28710",
      "cost": 0,
      "plans": 1,
      "timeout": 300
    }
  },
  "e117": {
    "problem": {
      "name": "problem_28710_28740",
      "time": 0.003,
      "routes": 92,
      "junctions": 60
    },
    "vehicle": {
      "total": 27,
      "scheduled": 8,
      "routed": 8,
      "short_route": 1,
      "invalid_route": 1
    },
    "result": {
      "name": "result_28710_28740",
      "cost": 0,
      "plans": 1,
      "timeout": 300
    }
  },
  "e118": {
    "problem": {
      "name": "problem_28740_28770",
      "time": 0.003,
      "routes": 95,
      "junctions": 60
    },
    "vehicle": {
      "total": 17,
      "scheduled": 6,
      "routed": 6,
      "short_route": 0,
      "invalid_route": 0
    },
    "result": {
      "name": "result_28740_28770",
      "cost": 0,
      "plans": 1,
      "timeout": 300
    }
  },
  "e119": {
    "problem": {
      "name": "problem_28770_28800",
      "time": 0.001,
      "routes": 25,
      "junctions": 25
    },
    "vehicle": {
      "total": 10,
      "scheduled": 2,
      "routed": 2,
      "short_route": 0,
      "invalid_route": 0
    },
    "result": {
      "name": "result_28770_28800",
      "cost": 0,
      "plans": 1,
      "timeout": 300
    }
  },
  "e120": {
    "problem": {
      "name": "problem_28800_28830",
      "time": 0.003,
      "routes": 109,
      "junctions": 64
    },
    "vehicle": {
      "total": 43,
      "scheduled": 14,
      "routed": 14,
      "short_route": 3,
      "invalid_route": 2
    },
    "result": {
      "name": "result_28800_28830",
      "cost": 0,
      "plans": 1,
      "timeout": 300
    }
  },
  "e121": {
    "problem": {
      "name": "problem_28830_28860",
      "time": 0.003,
      "routes": 93,
      "junctions": 66
    },
    "vehicle": {
      "total": 16,
      "scheduled": 7,
      "routed": 7,
      "short_route": 1,
      "invalid_route": 0
    },
    "result": {
      "name": "result_28830_28860",
      "cost": 0,
      "plans": 1,
      "timeout": 300
    }
  },
  "e122": {
    "problem": {
      "name": "problem_28860_28890",
      "time": 0.003,
      "routes": 95,
      "junctions": 55
    },
    "vehicle": {
      "total": 19,
      "scheduled": 7,
      "routed": 7,
      "short_route": 1,
      "invalid_route": 0
    },
    "result": {
      "name": "result_28860_28890",
      "cost": 0,
      "plans": 1,
      "timeout": 300
    }
  },
  "e123": {
    "problem": {
      "name": "problem_28890_28920",
      "time": 0.003,
      "routes": 92,
      "junctions": 67
    },
    "vehicle": {
      "total": 20,
      "scheduled": 10,
      "routed": 10,
      "short_route": 3,
      "invalid_route": 0
    },
    "result": {
      "name": "result_28890_28920",
      "cost": 0,
      "plans": 1,
      "timeout": 300
    }
  },
  "e124": {
    "problem": {
      "name": "problem_28920_28950",
      "time": 0.003,
      "routes": 89,
      "junctions": 62
    },
    "vehicle": {
      "total": 28,
      "scheduled": 14,
      "routed": 14,
      "short_route": 0,
      "invalid_route": 1
    },
    "result": {
      "name": "result_28920_28950",
      "cost": 0,
      "plans": 1,
      "timeout": 300
    }
  },
  "e125": {
    "problem": {
      "name": "problem_28950_28980",
      "time": 0.003,
      "routes": 89,
      "junctions": 68
    },
    "vehicle": {
      "total": 12,
      "scheduled": 7,
      "routed": 7,
      "short_route": 1,
      "invalid_route": 0
    },
    "result": {
      "name": "result_28950_28980",
      "cost": 0,
      "plans": 1,
      "timeout": 300
    }
  },
  "e126": {
    "problem": {
      "name": "problem_28980_29010",
      "time": 0.002,
      "routes": 72,
      "junctions": 53
    },
    "vehicle": {
      "total": 27,
      "scheduled": 8,
      "routed": 8,
      "short_route": 1,
      "invalid_route": 3
    },
    "result": {
      "name": "result_28980_29010",
      "cost": 0,
      "plans": 1,
      "timeout": 300
    }
  },
  "e127": {
    "problem": {
      "name": "problem_29010_29040",
      "time": 0.003,
      "routes": 100,
      "junctions": 70
    },
    "vehicle": {
      "total": 23,
      "scheduled": 12,
      "routed": 12,
      "short_route": 0,
      "invalid_route": 1
    },
    "result": {
      "name": "result_29010_29040",
      "cost": 0,
      "plans": 1,
      "timeout": 300
    }
  },
  "e128": {
    "problem": {
      "name": "problem_29040_29070",
      "time": 0.003,
      "routes": 97,
      "junctions": 67
    },
    "vehicle": {
      "total": 26,
      "scheduled": 10,
      "routed": 10,
      "short_route": 1,
      "invalid_route": 4
    },
    "result": {
      "name": "result_29040_29070",
      "cost": 0,
      "plans": 1,
      "timeout": 300
    }
  },
  "e129": {
    "problem": {
      "name": "problem_29070_29100",
      "time": 0.003,
      "routes": 96,
      "junctions": 62
    },
    "vehicle": {
      "total": 20,
      "scheduled": 7,
      "routed": 7,
      "short_route": 1,
      "invalid_route": 0
    },
    "result": {
      "name": "result_29070_29100",
      "cost": 0,
      "plans": 1,
      "timeout": 300
    }
  },
  "e130": {
    "problem": {
      "name": "problem_29100_29130",
      "time": 0.003,
      "routes": 105,
      "junctions": 61
    },
    "vehicle": {
      "total": 20,
      "scheduled": 7,
      "routed": 7,
      "short_route": 0,
      "invalid_route": 1
    },
    "result": {
      "name": "result_29100_29130",
      "cost": 0,
      "plans": 1,
      "timeout": 300
    }
  },
  "e131": {
    "problem": {
      "name": "problem_29130_29160",
      "time": 0.002,
      "routes": 59,
      "junctions": 46
    },
    "vehicle": {
      "total": 9,
      "scheduled": 3,
      "routed": 3,
      "short_route": 0,
      "invalid_route": 2
    },
    "result": {
      "name": "result_29130_29160",
      "cost": 0,
      "plans": 2,
      "timeout": 300
    }
  },
  "e132": {
    "problem": {
      "name": "problem_29160_29190",
      "time": 0.004,
      "routes": 124,
      "junctions": 69
    },
    "vehicle": {
      "total": 42,
      "scheduled": 12,
      "routed": 12,
      "short_route": 2,
      "invalid_route": 3
    },
    "result": {
      "name": "result_29160_29190",
      "cost": 0,
      "plans": 1,
      "timeout": 300
    }
  },
  "e133": {
    "problem": {
      "name": "problem_29190_29220",
      "time": 0.002,
      "routes": 60,
      "junctions": 46
    },
    "vehicle": {
      "total": 16,
      "scheduled": 6,
      "routed": 6,
      "short_route": 1,
      "invalid_route": 1
    },
    "result": {
      "name": "result_29190_29220",
      "cost": 0,
      "plans": 1,
      "timeout": 300
    }
  },
  "e134": {
    "problem": {
      "name": "problem_29220_29250",
      "time": 0.003,
      "routes": 96,
      "junctions": 69
    },
    "vehicle": {
      "total": 25,
      "scheduled": 9,
      "routed": 9,
      "short_route": 1,
      "invalid_route": 1
    },
    "result": {
      "name": "result_29220_29250",
      "cost": 0,
      "plans": 1,
      "timeout": 300
    }
  },
  "e135": {
    "problem": {
      "name": "problem_29250_29280",
      "time": 0.002,
      "routes": 63,
      "junctions": 54
    },
    "vehicle": {
      "total": 13,
      "scheduled": 5,
      "routed": 5,
      "short_route": 0,
      "invalid_route": 1
    },
    "result": {
      "name": "result_29250_29280",
      "cost": 0,
      "plans": 1,
      "timeout": 300
    }
  },
  "e136": {
    "problem": {
      "name": "problem_29280_29310",
      "time": 0.003,
      "routes": 114,
      "junctions": 68
    },
    "vehicle": {
      "total": 25,
      "scheduled": 8,
      "routed": 8,
      "short_route": 2,
      "invalid_route": 1
    },
    "result": {
      "name": "result_29280_29310",
      "cost": 0,
      "plans": 1,
      "timeout": 300
    }
  },
  "e137": {
    "problem": {
      "name": "problem_29310_29340",
      "time": 0.003,
      "routes": 106,
      "junctions": 69
    },
    "vehicle": {
      "total": 13,
      "scheduled": 5,
      "routed": 5,
      "short_route": 1,
      "invalid_route": 0
    },
    "result": {
      "name": "result_29310_29340",
      "cost": 0,
      "plans": 1,
      "timeout": 300
    }
  },
  "e138": {
    "problem": {
      "name": "problem_29340_29370",
      "time": 0.003,
      "routes": 107,
      "junctions": 70
    },
    "vehicle": {
      "total": 28,
      "scheduled": 10,
      "routed": 10,
      "short_route": 1,
      "invalid_route": 1
    },
    "result": {
      "name": "result_29340_29370",
      "cost": 0,
      "plans": 1,
      "timeout": 300
    }
  },
  "e139": {
    "problem": {
      "name": "problem_29370_29400",
      "time": 0.003,
      "routes": 101,
      "junctions": 64
    },
    "vehicle": {
      "total": 20,
      "scheduled": 7,
      "routed": 7,
      "short_route": 1,
      "invalid_route": 0
    },
    "result": {
      "name": "result_29370_29400",
      "cost": 0,
      "plans": 1,
      "timeout": 300
    }
  },
  "e140": {
    "problem": {
      "name": "problem_29400_29430",
      "time": 0.003,
      "routes": 116,
      "junctions": 73
    },
    "vehicle": {
      "total": 23,
      "scheduled": 10,
      "routed": 10,
      "short_route": 2,
      "invalid_route": 0
    },
    "result": {
      "name": "result_29400_29430",
      "cost": 0,
      "plans": 1,
      "timeout": 300
    }
  },
  "e141": {
    "problem": {
      "name": "problem_29430_29460",
      "time": 0.003,
      "routes": 106,
      "junctions": 67
    },
    "vehicle": {
      "total": 26,
      "scheduled": 11,
      "routed": 11,
      "short_route": 1,
      "invalid_route": 0
    },
    "result": {
      "name": "result_29430_29460",
      "cost": 0,
      "plans": 1,
      "timeout": 300
    }
  },
  "e142": {
    "problem": {
      "name": "problem_29460_29490",
      "time": 0.003,
      "routes": 98,
      "junctions": 61
    },
    "vehicle": {
      "total": 18,
      "scheduled": 7,
      "routed": 7,
      "short_route": 1,
      "invalid_route": 0
    },
    "result": {
      "name": "result_29460_29490",
      "cost": 0,
      "plans": 1,
      "timeout": 300
    }
  },
  "e143": {
    "problem": {
      "name": "problem_29490_29520",
      "time": 0.003,
      "routes": 100,
      "junctions": 60
    },
    "vehicle": {
      "total": 8,
      "scheduled": 5,
      "routed": 5,
      "short_route": 0,
      "invalid_route": 0
    },
    "result": {
      "name": "result_29490_29520",
      "cost": 0,
      "plans": 2,
      "timeout": 300
    }
  },
  "e144": {
    "problem": {
      "name": "problem_29520_29550",
      "time": 0.004,
      "routes": 107,
      "junctions": 72
    },
    "vehicle": {
      "total": 42,
      "scheduled": 15,
      "routed": 15,
      "short_route": 2,
      "invalid_route": 2
    },
    "result": {
      "name": "result_29520_29550",
      "cost": 0,
      "plans": 1,
      "timeout": 300
    }
  },
  "e145": {
    "problem": {
      "name": "problem_29550_29580",
      "time": 0.003,
      "routes": 88,
      "junctions": 69
    },
    "vehicle": {
      "total": 17,
      "scheduled": 8,
      "routed": 8,
      "short_route": 0,
      "invalid_route": 0
    },
    "result": {
      "name": "result_29550_29580",
      "cost": 0,
      "plans": 1,
      "timeout": 300
    }
  },
  "e146": {
    "problem": {
      "name": "problem_29580_29610",
      "time": 0.003,
      "routes": 99,
      "junctions": 64
    },
    "vehicle": {
      "total": 21,
      "scheduled": 8,
      "routed": 8,
      "short_route": 1,
      "invalid_route": 0
    },
    "result": {
      "name": "result_29580_29610",
      "cost": 0,
      "plans": 1,
      "timeout": 300
    }
  },
  "e147": {
    "problem": {
      "name": "problem_29610_29640",
      "time": 0.003,
      "routes": 86,
      "junctions": 63
    },
    "vehicle": {
      "total": 18,
      "scheduled": 5,
      "routed": 5,
      "short_route": 2,
      "invalid_route": 0
    },
    "result": {
      "name": "result_29610_29640",
      "cost": 0,
      "plans": 1,
      "timeout": 300
    }
  },
  "e148": {
    "problem": {
      "name": "problem_29640_29670",
      "time": 0.003,
      "routes": 95,
      "junctions": 65
    },
    "vehicle": {
      "total": 22,
      "scheduled": 9,
      "routed": 9,
      "short_route": 1,
      "invalid_route": 1
    },
    "result": {
      "name": "result_29640_29670",
      "cost": 0,
      "plans": 1,
      "timeout": 300
    }
  },
  "e149": {
    "problem": {
      "name": "problem_29670_29700",
      "time": 0.003,
      "routes": 83,
      "junctions": 53
    },
    "vehicle": {
      "total": 16,
      "scheduled": 6,
      "routed": 6,
      "short_route": 0,
      "invalid_route": 0
    },
    "result": {
      "name": "result_29670_29700",
      "cost": 0,
      "plans": 1,
      "timeout": 300
    }
  },
  "e150": {
    "problem": {
      "name": "problem_29700_29730",
      "time": 0.003,
      "routes": 86,
      "junctions": 57
    },
    "vehicle": {
      "total": 22,
      "scheduled": 5,
      "routed": 5,
      "short_route": 2,
      "invalid_route": 1
    },
    "result": {
      "name": "result_29700_29730",
      "cost": 0,
      "plans": 2,
      "timeout": 300
    }
  },
  "e151": {
    "problem": {
      "name": "problem_29730_29760",
      "time": 0.002,
      "routes": 56,
      "junctions": 51
    },
    "vehicle": {
      "total": 14,
      "scheduled": 4,
      "routed": 4,
      "short_route": 0,
      "invalid_route": 2
    },
    "result": {
      "name": "result_29730_29760",
      "cost": 0,
      "plans": 1,
      "timeout": 300
    }
  },
  "e152": {
    "problem": {
      "name": "problem_29760_29790",
      "time": 0.002,
      "routes": 76,
      "junctions": 62
    },
    "vehicle": {
      "total": 24,
      "scheduled": 9,
      "routed": 9,
      "short_route": 0,
      "invalid_route": 1
    },
    "result": {
      "name": "result_29760_29790",
      "cost": 0,
      "plans": 1,
      "timeout": 300
    }
  },
  "e153": {
    "problem": {
      "name": "problem_29790_29820",
      "time": 0.003,
      "routes": 80,
      "junctions": 64
    },
    "vehicle": {
      "total": 22,
      "scheduled": 9,
      "routed": 9,
      "short_route": 2,
      "invalid_route": 0
    },
    "result": {
      "name": "result_29790_29820",
      "cost": 0,
      "plans": 1,
      "timeout": 300
    }
  },
  "e154": {
    "problem": {
      "name": "problem_29820_29850",
      "time": 0.003,
      "routes": 100,
      "junctions": 61
    },
    "vehicle": {
      "total": 20,
      "scheduled": 9,
      "routed": 9,
      "short_route": 0,
      "invalid_route": 0
    },
    "result": {
      "name": "result_29820_29850",
      "cost": 0,
      "plans": 1,
      "timeout": 300
    }
  },
  "e155": {
    "problem": {
      "name": "problem_29850_29880",
      "time": 0.002,
      "routes": 63,
      "junctions": 45
    },
    "vehicle": {
      "total": 5,
      "scheduled": 2,
      "routed": 2,
      "short_route": 0,
      "invalid_route": 0
    },
    "result": {
      "name": "result_29850_29880",
      "cost": 0,
      "plans": 2,
      "timeout": 300
    }
  },
  "e156": {
    "problem": {
      "name": "problem_29880_29910",
      "time": 0.004,
      "routes": 134,
      "junctions": 75
    },
    "vehicle": {
      "total": 47,
      "scheduled": 17,
      "routed": 17,
      "short_route": 1,
      "invalid_route": 3
    },
    "result": {
      "name": "result_29880_29910",
      "cost": 0,
      "plans": 1,
      "timeout": 300
    }
  },
  "e157": {
    "problem": {
      "name": "problem_29910_29940",
      "time": 0.003,
      "routes": 95,
      "junctions": 58
    },
    "vehicle": {
      "total": 17,
      "scheduled": 6,
      "routed": 6,
      "short_route": 0,
      "invalid_route": 0
    },
    "result": {
      "name": "result_29910_29940",
      "cost": 0,
      "plans": 1,
      "timeout": 300
    }
  },
  "e158": {
    "problem": {
      "name": "problem_29940_29970",
      "time": 0.003,
      "routes": 110,
      "junctions": 68
    },
    "vehicle": {
      "total": 19,
      "scheduled": 9,
      "routed": 9,
      "short_route": 2,
      "invalid_route": 1
    },
    "result": {
      "name": "result_29940_29970",
      "cost": 0,
      "plans": 1,
      "timeout": 300
    }
  },
  "e159": {
    "problem": {
      "name": "problem_29970_30000",
      "time": 0.003,
      "routes": 100,
      "junctions": 72
    },
    "vehicle": {
      "total": 21,
      "scheduled": 10,
      "routed": 10,
      "short_route": 1,
      "invalid_route": 0
    },
    "result": {
      "name": "result_29970_30000",
      "cost": 0,
      "plans": 1,
      "timeout": 300
    }
  },
  "e160": {
    "problem": {
      "name": "problem_30000_30030",
      "time": 0.003,
      "routes": 85,
      "junctions": 52
    },
    "vehicle": {
      "total": 29,
      "scheduled": 8,
      "routed": 8,
      "short_route": 1,
      "invalid_route": 2
    },
    "result": {
      "name": "result_30000_30030",
      "cost": 0,
      "plans": 1,
      "timeout": 300
    }
  },
  "e161": {
    "problem": {
      "name": "problem_30030_30060",
      "time": 0.002,
      "routes": 76,
      "junctions": 58
    },
    "vehicle": {
      "total": 13,
      "scheduled": 5,
      "routed": 5,
      "short_route": 0,
      "invalid_route": 0
    },
    "result": {
      "name": "result_30030_30060",
      "cost": 0,
      "plans": 1,
      "timeout": 300
    }
  },
  "e162": {
    "problem": {
      "name": "problem_30060_30090",
      "time": 0.004,
      "routes": 127,
      "junctions": 74
    },
    "vehicle": {
      "total": 29,
      "scheduled": 17,
      "routed": 17,
      "short_route": 1,
      "invalid_route": 0
    },
    "result": {
      "name": "result_30060_30090",
      "cost": 0,
      "plans": 1,
      "timeout": 300
    }
  },
  "e163": {
    "problem": {
      "name": "problem_30090_30120",
      "time": 0.002,
      "routes": 75,
      "junctions": 54
    },
    "vehicle": {
      "total": 14,
      "scheduled": 5,
      "routed": 5,
      "short_route": 1,
      "invalid_route": 0
    },
    "result": {
      "name": "result_30090_30120",
      "cost": 0,
      "plans": 2,
      "timeout": 300
    }
  },
  "e164": {
    "problem": {
      "name": "problem_30120_30150",
      "time": 0.003,
      "routes": 107,
      "junctions": 66
    },
    "vehicle": {
      "total": 24,
      "scheduled": 11,
      "routed": 11,
      "short_route": 0,
      "invalid_route": 1
    },
    "result": {
      "name": "result_30120_30150",
      "cost": 0,
      "plans": 1,
      "timeout": 300
    }
  },
  "e165": {
    "problem": {
      "name": "problem_30150_30180",
      "time": 0.003,
      "routes": 107,
      "junctions": 68
    },
    "vehicle": {
      "total": 27,
      "scheduled": 9,
      "routed": 9,
      "short_route": 1,
      "invalid_route": 1
    },
    "result": {
      "name": "result_30150_30180",
      "cost": 0,
      "plans": 1,
      "timeout": 300
    }
  },
  "e166": {
    "problem": {
      "name": "problem_30180_30210",
      "time": 0.004,
      "routes": 126,
      "junctions": 76
    },
    "vehicle": {
      "total": 25,
      "scheduled": 15,
      "routed": 15,
      "short_route": 1,
      "invalid_route": 0
    },
    "result": {
      "name": "result_30180_30210",
      "cost": 0,
      "plans": 1,
      "timeout": 300
    }
  },
  "e167": {
    "problem": {
      "name": "problem_30210_30240",
      "time": 0.002,
      "routes": 86,
      "junctions": 60
    },
    "vehicle": {
      "total": 12,
      "scheduled": 5,
      "routed": 5,
      "short_route": 1,
      "invalid_route": 0
    },
    "result": {
      "name": "result_30210_30240",
      "cost": 0,
      "plans": 2,
      "timeout": 300
    }
  },
  "e168": {
    "problem": {
      "name": "problem_30240_30270",
      "time": 0.004,
      "routes": 133,
      "junctions": 76
    },
    "vehicle": {
      "total": 47,
      "scheduled": 18,
      "routed": 18,
      "short_route": 2,
      "invalid_route": 1
    },
    "result": {
      "name": "result_30240_30270",
      "cost": 0,
      "plans": 1,
      "timeout": 300
    }
  },
  "e169": {
    "problem": {
      "name": "problem_30270_30300",
      "time": 0.003,
      "routes": 112,
      "junctions": 67
    },
    "vehicle": {
      "total": 20,
      "scheduled": 9,
      "routed": 9,
      "short_route": 1,
      "invalid_route": 1
    },
    "result": {
      "name": "result_30270_30300",
      "cost": 0,
      "plans": 1,
      "timeout": 300
    }
  },
  "e170": {
    "problem": {
      "name": "problem_30300_30330",
      "time": 0.003,
      "routes": 110,
      "junctions": 75
    },
    "vehicle": {
      "total": 20,
      "scheduled": 11,
      "routed": 11,
      "short_route": 2,
      "invalid_route": 1
    },
    "result": {
      "name": "result_30300_30330",
      "cost": 0,
      "plans": 1,
      "timeout": 300
    }
  },
  "e171": {
    "problem": {
      "name": "problem_30330_30360",
      "time": 0.003,
      "routes": 118,
      "junctions": 69
    },
    "vehicle": {
      "total": 17,
      "scheduled": 9,
      "routed": 9,
      "short_route": 1,
      "invalid_route": 0
    },
    "result": {
      "name": "result_30330_30360",
      "cost": 0,
      "plans": 1,
      "timeout": 300
    }
  },
  "e172": {
    "problem": {
      "name": "problem_30360_30390",
      "time": 0.003,
      "routes": 92,
      "junctions": 68
    },
    "vehicle": {
      "total": 26,
      "scheduled": 12,
      "routed": 12,
      "short_route": 0,
      "invalid_route": 1
    },
    "result": {
      "name": "result_30360_30390",
      "cost": 0,
      "plans": 1,
      "timeout": 300
    }
  },
  "e173": {
    "problem": {
      "name": "problem_30390_30420",
      "time": 0.003,
      "routes": 95,
      "junctions": 64
    },
    "vehicle": {
      "total": 13,
      "scheduled": 7,
      "routed": 7,
      "short_route": 1,
      "invalid_route": 0
    },
    "result": {
      "name": "result_30390_30420",
      "cost": 0,
      "plans": 1,
      "timeout": 300
    }
  },
  "e174": {
    "problem": {
      "name": "problem_30420_30450",
      "time": 0.004,
      "routes": 123,
      "junctions": 72
    },
    "vehicle": {
      "total": 25,
      "scheduled": 11,
      "routed": 11,
      "short_route": 1,
      "invalid_route": 0
    },
    "result": {
      "name": "result_30420_30450",
      "cost": 0,
      "plans": 1,
      "timeout": 300
    }
  },
  "e175": {
    "problem": {
      "name": "problem_30450_30480",
      "time": 0.003,
      "routes": 107,
      "junctions": 69
    },
    "vehicle": {
      "total": 23,
      "scheduled": 8,
      "routed": 8,
      "short_route": 1,
      "invalid_route": 0
    },
    "result": {
      "name": "result_30450_30480",
      "cost": 0,
      "plans": 1,
      "timeout": 300
    }
  },
  "e176": {
    "problem": {
      "name": "problem_30480_30510",
      "time": 0.002,
      "routes": 62,
      "junctions": 51
    },
    "vehicle": {
      "total": 17,
      "scheduled": 4,
      "routed": 4,
      "short_route": 1,
      "invalid_route": 0
    },
    "result": {
      "name": "result_30480_30510",
      "cost": 0,
      "plans": 2,
      "timeout": 300
    }
  },
  "e177": {
    "problem": {
      "name": "problem_30510_30540",
      "time": 0.003,
      "routes": 87,
      "junctions": 51
    },
    "vehicle": {
      "total": 23,
      "scheduled": 5,
      "routed": 5,
      "short_route": 2,
      "invalid_route": 2
    },
    "result": {
      "name": "result_30510_30540",
      "cost": 0,
      "plans": 1,
      "timeout": 300
    }
  },
  "e178": {
    "problem": {
      "name": "problem_30540_30570",
      "time": 0.004,
      "routes": 133,
      "junctions": 72
    },
    "vehicle": {
      "total": 23,
      "scheduled": 11,
      "routed": 11,
      "short_route": 0,
      "invalid_route": 0
    },
    "result": {
      "name": "result_30540_30570",
      "cost": 0,
      "plans": 1,
      "timeout": 300
    }
  },
  "e179": {
    "problem": {
      "name": "problem_30570_30600",
      "time": 0.001,
      "routes": 33,
      "junctions": 32
    },
    "vehicle": {
      "total": 8,
      "scheduled": 2,
      "routed": 2,
      "short_route": 1,
      "invalid_route": 0
    },
    "result": {
      "name": "result_30570_30600",
      "cost": 0,
      "plans": 3,
      "timeout": 300
    }
  },
  "e180": {
    "problem": {
      "name": "problem_30600_30630",
      "time": 0.004,
      "routes": 119,
      "junctions": 73
    },
    "vehicle": {
      "total": 44,
      "scheduled": 11,
      "routed": 11,
      "short_route": 3,
      "invalid_route": 1
    },
    "result": {
      "name": "result_30600_30630",
      "cost": 0,
      "plans": 1,
      "timeout": 300
    }
  },
  "e181": {
    "problem": {
      "name": "problem_30630_30660",
      "time": 0.002,
      "routes": 76,
      "junctions": 60
    },
    "vehicle": {
      "total": 18,
      "scheduled": 8,
      "routed": 8,
      "short_route": 0,
      "invalid_route": 0
    },
    "result": {
      "name": "result_30630_30660",
      "cost": 0,
      "plans": 1,
      "timeout": 300
    }
  },
  "e182": {
    "problem": {
      "name": "problem_30660_30690",
      "time": 0.003,
      "routes": 84,
      "junctions": 63
    },
    "vehicle": {
      "total": 18,
      "scheduled": 8,
      "routed": 8,
      "short_route": 1,
      "invalid_route": 0
    },
    "result": {
      "name": "result_30660_30690",
      "cost": 0,
      "plans": 1,
      "timeout": 300
    }
  },
  "e183": {
    "problem": {
      "name": "problem_30690_30720",
      "time": 0.004,
      "routes": 120,
      "junctions": 75
    },
    "vehicle": {
      "total": 18,
      "scheduled": 11,
      "routed": 11,
      "short_route": 0,
      "invalid_route": 1
    },
    "result": {
      "name": "result_30690_30720",
      "cost": 0,
      "plans": 1,
      "timeout": 300
    }
  },
  "e184": {
    "problem": {
      "name": "problem_30720_30750",
      "time": 0.002,
      "routes": 74,
      "junctions": 58
    },
    "vehicle": {
      "total": 23,
      "scheduled": 6,
      "routed": 6,
      "short_route": 5,
      "invalid_route": 0
    },
    "result": {
      "name": "result_30720_30750",
      "cost": 0,
      "plans": 1,
      "timeout": 300
    }
  },
  "e185": {
    "problem": {
      "name": "problem_30750_30780",
      "time": 0.003,
      "routes": 95,
      "junctions": 62
    },
    "vehicle": {
      "total": 16,
      "scheduled": 8,
      "routed": 8,
      "short_route": 0,
      "invalid_route": 0
    },
    "result": {
      "name": "result_30750_30780",
      "cost": 0,
      "plans": 1,
      "timeout": 300
    }
  },
  "e186": {
    "problem": {
      "name": "problem_30780_30810",
      "time": 0.003,
      "routes": 101,
      "junctions": 65
    },
    "vehicle": {
      "total": 34,
      "scheduled": 10,
      "routed": 10,
      "short_route": 0,
      "invalid_route": 0
    },
    "result": {
      "name": "result_30780_30810",
      "cost": 0,
      "plans": 1,
      "timeout": 300
    }
  },
  "e187": {
    "problem": {
      "name": "problem_30810_30840",
      "time": 0.002,
      "routes": 53,
      "junctions": 46
    },
    "vehicle": {
      "total": 16,
      "scheduled": 4,
      "routed": 4,
      "short_route": 1,
      "invalid_route": 0
    },
    "result": {
      "name": "result_30810_30840",
      "cost": 0,
      "plans": 2,
      "timeout": 300
    }
  },
  "e188": {
    "problem": {
      "name": "problem_30840_30870",
      "time": 0.003,
      "routes": 84,
      "junctions": 65
    },
    "vehicle": {
      "total": 24,
      "scheduled": 10,
      "routed": 10,
      "short_route": 1,
      "invalid_route": 0
    },
    "result": {
      "name": "result_30840_30870",
      "cost": 0,
      "plans": 1,
      "timeout": 300
    }
  },
  "e189": {
    "problem": {
      "name": "problem_30870_30900",
      "time": 0.004,
      "routes": 123,
      "junctions": 68
    },
    "vehicle": {
      "total": 26,
      "scheduled": 11,
      "routed": 11,
      "short_route": 2,
      "invalid_route": 1
    },
    "result": {
      "name": "result_30870_30900",
      "cost": 0,
      "plans": 1,
      "timeout": 300
    }
  },
  "e190": {
    "problem": {
      "name": "problem_30900_30930",
      "time": 0.003,
      "routes": 95,
      "junctions": 62
    },
    "vehicle": {
      "total": 19,
      "scheduled": 6,
      "routed": 6,
      "short_route": 0,
      "invalid_route": 2
    },
    "result": {
      "name": "result_30900_30930",
      "cost": 0,
      "plans": 1,
      "timeout": 300
    }
  },
  "e191": {
    "problem": {
      "name": "problem_30930_30960",
      "time": 0.001,
      "routes": 44,
      "junctions": 40
    },
    "vehicle": {
      "total": 10,
      "scheduled": 1,
      "routed": 1,
      "short_route": 0,
      "invalid_route": 0
    },
    "result": {
      "name": "result_30930_30960",
      "cost": 0,
      "plans": 1,
      "timeout": 300
    }
  },
  "e192": {
    "problem": {
      "name": "problem_30960_30990",
      "time": 0.003,
      "routes": 106,
      "junctions": 70
    },
    "vehicle": {
      "total": 53,
      "scheduled": 15,
      "routed": 15,
      "short_route": 3,
      "invalid_route": 1
    },
    "result": {
      "name": "result_30960_30990",
      "cost": 0,
      "plans": 1,
      "timeout": 300
    }
  },
  "e193": {
    "problem": {
      "name": "problem_30990_31020",
      "time": 0.003,
      "routes": 88,
      "junctions": 61
    },
    "vehicle": {
      "total": 17,
      "scheduled": 6,
      "routed": 6,
      "short_route": 2,
      "invalid_route": 0
    },
    "result": {
      "name": "result_30990_31020",
      "cost": 0,
      "plans": 1,
      "timeout": 300
    }
  },
  "e194": {
    "problem": {
      "name": "problem_31020_31050",
      "time": 0.003,
      "routes": 91,
      "junctions": 60
    },
    "vehicle": {
      "total": 25,
      "scheduled": 8,
      "routed": 8,
      "short_route": 0,
      "invalid_route": 0
    },
    "result": {
      "name": "result_31020_31050",
      "cost": 0,
      "plans": 1,
      "timeout": 300
    }
  },
  "e195": {
    "problem": {
      "name": "problem_31050_31080",
      "time": 0.002,
      "routes": 63,
      "junctions": 51
    },
    "vehicle": {
      "total": 15,
      "scheduled": 6,
      "routed": 6,
      "short_route": 0,
      "invalid_route": 0
    },
    "result": {
      "name": "result_31050_31080",
      "cost": 0,
      "plans": 1,
      "timeout": 300
    }
  },
  "e196": {
    "problem": {
      "name": "problem_31080_31110",
      "time": 0.002,
      "routes": 70,
      "junctions": 51
    },
    "vehicle": {
      "total": 22,
      "scheduled": 6,
      "routed": 6,
      "short_route": 1,
      "invalid_route": 1
    },
    "result": {
      "name": "result_31080_31110",
      "cost": 0,
      "plans": 1,
      "timeout": 300
    }
  },
  "e197": {
    "problem": {
      "name": "problem_31110_31140",
      "time": 0.003,
      "routes": 119,
      "junctions": 71
    },
    "vehicle": {
      "total": 20,
      "scheduled": 10,
      "routed": 10,
      "short_route": 0,
      "invalid_route": 0
    },
    "result": {
      "name": "result_31110_31140",
      "cost": 0,
      "plans": 1,
      "timeout": 300
    }
  },
  "e198": {
    "problem": {
      "name": "problem_31140_31170",
      "time": 0.003,
      "routes": 89,
      "junctions": 61
    },
    "vehicle": {
      "total": 28,
      "scheduled": 7,
      "routed": 7,
      "short_route": 0,
      "invalid_route": 2
    },
    "result": {
      "name": "result_31140_31170",
      "cost": 0,
      "plans": 1,
      "timeout": 300
    }
  },
  "e199": {
    "problem": {
      "name": "problem_31170_31200",
      "time": 0.003,
      "routes": 109,
      "junctions": 64
    },
    "vehicle": {
      "total": 21,
      "scheduled": 8,
      "routed": 8,
      "short_route": 0,
      "invalid_route": 0
    },
    "result": {
      "name": "result_31170_31200",
      "cost": 0,
      "plans": 1,
      "timeout": 300
    }
  },
  "e200": {
    "problem": {
      "name": "problem_31200_31230",
      "time": 0.003,
      "routes": 114,
      "junctions": 68
    },
    "vehicle": {
      "total": 22,
      "scheduled": 11,
      "routed": 11,
      "short_route": 2,
      "invalid_route": 0
    },
    "result": {
      "name": "result_31200_31230",
      "cost": 0,
      "plans": 1,
      "timeout": 300
    }
  },
  "e201": {
    "problem": {
      "name": "problem_31230_31260",
      "time": 0.003,
      "routes": 107,
      "junctions": 65
    },
    "vehicle": {
      "total": 25,
      "scheduled": 12,
      "routed": 12,
      "short_route": 1,
      "invalid_route": 1
    },
    "result": {
      "name": "result_31230_31260",
      "cost": 0,
      "plans": 1,
      "timeout": 300
    }
  },
  "e202": {
    "problem": {
      "name": "problem_31260_31290",
      "time": 0.003,
      "routes": 95,
      "junctions": 63
    },
    "vehicle": {
      "total": 22,
      "scheduled": 11,
      "routed": 11,
      "short_route": 1,
      "invalid_route": 1
    },
    "result": {
      "name": "result_31260_31290",
      "cost": 0,
      "plans": 1,
      "timeout": 300
    }
  },
  "e203": {
    "problem": {
      "name": "problem_31290_31320",
      "time": 0.002,
      "routes": 69,
      "junctions": 53
    },
    "vehicle": {
      "total": 9,
      "scheduled": 3,
      "routed": 3,
      "short_route": 0,
      "invalid_route": 0
    },
    "result": {
      "name": "result_31290_31320",
      "cost": 0,
      "plans": 2,
      "timeout": 300
    }
  },
  "e204": {
    "problem": {
      "name": "problem_31320_31350",
      "time": 0.003,
      "routes": 100,
      "junctions": 65
    },
    "vehicle": {
      "total": 44,
      "scheduled": 14,
      "routed": 14,
      "short_route": 3,
      "invalid_route": 3
    },
    "result": {
      "name": "result_31320_31350",
      "cost": 0,
      "plans": 1,
      "timeout": 300
    }
  },
  "e205": {
    "problem": {
      "name": "problem_31350_31380",
      "time": 0.002,
      "routes": 50,
      "junctions": 42
    },
    "vehicle": {
      "total": 16,
      "scheduled": 3,
      "routed": 3,
      "short_route": 0,
      "invalid_route": 0
    },
    "result": {
      "name": "result_31350_31380",
      "cost": 0,
      "plans": 4,
      "timeout": 300
    }
  },
  "e206": {
    "problem": {
      "name": "problem_31380_31410",
      "time": 0.003,
      "routes": 117,
      "junctions": 75
    },
    "vehicle": {
      "total": 21,
      "scheduled": 9,
      "routed": 9,
      "short_route": 0,
      "invalid_route": 0
    },
    "result": {
      "name": "result_31380_31410",
      "cost": 0,
      "plans": 1,
      "timeout": 300
    }
  },
  "e207": {
    "problem": {
      "name": "problem_31410_31440",
      "time": 0.003,
      "routes": 96,
      "junctions": 58
    },
    "vehicle": {
      "total": 19,
      "scheduled": 9,
      "routed": 9,
      "short_route": 0,
      "invalid_route": 1
    },
    "result": {
      "name": "result_31410_31440",
      "cost": 0,
      "plans": 1,
      "timeout": 300
    }
  },
  "e208": {
    "problem": {
      "name": "problem_31440_31470",
      "time": 0.003,
      "routes": 99,
      "junctions": 64
    },
    "vehicle": {
      "total": 34,
      "scheduled": 13,
      "routed": 13,
      "short_route": 1,
      "invalid_route": 2
    },
    "result": {
      "name": "result_31440_31470",
      "cost": 0,
      "plans": 1,
      "timeout": 300
    }
  },
  "e209": {
    "problem": {
      "name": "problem_31470_31500",
      "time": 0.003,
      "routes": 99,
      "junctions": 67
    },
    "vehicle": {
      "total": 15,
      "scheduled": 8,
      "routed": 8,
      "short_route": 0,
      "invalid_route": 0
    },
    "result": {
      "name": "result_31470_31500",
      "cost": 0,
      "plans": 1,
      "timeout": 300
    }
  },
  "e210": {
    "problem": {
      "name": "problem_31500_31530",
      "time": 0.003,
      "routes": 102,
      "junctions": 70
    },
    "vehicle": {
      "total": 30,
      "scheduled": 11,
      "routed": 11,
      "short_route": 0,
      "invalid_route": 1
    },
    "result": {
      "name": "result_31500_31530",
      "cost": 0,
      "plans": 1,
      "timeout": 300
    }
  },
  "e211": {
    "problem": {
      "name": "problem_31530_31560",
      "time": 0.002,
      "routes": 73,
      "junctions": 58
    },
    "vehicle": {
      "total": 21,
      "scheduled": 9,
      "routed": 9,
      "short_route": 0,
      "invalid_route": 1
    },
    "result": {
      "name": "result_31530_31560",
      "cost": 0,
      "plans": 1,
      "timeout": 300
    }
  },
  "e212": {
    "problem": {
      "name": "problem_31560_31590",
      "time": 0.003,
      "routes": 95,
      "junctions": 64
    },
    "vehicle": {
      "total": 27,
      "scheduled": 9,
      "routed": 9,
      "short_route": 2,
      "invalid_route": 0
    },
    "result": {
      "name": "result_31560_31590",
      "cost": 0,
      "plans": 1,
      "timeout": 300
    }
  },
  "e213": {
    "problem": {
      "name": "problem_31590_31620",
      "time": 0.002,
      "routes": 71,
      "junctions": 58
    },
    "vehicle": {
      "total": 28,
      "scheduled": 6,
      "routed": 6,
      "short_route": 1,
      "invalid_route": 0
    },
    "result": {
      "name": "result_31590_31620",
      "cost": 0,
      "plans": 1,
      "timeout": 300
    }
  },
  "e214": {
    "problem": {
      "name": "problem_31620_31650",
      "time": 0.003,
      "routes": 91,
      "junctions": 67
    },
    "vehicle": {
      "total": 21,
      "scheduled": 8,
      "routed": 8,
      "short_route": 1,
      "invalid_route": 0
    },
    "result": {
      "name": "result_31620_31650",
      "cost": 0,
      "plans": 1,
      "timeout": 300
    }
  },
  "e215": {
    "problem": {
      "name": "problem_31650_31680",
      "time": 0.002,
      "routes": 69,
      "junctions": 52
    },
    "vehicle": {
      "total": 11,
      "scheduled": 6,
      "routed": 6,
      "short_route": 0,
      "invalid_route": 0
    },
    "result": {
      "name": "result_31650_31680",
      "cost": 0,
      "plans": 1,
      "timeout": 300
    }
  },
  "e216": {
    "problem": {
      "name": "problem_31680_31710",
      "time": 0.004,
      "routes": 122,
      "junctions": 75
    },
    "vehicle": {
      "total": 44,
      "scheduled": 20,
      "routed": 20,
      "short_route": 4,
      "invalid_route": 1
    },
    "result": {
      "name": "result_31680_31710",
      "cost": 0,
      "plans": 1,
      "timeout": 300
    }
  },
  "e217": {
    "problem": {
      "name": "problem_31710_31740",
      "time": 0.003,
      "routes": 108,
      "junctions": 67
    },
    "vehicle": {
      "total": 24,
      "scheduled": 9,
      "routed": 9,
      "short_route": 1,
      "invalid_route": 1
    },
    "result": {
      "name": "result_31710_31740",
      "cost": 0,
      "plans": 1,
      "timeout": 300
    }
  },
  "e218": {
    "problem": {
      "name": "problem_31740_31770",
      "time": 0.003,
      "routes": 111,
      "junctions": 71
    },
    "vehicle": {
      "total": 18,
      "scheduled": 9,
      "routed": 9,
      "short_route": 1,
      "invalid_route": 1
    },
    "result": {
      "name": "result_31740_31770",
      "cost": 0,
      "plans": 1,
      "timeout": 300
    }
  },
  "e219": {
    "problem": {
      "name": "problem_31770_31800",
      "time": 0.004,
      "routes": 120,
      "junctions": 70
    },
    "vehicle": {
      "total": 25,
      "scheduled": 12,
      "routed": 12,
      "short_route": 1,
      "invalid_route": 2
    },
    "result": {
      "name": "result_31770_31800",
      "cost": 0,
      "plans": 1,
      "timeout": 300
    }
  },
  "e220": {
    "problem": {
      "name": "problem_31800_31830",
      "time": 0.003,
      "routes": 95,
      "junctions": 65
    },
    "vehicle": {
      "total": 27,
      "scheduled": 11,
      "routed": 11,
      "short_route": 2,
      "invalid_route": 0
    },
    "result": {
      "name": "result_31800_31830",
      "cost": 0,
      "plans": 1,
      "timeout": 300
    }
  },
  "e221": {
    "problem": {
      "name": "problem_31830_31860",
      "time": 0.002,
      "routes": 73,
      "junctions": 62
    },
    "vehicle": {
      "total": 19,
      "scheduled": 6,
      "routed": 6,
      "short_route": 1,
      "invalid_route": 0
    },
    "result": {
      "name": "result_31830_31860",
      "cost": 0,
      "plans": 1,
      "timeout": 300
    }
  },
  "e222": {
    "problem": {
      "name": "problem_31860_31890",
      "time": 0.003,
      "routes": 92,
      "junctions": 65
    },
    "vehicle": {
      "total": 30,
      "scheduled": 8,
      "routed": 8,
      "short_route": 0,
      "invalid_route": 0
    },
    "result": {
      "name": "result_31860_31890",
      "cost": 0,
      "plans": 1,
      "timeout": 300
    }
  },
  "e223": {
    "problem": {
      "name": "problem_31890_31920",
      "time": 0.003,
      "routes": 97,
      "junctions": 60
    },
    "vehicle": {
      "total": 15,
      "scheduled": 8,
      "routed": 8,
      "short_route": 0,
      "invalid_route": 0
    },
    "result": {
      "name": "result_31890_31920",
      "cost": 0,
      "plans": 1,
      "timeout": 300
    }
  },
  "e224": {
    "problem": {
      "name": "problem_31920_31950",
      "time": 0.003,
      "routes": 99,
      "junctions": 69
    },
    "vehicle": {
      "total": 27,
      "scheduled": 16,
      "routed": 16,
      "short_route": 0,
      "invalid_route": 0
    },
    "result": {
      "name": "result_31920_31950",
      "cost": 0,
      "plans": 1,
      "timeout": 300
    }
  },
  "e225": {
    "problem": {
      "name": "problem_31950_31980",
      "time": 0.003,
      "routes": 83,
      "junctions": 60
    },
    "vehicle": {
      "total": 24,
      "scheduled": 7,
      "routed": 7,
      "short_route": 1,
      "invalid_route": 0
    },
    "result": {
      "name": "result_31950_31980",
      "cost": 0,
      "plans": 1,
      "timeout": 300
    }
  },
  "e226": {
    "problem": {
      "name": "problem_31980_32010",
      "time": 0.003,
      "routes": 104,
      "junctions": 64
    },
    "vehicle": {
      "total": 21,
      "scheduled": 10,
      "routed": 10,
      "short_route": 0,
      "invalid_route": 0
    },
    "result": {
      "name": "result_31980_32010",
      "cost": 0,
      "plans": 1,
      "timeout": 300
    }
  },
  "e227": {
    "problem": {
      "name": "problem_32010_32040",
      "time": 0.002,
      "routes": 69,
      "junctions": 56
    },
    "vehicle": {
      "total": 6,
      "scheduled": 3,
      "routed": 3,
      "short_route": 0,
      "invalid_route": 0
    },
    "result": {
      "name": "result_32010_32040",
      "cost": 0,
      "plans": 4,
      "timeout": 300
    }
  },
  "e228": {
    "problem": {
      "name": "problem_32040_32070",
      "time": 0.003,
      "routes": 100,
      "junctions": 59
    },
    "vehicle": {
      "total": 33,
      "scheduled": 10,
      "routed": 10,
      "short_route": 2,
      "invalid_route": 0
    },
    "result": {
      "name": "result_32040_32070",
      "cost": 0,
      "plans": 1,
      "timeout": 300
    }
  },
  "e229": {
    "problem": {
      "name": "problem_32070_32100",
      "time": 0.003,
      "routes": 116,
      "junctions": 63
    },
    "vehicle": {
      "total": 15,
      "scheduled": 9,
      "routed": 9,
      "short_route": 0,
      "invalid_route": 0
    },
    "result": {
      "name": "result_32070_32100",
      "cost": 0,
      "plans": 1,
      "timeout": 300
    }
  },
  "e230": {
    "problem": {
      "name": "problem_32100_32130",
      "time": 0.003,
      "routes": 106,
      "junctions": 67
    },
    "vehicle": {
      "total": 18,
      "scheduled": 7,
      "routed": 7,
      "short_route": 2,
      "invalid_route": 0
    },
    "result": {
      "name": "result_32100_32130",
      "cost": 0,
      "plans": 1,
      "timeout": 300
    }
  },
  "e231": {
    "problem": {
      "name": "problem_32130_32160",
      "time": 0.003,
      "routes": 104,
      "junctions": 59
    },
    "vehicle": {
      "total": 18,
      "scheduled": 6,
      "routed": 6,
      "short_route": 0,
      "invalid_route": 0
    },
    "result": {
      "name": "result_32130_32160",
      "cost": 0,
      "plans": 1,
      "timeout": 300
    }
  },
  "e232": {
    "problem": {
      "name": "problem_32160_32190",
      "time": 0.003,
      "routes": 109,
      "junctions": 70
    },
    "vehicle": {
      "total": 20,
      "scheduled": 9,
      "routed": 9,
      "short_route": 1,
      "invalid_route": 1
    },
    "result": {
      "name": "result_32160_32190",
      "cost": 0,
      "plans": 1,
      "timeout": 300
    }
  },
  "e233": {
    "problem": {
      "name": "problem_32190_32220",
      "time": 0.002,
      "routes": 87,
      "junctions": 59
    },
    "vehicle": {
      "total": 14,
      "scheduled": 5,
      "routed": 5,
      "short_route": 0,
      "invalid_route": 0
    },
    "result": {
      "name": "result_32190_32220",
      "cost": 0,
      "plans": 1,
      "timeout": 300
    }
  },
  "e234": {
    "problem": {
      "name": "problem_32220_32250",
      "time": 0.003,
      "routes": 91,
      "junctions": 56
    },
    "vehicle": {
      "total": 29,
      "scheduled": 10,
      "routed": 10,
      "short_route": 3,
      "invalid_route": 0
    },
    "result": {
      "name": "result_32220_32250",
      "cost": 0,
      "plans": 1,
      "timeout": 300
    }
  },
  "e235": {
    "problem": {
      "name": "problem_32250_32280",
      "time": 0.003,
      "routes": 97,
      "junctions": 59
    },
    "vehicle": {
      "total": 15,
      "scheduled": 8,
      "routed": 8,
      "short_route": 0,
      "invalid_route": 0
    },
    "result": {
      "name": "result_32250_32280",
      "cost": 0,
      "plans": 1,
      "timeout": 300
    }
  },
  "e236": {
    "problem": {
      "name": "problem_32280_32310",
      "time": 0.003,
      "routes": 90,
      "junctions": 66
    },
    "vehicle": {
      "total": 26,
      "scheduled": 9,
      "routed": 9,
      "short_route": 1,
      "invalid_route": 0
    },
    "result": {
      "name": "result_32280_32310",
      "cost": 0,
      "plans": 1,
      "timeout": 300
    }
  },
  "e237": {
    "problem": {
      "name": "problem_32310_32340",
      "time": 0.003,
      "routes": 98,
      "junctions": 61
    },
    "vehicle": {
      "total": 17,
      "scheduled": 7,
      "routed": 7,
      "short_route": 0,
      "invalid_route": 0
    },
    "result": {
      "name": "result_32310_32340",
      "cost": 0,
      "plans": 1,
      "timeout": 300
    }
  },
  "e238": {
    "problem": {
      "name": "problem_32340_32370",
      "time": 0.002,
      "routes": 87,
      "junctions": 56
    },
    "vehicle": {
      "total": 14,
      "scheduled": 5,
      "routed": 5,
      "short_route": 1,
      "invalid_route": 0
    },
    "result": {
      "name": "result_32340_32370",
      "cost": 0,
      "plans": 1,
      "timeout": 300
    }
  },
  "e239": {
    "problem": {
      "name": "problem_32370_32400",
      "time": 0.002,
      "routes": 55,
      "junctions": 46
    },
    "vehicle": {
      "total": 6,
      "scheduled": 2,
      "routed": 2,
      "short_route": 1,
      "invalid_route": 0
    },
    "result": {
      "name": "result_32370_32400",
      "cost": 0,
      "plans": 2,
      "timeout": 300
    }
  }
}