name,loaded,inserted,running,waiting,total,jam,yield lane,wrong lane,collisions,stops,braking,vehicles,routeLength,speed,duration,waiting time,timeLoss,departDelay,total travel time,total depart delay
stats,6576,6576,650,0,0,0,0,0,0,0,49,5926,6942.58,10.40,670.92,138.14,212.40,0.23,3975895.00,1345.50
stats_full,6576,6576,0,0,0,0,0,0,0,0,57,6576,7080.17,10.40,684.24,140.66,216.03,0.21,4499571.00,1396.00
stats_full_routed,6576,6576,0,0,0,0,0,0,0,0,54,6576,6937.40,10.58,666.06,171.55,240.98,0.13,4380027.00,832.00
stats_routed,6576,6576,595,0,0,0,0,0,0,0,48,5981,6868.28,10.52,660.15,169.89,238.86,0.14,3948359.50,873.00
