<?xml version="1.0" encoding="UTF-8"?>

<!-- generated on 2024-10-10 11:27:59 by Eclipse SUMO sumo Version 1.18.0
<configuration xmlns:xsi="http://www.w3.org/2001/XMLSchema-instance" xsi:noNamespaceSchemaLocation="http://sumo.dlr.de/xsd/sumoConfiguration.xsd">

    <input>
        <net-file value="/home/svadlmat/UTC/utc/data/scenarios/lust_25200_32400_orange_planned/config/../../../maps/sumo/lust.net.xml"/>
        <additional-files value="/home/svadlmat/UTC/utc/data/scenarios/lust_25200_32400_orange_planned/config/../../lust_25200_32400_orange_planned/additional/lust_25200_32400_orange_planned.rou.xml,/home/svadlmat/UTC/utc/data/scenarios/lust_25200_32400_orange_planned/config/../../lust_25200_32400_orange_planned/additional/lust_25200_32400_orange_planned_vehicles.add.xml,/home/svadlmat/UTC/utc/data/scenarios/lust_25200_32400_orange_planned/config/../../Lust/additional/tll.static.xml"/>
    </input>

    <output>
        <statistic-output value="stats_routed.xml"/>
    </output>

    <time>
        <begin value="25200"/>
        <end value="32400"/>
        <step-length value="0.5"/>
    </time>

    <routing>
        <device.rerouting.probability value="1"/>
        <device.rerouting.pre-period value="30"/>
        <device.rerouting.threads value="8"/>
    </routing>

    <report>
        <no-warnings value="true"/>
        <duration-log.statistics value="true"/>
    </report>

</configuration>
-->

<statistics xmlns:xsi="http://www.w3.org/2001/XMLSchema-instance" xsi:noNamespaceSchemaLocation="http://sumo.dlr.de/xsd/statistic_file.xsd">
    <performance clockBegin="1728552479.90" clockEnd="1728552597.97" clockDuration="118.07" traciDuration="35.15" realTimeFactor="60.98" vehicleUpdatesPerSecond="70528.40" personUpdatesPerSecond="0.00" begin="25200.00" end="32400.00" duration="7200.00"/>
    <vehicles loaded="6576" inserted="6576" running="595" waiting="0"/>
    <teleports total="0" jam="0" yield="0" wrongLane="0"/>
    <safety collisions="0" emergencyStops="0" emergencyBraking="48"/>
    <persons loaded="0" running="0" jammed="0"/>
    <personTeleports total="0" abortWait="0" wrongDest="0"/>
    <vehicleTripStatistics count="5981" routeLength="6868.28" speed="10.52" duration="660.15" waitingTime="169.89" timeLoss="238.86" departDelay="0.14" departDelayWaiting="-1.00" totalTravelTime="3948359.50" totalDepartDelay="873.00"/>
    <pedestrianStatistics number="0" routeLength="0.00" duration="0.00" timeLoss="0.00"/>
    <rideStatistics number="0"/>
    <transportStatistics number="0"/>
</statistics>
