<?xml version="1.0" encoding="UTF-8"?>

<!-- generated on 2024-10-10 11:27:00 by Eclipse SUMO sumo Version 1.18.0
<configuration xmlns:xsi="http://www.w3.org/2001/XMLSchema-instance" xsi:noNamespaceSchemaLocation="http://sumo.dlr.de/xsd/sumoConfiguration.xsd">

    <input>
        <net-file value="/home/svadlmat/UTC/utc/data/scenarios/lust_25200_32400_orange_planned/config/../../../maps/sumo/lust.net.xml"/>
        <additional-files value="/home/svadlmat/UTC/utc/data/scenarios/lust_25200_32400_orange_planned/config/../../lust_25200_32400_orange_planned/additional/lust_25200_32400_orange_planned.rou.xml,/home/svadlmat/UTC/utc/data/scenarios/lust_25200_32400_orange_planned/config/../../lust_25200_32400_orange_planned/additional/lust_25200_32400_orange_planned_vehicles.add.xml,/home/svadlmat/UTC/utc/data/scenarios/lust_25200_32400_orange_planned/config/../../Lust/additional/tll.static.xml"/>
    </input>

    <output>
        <statistic-output value="stats_full.xml"/>
    </output>

    <time>
        <begin value="25200"/>
        <step-length value="0.5"/>
    </time>

    <report>
        <no-warnings value="true"/>
        <duration-log.statistics value="true"/>
    </report>

</configuration>
-->

<statistics xmlns:xsi="http://www.w3.org/2001/XMLSchema-instance" xsi:noNamespaceSchemaLocation="http://sumo.dlr.de/xsd/statistic_file.xsd">
    <performance clockBegin="1728552420.21" clockEnd="1728552529.84" clockDuration="109.62" traciDuration="43.33" realTimeFactor="79.69" vehicleUpdatesPerSecond="82091.73" personUpdatesPerSecond="0.00" begin="25200.00" end="33936.00" duration="8736.00"/>
    <vehicles loaded="6576" inserted="6576" running="0" waiting="0"/>
    <teleports total="0" jam="0" yield="0" wrongLane="0"/>
    <safety collisions="0" emergencyStops="0" emergencyBraking="57"/>
    <persons loaded="0" running="0" jammed="0"/>
    <personTeleports total="0" abortWait="0" wrongDest="0"/>
    <vehicleTripStatistics count="6576" routeLength="7080.17" speed="10.40" duration="684.24" waitingTime="140.66" timeLoss="216.03" departDelay="0.21" departDelayWaiting="-1.00" totalTravelTime="4499571.00" totalDepartDelay="1396.00"/>
    <pedestrianStatistics number="0" routeLength="0.00" duration="0.00" timeLoss="0.00"/>
    <rideStatistics number="0"/>
    <transportStatistics number="0"/>
</statistics>
