name,loaded,inserted,running,waiting,total,jam,yield lane,wrong lane,collisions,stops,braking,vehicles,routeLength,speed,duration,waiting time,timeLoss,departDelay,total travel time,total depart delay
stats,9227,9225,1047,0,18,9,8,0,1,0,52,8178,7861.85,10.46,775.21,160.59,248.79,0.08,6339695.00,635.50
stats_full,9227,9227,0,0,19,9,9,0,1,0,53,9227,7946.69,10.34,808.15,181.13,275.41,0.08,7456778.50,725.50
stats_full_routed,9227,9227,0,0,2,0,2,0,0,0,72,9227,7597.57,10.25,770.54,192.76,280.55,0.04,7109751.50,417.50
stats_routed,9227,9225,929,0,0,0,0,0,0,0,84,8296,7554.32,10.30,763.32,190.53,277.81,0.09,6332537.50,717.00
