name,loaded,inserted,running,waiting,total,jam,yield lane,wrong lane,collisions,stops,braking,vehicles,routeLength,speed,duration,waiting time,timeLoss,departDelay,total travel time,total depart delay
stats,4712,4575,594,137,122,47,55,20,0,0,17,3981,2382.76,7.06,395.37,119.71,172.69,3.47,1573961.50,13805.60
stats_full,4712,4712,0,0,221,101,92,28,0,0,17,4712,2428.73,6.39,565.25,268.02,333.55,67.77,2663437.00,319320.69
stats_full_routed,4712,4712,0,0,5,3,2,0,0,0,16,4712,2201.23,8.19,271.32,39.47,77.35,0.41,1278456.50,1928.19
stats_routed,4712,4712,123,0,5,3,2,0,0,0,16,4589,2192.71,8.19,270.38,39.30,77.14,0.42,1240758.50,1913.68
