<?xml version="1.0" encoding="UTF-8"?>

<!-- generated on 2024-10-10 12:06:31 by Eclipse SUMO sumo Version 1.18.0
<configuration xmlns:xsi="http://www.w3.org/2001/XMLSchema-instance" xsi:noNamespaceSchemaLocation="http://sumo.dlr.de/xsd/sumoConfiguration.xsd">

    <input>
        <net-file value="/home/svadlmat/UTC/utc/data/scenarios/itsc_25200_32400_red_planned/config/../../../maps/sumo/DCC.net.xml"/>
        <additional-files value="/home/svadlmat/UTC/utc/data/scenarios/itsc_25200_32400_red_planned/config/../../itsc_25200_32400_red_planned/additional/itsc_25200_32400_red_planned.rou.xml,/home/svadlmat/UTC/utc/data/scenarios/itsc_25200_32400_red_planned/config/../../itsc_25200_32400_red_planned/additional/itsc_25200_32400_red_planned_vehicles.add.xml,/home/svadlmat/UTC/utc/data/scenarios/itsc_25200_32400_red_planned/config/../../Base/DCC_trafficlights.add.xml"/>
    </input>

    <output>
        <statistic-output value="stats_full_routed.xml"/>
    </output>

    <time>
        <begin value="25200"/>
        <step-length value="0.5"/>
    </time>

    <routing>
        <device.rerouting.probability value="1"/>
        <device.rerouting.pre-period value="30"/>
        <device.rerouting.threads value="8"/>
    </routing>

    <report>
        <no-warnings value="true"/>
        <duration-log.statistics value="true"/>
    </report>

</configuration>
-->

<statistics xmlns:xsi="http://www.w3.org/2001/XMLSchema-instance" xsi:noNamespaceSchemaLocation="http://sumo.dlr.de/xsd/statistic_file.xsd">
    <performance clockBegin="1728554791.55" clockEnd="1728554839.83" clockDuration="48.28" traciDuration="23.26" realTimeFactor="157.00" vehicleUpdatesPerSecond="52957.89" personUpdatesPerSecond="0.00" begin="25200.00" end="32780.50" duration="7580.50"/>
    <vehicles loaded="4712" inserted="4712" running="0" waiting="0"/>
    <teleports total="5" jam="3" yield="2" wrongLane="0"/>
    <safety collisions="0" emergencyStops="0" emergencyBraking="16"/>
    <persons loaded="0" running="0" jammed="0"/>
    <personTeleports total="0" abortWait="0" wrongDest="0"/>
    <vehicleTripStatistics count="4712" routeLength="2201.23" speed="8.19" duration="271.32" waitingTime="39.47" timeLoss="77.35" departDelay="0.41" departDelayWaiting="-1.00" totalTravelTime="1278456.50" totalDepartDelay="1928.19"/>
    <pedestrianStatistics number="0" routeLength="0.00" duration="0.00" timeLoss="0.00"/>
    <rideStatistics number="0"/>
    <transportStatistics number="0"/>
</statistics>
