name,loaded,inserted,running,waiting,total,jam,yield lane,wrong lane,collisions,stops,braking,vehicles,routeLength,speed,duration,waiting time,timeLoss,departDelay,total travel time,total depart delay
stats,5137,5100,137,37,0,0,0,0,0,0,10,4963,1833.17,8.30,227.66,39.47,81.05,4.57,1129875.00,22699.15
stats_full,5137,5137,0,0,0,0,0,0,0,0,10,5137,1838.28,8.29,228.59,39.66,81.46,8.89,1174287.00,45671.67
stats_full_routed,5137,5137,0,0,0,0,0,0,0,0,8,5137,1768.65,8.30,218.06,39.25,78.61,13.38,1120197.00,68754.67
stats_routed,5137,5081,132,56,0,0,0,0,0,0,8,4949,1764.22,8.31,217.31,39.05,78.25,5.28,1075481.50,26135.63
