{
  "total": {
    "problems": {
      "total": 238,
      "time": 1.438999999999996,
      "routes": 45257,
      "junctions": 30072
    },
    "results": {
      "unique": 238,
      "cost": 0,
      "plans": 239,
      "timeout": 6426.0
    },
    "vehicles": {
      "total": 10778,
      "scheduled": 6168,
      "routed": 6168,
      "short_route": 273,
      "invalid_route": 553
    }
  },
  "average": {
    "problems": {
      "total": 1.0,
      "time": 0.01,
      "routes": 190.16,
      "junctions": 126.35
    },
    "results": {
      "unique": 1.0,
      "cost": 0.0,
      "plans": 1.0,
      "timeout": 27.0
    },
    "vehicles": {
      "total": 45.29,
      "scheduled": 25.92,
      "routed": 25.92,
      "short_route": 1.15,
      "invalid_route": 2.32
    }
  },
  "e0": {
    "problem": {
      "name": "problem_25200_25230",
      "time": 0.009,
      "routes": 264,
      "junctions": 167
    },
    "vehicle": {
      "total": 111,
      "scheduled": 64,
      "routed": 64,
      "short_route": 4,
      "invalid_route": 24
    },
    "result": {
      "name": "result_25200_25230",
      "cost": 0,
      "plans": 1,
      "timeout": 27
    }
  },
  "e1": {
    "problem": {
      "name": "problem_25230_25260",
      "time": 0.006,
      "routes": 190,
      "junctions": 130
    },
    "vehicle": {
      "total": 31,
      "scheduled": 19,
      "routed": 19,
      "short_route": 2,
      "invalid_route": 4
    },
    "result": {
      "name": "result_25230_25260",
      "cost": 0,
      "plans": 1,
      "timeout": 27
    }
  },
  "e2": {
    "problem": {
      "name": "problem_25260_25290",
      "time": 0.006,
      "routes": 200,
      "junctions": 127
    },
    "vehicle": {
      "total": 30,
      "scheduled": 19,
      "routed": 19,
      "short_route": 3,
      "invalid_route": 3
    },
    "result": {
      "name": "result_25260_25290",
      "cost": 0,
      "plans": 1,
      "timeout": 27
    }
  },
  "e3": {
    "problem": {
      "name": "problem_25290_25320",
      "time": 0.006,
      "routes": 212,
      "junctions": 138
    },
    "vehicle": {
      "total": 40,
      "scheduled": 21,
      "routed": 21,
      "short_route": 0,
      "invalid_route": 8
    },
    "result": {
      "name": "result_25290_25320",
      "cost": 0,
      "plans": 1,
      "timeout": 27
    }
  },
  "e4": {
    "problem": {
      "name": "problem_25320_25350",
      "time": 0.007,
      "routes": 204,
      "junctions": 134
    },
    "vehicle": {
      "total": 55,
      "scheduled": 33,
      "routed": 33,
      "short_route": 2,
      "invalid_route": 6
    },
    "result": {
      "name": "result_25320_25350",
      "cost": 0,
      "plans": 1,
      "timeout": 27
    }
  },
  "e5": {
    "problem": {
      "name": "problem_25350_25380",
      "time": 0.003,
      "routes": 110,
      "junctions": 77
    },
    "vehicle": {
      "total": 15,
      "scheduled": 10,
      "routed": 10,
      "short_route": 0,
      "invalid_route": 1
    },
    "result": {
      "name": "result_25350_25380",
      "cost": 0,
      "plans": 1,
      "timeout": 27
    }
  },
  "e6": {
    "problem": {
      "name": "problem_25380_25410",
      "time": 0.007,
      "routes": 226,
      "junctions": 144
    },
    "vehicle": {
      "total": 65,
      "scheduled": 35,
      "routed": 35,
      "short_route": 1,
      "invalid_route": 10
    },
    "result": {
      "name": "result_25380_25410",
      "cost": 0,
      "plans": 1,
      "timeout": 27
    }
  },
  "e7": {
    "problem": {
      "name": "problem_25410_25440",
      "time": 0.005,
      "routes": 159,
      "junctions": 106
    },
    "vehicle": {
      "total": 25,
      "scheduled": 15,
      "routed": 15,
      "short_route": 0,
      "invalid_route": 1
    },
    "result": {
      "name": "result_25410_25440",
      "cost": 0,
      "plans": 1,
      "timeout": 27
    }
  },
  "e8": {
    "problem": {
      "name": "problem_25440_25470",
      "time": 0.007,
      "routes": 208,
      "junctions": 133
    },
    "vehicle": {
      "total": 50,
      "scheduled": 30,
      "routed": 30,
      "short_route": 2,
      "invalid_route": 4
    },
    "result": {
      "name": "result_25440_25470",
      "cost": 0,
      "plans": 1,
      "timeout": 27
    }
  },
  "e9": {
    "problem": {
      "name": "problem_25470_25500",
      "time": 0.007,
      "routes": 198,
      "junctions": 124
    },
    "vehicle": {
      "total": 44,
      "scheduled": 30,
      "routed": 30,
      "short_route": 1,
      "invalid_route": 6
    },
    "result": {
      "name": "result_25470_25500",
      "cost": 0,
      "plans": 1,
      "timeout": 27
    }
  },
  "e10": {
    "problem": {
      "name": "problem_25500_25530",
      "time": 0.006,
      "routes": 187,
      "junctions": 128
    },
    "vehicle": {
      "total": 35,
      "scheduled": 25,
      "routed": 25,
      "short_route": 1,
      "invalid_route": 3
    },
    "result": {
      "name": "result_25500_25530",
      "cost": 0,
      "plans": 1,
      "timeout": 27
    }
  },
  "e11": {
    "problem": {
      "name": "problem_25530_25560",
      "time": 0.003,
      "routes": 97,
      "junctions": 74
    },
    "vehicle": {
      "total": 9,
      "scheduled": 6,
      "routed": 6,
      "short_route": 0,
      "invalid_route": 2
    },
    "result": {
      "name": "result_25530_25560",
      "cost": 0,
      "plans": 1,
      "timeout": 27
    }
  },
  "e12": {
    "problem": {
      "name": "problem_25560_25590",
      "time": 0.009,
      "routes": 254,
      "junctions": 161
    },
    "vehicle": {
      "total": 97,
      "scheduled": 58,
      "routed": 58,
      "short_route": 1,
      "invalid_route": 14
    },
    "result": {
      "name": "result_25560_25590",
      "cost": 0,
      "plans": 1,
      "timeout": 27
    }
  },
  "e13": {
    "problem": {
      "name": "problem_25590_25620",
      "time": 0.005,
      "routes": 172,
      "junctions": 112
    },
    "vehicle": {
      "total": 33,
      "scheduled": 21,
      "routed": 21,
      "short_route": 1,
      "invalid_route": 1
    },
    "result": {
      "name": "result_25590_25620",
      "cost": 0,
      "plans": 1,
      "timeout": 27
    }
  },
  "e14": {
    "problem": {
      "name": "problem_25620_25650",
      "time": 0.006,
      "routes": 199,
      "junctions": 126
    },
    "vehicle": {
      "total": 41,
      "scheduled": 24,
      "routed": 24,
      "short_route": 0,
      "invalid_route": 7
    },
    "result": {
      "name": "result_25620_25650",
      "cost": 0,
      "plans": 1,
      "timeout": 27
    }
  },
  "e15": {
    "problem": {
      "name": "problem_25650_25680",
      "time": 0.006,
      "routes": 183,
      "junctions": 119
    },
    "vehicle": {
      "total": 34,
      "scheduled": 22,
      "routed": 22,
      "short_route": 2,
      "invalid_route": 1
    },
    "result": {
      "name": "result_25650_25680",
      "cost": 0,
      "plans": 1,
      "timeout": 27
    }
  },
  "e16": {
    "problem": {
      "name": "problem_25680_25710",
      "time": 0.007,
      "routes": 220,
      "junctions": 143
    },
    "vehicle": {
      "total": 66,
      "scheduled": 32,
      "routed": 32,
      "short_route": 3,
      "invalid_route": 6
    },
    "result": {
      "name": "result_25680_25710",
      "cost": 0,
      "plans": 1,
      "timeout": 27
    }
  },
  "e17": {
    "problem": {
      "name": "problem_25710_25740",
      "time": 0.005,
      "routes": 170,
      "junctions": 118
    },
    "vehicle": {
      "total": 23,
      "scheduled": 16,
      "routed": 16,
      "short_route": 0,
      "invalid_route": 2
    },
    "result": {
      "name": "result_25710_25740",
      "cost": 0,
      "plans": 1,
      "timeout": 27
    }
  },
  "e18": {
    "problem": {
      "name": "problem_25740_25770",
      "time": 0.008,
      "routes": 237,
      "junctions": 154
    },
    "vehicle": {
      "total": 60,
      "scheduled": 42,
      "routed": 42,
      "short_route": 3,
      "invalid_route": 3
    },
    "result": {
      "name": "result_25740_25770",
      "cost": 0,
      "plans": 1,
      "timeout": 27
    }
  },
  "e19": {
    "problem": {
      "name": "problem_25770_25800",
      "time": 0.006,
      "routes": 206,
      "junctions": 133
    },
    "vehicle": {
      "total": 33,
      "scheduled": 18,
      "routed": 18,
      "short_route": 4,
      "invalid_route": 2
    },
    "result": {
      "name": "result_25770_25800",
      "cost": 0,
      "plans": 1,
      "timeout": 27
    }
  },
  "e20": {
    "problem": {
      "name": "problem_25800_25830",
      "time": 0.007,
      "routes": 217,
      "junctions": 138
    },
    "vehicle": {
      "total": 53,
      "scheduled": 35,
      "routed": 35,
      "short_route": 1,
      "invalid_route": 6
    },
    "result": {
      "name": "result_25800_25830",
      "cost": 0,
      "plans": 1,
      "timeout": 27
    }
  },
  "e21": {
    "problem": {
      "name": "problem_25830_25860",
      "time": 0.006,
      "routes": 176,
      "junctions": 114
    },
    "vehicle": {
      "total": 41,
      "scheduled": 28,
      "routed": 28,
      "short_route": 1,
      "invalid_route": 3
    },
    "result": {
      "name": "result_25830_25860",
      "cost": 0,
      "plans": 1,
      "timeout": 27
    }
  },
  "e22": {
    "problem": {
      "name": "problem_25860_25890",
      "time": 0.005,
      "routes": 166,
      "junctions": 114
    },
    "vehicle": {
      "total": 39,
      "scheduled": 21,
      "routed": 21,
      "short_route": 0,
      "invalid_route": 4
    },
    "result": {
      "name": "result_25860_25890",
      "cost": 0,
      "plans": 1,
      "timeout": 27
    }
  },
  "e23": {
    "problem": {
      "name": "problem_25890_25920",
      "time": 0.003,
      "routes": 108,
      "junctions": 79
    },
    "vehicle": {
      "total": 9,
      "scheduled": 8,
      "routed": 8,
      "short_route": 0,
      "invalid_route": 0
    },
    "result": {
      "name": "result_25890_25920",
      "cost": 0,
      "plans": 1,
      "timeout": 27
    }
  },
  "e24": {
    "problem": {
      "name": "problem_25920_25950",
      "time": 0.008,
      "routes": 222,
      "junctions": 147
    },
    "vehicle": {
      "total": 105,
      "scheduled": 57,
      "routed": 57,
      "short_route": 1,
      "invalid_route": 7
    },
    "result": {
      "name": "result_25920_25950",
      "cost": 0,
      "plans": 1,
      "timeout": 27
    }
  },
  "e25": {
    "problem": {
      "name": "problem_25950_25980",
      "time": 0.005,
      "routes": 171,
      "junctions": 112
    },
    "vehicle": {
      "total": 37,
      "scheduled": 18,
      "routed": 18,
      "short_route": 1,
      "invalid_route": 4
    },
    "result": {
      "name": "result_25950_25980",
      "cost": 0,
      "plans": 1,
      "timeout": 27
    }
  },
  "e26": {
    "problem": {
      "name": "problem_25980_26010",
      "time": 0.006,
      "routes": 200,
      "junctions": 134
    },
    "vehicle": {
      "total": 43,
      "scheduled": 25,
      "routed": 25,
      "short_route": 0,
      "invalid_route": 8
    },
    "result": {
      "name": "result_25980_26010",
      "cost": 0,
      "plans": 1,
      "timeout": 27
    }
  },
  "e27": {
    "problem": {
      "name": "problem_26010_26040",
      "time": 0.007,
      "routes": 219,
      "junctions": 143
    },
    "vehicle": {
      "total": 56,
      "scheduled": 31,
      "routed": 31,
      "short_route": 2,
      "invalid_route": 3
    },
    "result": {
      "name": "result_26010_26040",
      "cost": 0,
      "plans": 1,
      "timeout": 27
    }
  },
  "e28": {
    "problem": {
      "name": "problem_26040_26070",
      "time": 0.008,
      "routes": 239,
      "junctions": 153
    },
    "vehicle": {
      "total": 54,
      "scheduled": 34,
      "routed": 34,
      "short_route": 1,
      "invalid_route": 3
    },
    "result": {
      "name": "result_26040_26070",
      "cost": 0,
      "plans": 1,
      "timeout": 27
    }
  },
  "e29": {
    "problem": {
      "name": "problem_26070_26100",
      "time": 0.005,
      "routes": 179,
      "junctions": 121
    },
    "vehicle": {
      "total": 26,
      "scheduled": 17,
      "routed": 17,
      "short_route": 0,
      "invalid_route": 1
    },
    "result": {
      "name": "result_26070_26100",
      "cost": 0,
      "plans": 1,
      "timeout": 27
    }
  },
  "e30": {
    "problem": {
      "name": "problem_26100_26130",
      "time": 0.009,
      "routes": 262,
      "junctions": 160
    },
    "vehicle": {
      "total": 80,
      "scheduled": 47,
      "routed": 47,
      "short_route": 2,
      "invalid_route": 3
    },
    "result": {
      "name": "result_26100_26130",
      "cost": 0,
      "plans": 1,
      "timeout": 27
    }
  },
  "e31": {
    "problem": {
      "name": "problem_26130_26160",
      "time": 0.007,
      "routes": 215,
      "junctions": 135
    },
    "vehicle": {
      "total": 37,
      "scheduled": 26,
      "routed": 26,
      "short_route": 1,
      "invalid_route": 1
    },
    "result": {
      "name": "result_26130_26160",
      "cost": 0,
      "plans": 1,
      "timeout": 27
    }
  },
  "e32": {
    "problem": {
      "name": "problem_26160_26190",
      "time": 0.006,
      "routes": 196,
      "junctions": 126
    },
    "vehicle": {
      "total": 52,
      "scheduled": 27,
      "routed": 27,
      "short_route": 0,
      "invalid_route": 4
    },
    "result": {
      "name": "result_26160_26190",
      "cost": 0,
      "plans": 1,
      "timeout": 27
    }
  },
  "e33": {
    "problem": {
      "name": "problem_26190_26220",
      "time": 0.007,
      "routes": 196,
      "junctions": 131
    },
    "vehicle": {
      "total": 56,
      "scheduled": 36,
      "routed": 36,
      "short_route": 3,
      "invalid_route": 2
    },
    "result": {
      "name": "result_26190_26220",
      "cost": 0,
      "plans": 1,
      "timeout": 27
    }
  },
  "e34": {
    "problem": {
      "name": "problem_26220_26250",
      "time": 0.005,
      "routes": 160,
      "junctions": 103
    },
    "vehicle": {
      "total": 41,
      "scheduled": 26,
      "routed": 26,
      "short_route": 1,
      "invalid_route": 1
    },
    "result": {
      "name": "result_26220_26250",
      "cost": 0,
      "plans": 1,
      "timeout": 27
    }
  },
  "e35": {
    "problem": {
      "name": "problem_26250_26280",
      "time": 0.004,
      "routes": 134,
      "junctions": 93
    },
    "vehicle": {
      "total": 13,
      "scheduled": 7,
      "routed": 7,
      "short_route": 1,
      "invalid_route": 0
    },
    "result": {
      "name": "result_26250_26280",
      "cost": 0,
      "plans": 1,
      "timeout": 27
    }
  },
  "e36": {
    "problem": {
      "name": "problem_26280_26310",
      "time": 0.009,
      "routes": 255,
      "junctions": 153
    },
    "vehicle": {
      "total": 113,
      "scheduled": 59,
      "routed": 59,
      "short_route": 5,
      "invalid_route": 10
    },
    "result": {
      "name": "result_26280_26310",
      "cost": 0,
      "plans": 1,
      "timeout": 27
    }
  },
  "e37": {
    "problem": {
      "name": "problem_26310_26340",
      "time": 0.006,
      "routes": 185,
      "junctions": 127
    },
    "vehicle": {
      "total": 42,
      "scheduled": 23,
      "routed": 23,
      "short_route": 1,
      "invalid_route": 3
    },
    "result": {
      "name": "result_26310_26340",
      "cost": 0,
      "plans": 1,
      "timeout": 27
    }
  },
  "e38": {
    "problem": {
      "name": "problem_26340_26370",
      "time": 0.007,
      "routes": 212,
      "junctions": 136
    },
    "vehicle": {
      "total": 46,
      "scheduled": 30,
      "routed": 30,
      "short_route": 0,
      "invalid_route": 3
    },
    "result": {
      "name": "result_26340_26370",
      "cost": 0,
      "plans": 1,
      "timeout": 27
    }
  },
  "e39": {
    "problem": {
      "name": "problem_26370_26400",
      "time": 0.006,
      "routes": 190,
      "junctions": 124
    },
    "vehicle": {
      "total": 45,
      "scheduled": 27,
      "routed": 27,
      "short_route": 1,
      "invalid_route": 1
    },
    "result": {
      "name": "result_26370_26400",
      "cost": 0,
      "plans": 1,
      "timeout": 27
    }
  },
  "e40": {
    "problem": {
      "name": "problem_26400_26430",
      "time": 0.007,
      "routes": 210,
      "junctions": 143
    },
    "vehicle": {
      "total": 64,
      "scheduled": 39,
      "routed": 39,
      "short_route": 0,
      "invalid_route": 3
    },
    "result": {
      "name": "result_26400_26430",
      "cost": 0,
      "plans": 1,
      "timeout": 27
    }
  },
  "e41": {
    "problem": {
      "name": "problem_26430_26460",
      "time": 0.006,
      "routes": 179,
      "junctions": 105
    },
    "vehicle": {
      "total": 32,
      "scheduled": 20,
      "routed": 20,
      "short_route": 2,
      "invalid_route": 2
    },
    "result": {
      "name": "result_26430_26460",
      "cost": 0,
      "plans": 1,
      "timeout": 27
    }
  },
  "e42": {
    "problem": {
      "name": "problem_26460_26490",
      "time": 0.008,
      "routes": 222,
      "junctions": 143
    },
    "vehicle": {
      "total": 69,
      "scheduled": 36,
      "routed": 36,
      "short_route": 1,
      "invalid_route": 4
    },
    "result": {
      "name": "result_26460_26490",
      "cost": 0,
      "plans": 1,
      "timeout": 27
    }
  },
  "e43": {
    "problem": {
      "name": "problem_26490_26520",
      "time": 0.006,
      "routes": 179,
      "junctions": 130
    },
    "vehicle": {
      "total": 39,
      "scheduled": 23,
      "routed": 23,
      "short_route": 1,
      "invalid_route": 5
    },
    "result": {
      "name": "result_26490_26520",
      "cost": 0,
      "plans": 1,
      "timeout": 27
    }
  },
  "e44": {
    "problem": {
      "name": "problem_26520_26550",
      "time": 0.008,
      "routes": 238,
      "junctions": 149
    },
    "vehicle": {
      "total": 62,
      "scheduled": 38,
      "routed": 38,
      "short_route": 2,
      "invalid_route": 3
    },
    "result": {
      "name": "result_26520_26550",
      "cost": 0,
      "plans": 1,
      "timeout": 27
    }
  },
  "e45": {
    "problem": {
      "name": "problem_26550_26580",
      "time": 0.007,
      "routes": 220,
      "junctions": 139
    },
    "vehicle": {
      "total": 53,
      "scheduled": 33,
      "routed": 33,
      "short_route": 1,
      "invalid_route": 3
    },
    "result": {
      "name": "result_26550_26580",
      "cost": 0,
      "plans": 1,
      "timeout": 27
    }
  },
  "e46": {
    "problem": {
      "name": "problem_26580_26610",
      "time": 0.007,
      "routes": 230,
      "junctions": 145
    },
    "vehicle": {
      "total": 50,
      "scheduled": 34,
      "routed": 34,
      "short_route": 1,
      "invalid_route": 0
    },
    "result": {
      "name": "result_26580_26610",
      "cost": 0,
      "plans": 1,
      "timeout": 27
    }
  },
  "e47": {
    "problem": {
      "name": "problem_26610_26640",
      "time": 0.004,
      "routes": 130,
      "junctions": 92
    },
    "vehicle": {
      "total": 14,
      "scheduled": 8,
      "routed": 8,
      "short_route": 0,
      "invalid_route": 0
    },
    "result": {
      "name": "result_26610_26640",
      "cost": 0,
      "plans": 1,
      "timeout": 27
    }
  },
  "e48": {
    "problem": {
      "name": "problem_26640_26670",
      "time": 0.01,
      "routes": 264,
      "junctions": 164
    },
    "vehicle": {
      "total": 119,
      "scheduled": 61,
      "routed": 61,
      "short_route": 10,
      "invalid_route": 7
    },
    "result": {
      "name": "result_26640_26670",
      "cost": 0,
      "plans": 1,
      "timeout": 27
    }
  },
  "e49": {
    "problem": {
      "name": "problem_26670_26700",
      "time": 0.006,
      "routes": 207,
      "junctions": 137
    },
    "vehicle": {
      "total": 49,
      "scheduled": 23,
      "routed": 23,
      "short_route": 0,
      "invalid_route": 3
    },
    "result": {
      "name": "result_26670_26700",
      "cost": 0,
      "plans": 1,
      "timeout": 27
    }
  },
  "e50": {
    "problem": {
      "name": "problem_26700_26730",
      "time": 0.007,
      "routes": 211,
      "junctions": 137
    },
    "vehicle": {
      "total": 52,
      "scheduled": 32,
      "routed": 32,
      "short_route": 1,
      "invalid_route": 2
    },
    "result": {
      "name": "result_26700_26730",
      "cost": 0,
      "plans": 1,
      "timeout": 27
    }
  },
  "e51": {
    "problem": {
      "name": "problem_26730_26760",
      "time": 0.006,
      "routes": 191,
      "junctions": 124
    },
    "vehicle": {
      "total": 50,
      "scheduled": 27,
      "routed": 27,
      "short_route": 1,
      "invalid_route": 0
    },
    "result": {
      "name": "result_26730_26760",
      "cost": 0,
      "plans": 1,
      "timeout": 27
    }
  },
  "e52": {
    "problem": {
      "name": "problem_26760_26790",
      "time": 0.007,
      "routes": 198,
      "junctions": 131
    },
    "vehicle": {
      "total": 70,
      "scheduled": 39,
      "routed": 39,
      "short_route": 3,
      "invalid_route": 4
    },
    "result": {
      "name": "result_26760_26790",
      "cost": 0,
      "plans": 1,
      "timeout": 27
    }
  },
  "e53": {
    "problem": {
      "name": "problem_26790_26820",
      "time": 0.005,
      "routes": 157,
      "junctions": 109
    },
    "vehicle": {
      "total": 35,
      "scheduled": 21,
      "routed": 21,
      "short_route": 0,
      "invalid_route": 2
    },
    "result": {
      "name": "result_26790_26820",
      "cost": 0,
      "plans": 1,
      "timeout": 27
    }
  },
  "e54": {
    "problem": {
      "name": "problem_26820_26850",
      "time": 0.008,
      "routes": 222,
      "junctions": 141
    },
    "vehicle": {
      "total": 82,
      "scheduled": 44,
      "routed": 44,
      "short_route": 4,
      "invalid_route": 2
    },
    "result": {
      "name": "result_26820_26850",
      "cost": 0,
      "plans": 1,
      "timeout": 27
    }
  },
  "e55": {
    "problem": {
      "name": "problem_26850_26880",
      "time": 0.006,
      "routes": 191,
      "junctions": 128
    },
    "vehicle": {
      "total": 38,
      "scheduled": 21,
      "routed": 21,
      "short_route": 1,
      "invalid_route": 1
    },
    "result": {
      "name": "result_26850_26880",
      "cost": 0,
      "plans": 1,
      "timeout": 27
    }
  },
  "e56": {
    "problem": {
      "name": "problem_26880_26910",
      "time": 0.007,
      "routes": 229,
      "junctions": 141
    },
    "vehicle": {
      "total": 59,
      "scheduled": 37,
      "routed": 37,
      "short_route": 2,
      "invalid_route": 4
    },
    "result": {
      "name": "result_26880_26910",
      "cost": 0,
      "plans": 1,
      "timeout": 27
    }
  },
  "e57": {
    "problem": {
      "name": "problem_26910_26940",
      "time": 0.008,
      "routes": 234,
      "junctions": 145
    },
    "vehicle": {
      "total": 50,
      "scheduled": 31,
      "routed": 31,
      "short_route": 0,
      "invalid_route": 4
    },
    "result": {
      "name": "result_26910_26940",
      "cost": 0,
      "plans": 1,
      "timeout": 27
    }
  },
  "e58": {
    "problem": {
      "name": "problem_26940_26970",
      "time": 0.007,
      "routes": 226,
      "junctions": 139
    },
    "vehicle": {
      "total": 51,
      "scheduled": 31,
      "routed": 31,
      "short_route": 1,
      "invalid_route": 3
    },
    "result": {
      "name": "result_26940_26970",
      "cost": 0,
      "plans": 1,
      "timeout": 27
    }
  },
  "e59": {
    "problem": {
      "name": "problem_26970_27000",
      "time": 0.005,
      "routes": 163,
      "junctions": 108
    },
    "vehicle": {
      "total": 18,
      "scheduled": 12,
      "routed": 12,
      "short_route": 0,
      "invalid_route": 0
    },
    "result": {
      "name": "result_26970_27000",
      "cost": 0,
      "plans": 1,
      "timeout": 27
    }
  },
  "e60": {
    "problem": {
      "name": "problem_27000_27030",
      "time": 0.011,
      "routes": 288,
      "junctions": 167
    },
    "vehicle": {
      "total": 128,
      "scheduled": 76,
      "routed": 76,
      "short_route": 1,
      "invalid_route": 6
    },
    "result": {
      "name": "result_27000_27030",
      "cost": 0,
      "plans": 1,
      "timeout": 27
    }
  },
  "e61": {
    "problem": {
      "name": "problem_27030_27060",
      "time": 0.006,
      "routes": 204,
      "junctions": 133
    },
    "vehicle": {
      "total": 43,
      "scheduled": 18,
      "routed": 18,
      "short_route": 1,
      "invalid_route": 4
    },
    "result": {
      "name": "result_27030_27060",
      "cost": 0,
      "plans": 1,
      "timeout": 27
    }
  },
  "e62": {
    "problem": {
      "name": "problem_27060_27090",
      "time": 0.006,
      "routes": 190,
      "junctions": 124
    },
    "vehicle": {
      "total": 47,
      "scheduled": 20,
      "routed": 20,
      "short_route": 1,
      "invalid_route": 6
    },
    "result": {
      "name": "result_27060_27090",
      "cost": 0,
      "plans": 1,
      "timeout": 27
    }
  },
  "e63": {
    "problem": {
      "name": "problem_27090_27120",
      "time": 0.007,
      "routes": 215,
      "junctions": 128
    },
    "vehicle": {
      "total": 52,
      "scheduled": 31,
      "routed": 31,
      "short_route": 2,
      "invalid_route": 3
    },
    "result": {
      "name": "result_27090_27120",
      "cost": 0,
      "plans": 1,
      "timeout": 27
    }
  },
  "e64": {
    "problem": {
      "name": "problem_27120_27150",
      "time": 0.008,
      "routes": 248,
      "junctions": 153
    },
    "vehicle": {
      "total": 65,
      "scheduled": 39,
      "routed": 39,
      "short_route": 2,
      "invalid_route": 3
    },
    "result": {
      "name": "result_27120_27150",
      "cost": 0,
      "plans": 1,
      "timeout": 27
    }
  },
  "e65": {
    "problem": {
      "name": "problem_27150_27180",
      "time": 0.005,
      "routes": 157,
      "junctions": 112
    },
    "vehicle": {
      "total": 32,
      "scheduled": 18,
      "routed": 18,
      "short_route": 1,
      "invalid_route": 3
    },
    "result": {
      "name": "result_27150_27180",
      "cost": 0,
      "plans": 1,
      "timeout": 27
    }
  },
  "e66": {
    "problem": {
      "name": "problem_27180_27210",
      "time": 0.008,
      "routes": 256,
      "junctions": 151
    },
    "vehicle": {
      "total": 75,
      "scheduled": 44,
      "routed": 44,
      "short_route": 3,
      "invalid_route": 1
    },
    "result": {
      "name": "result_27180_27210",
      "cost": 0,
      "plans": 1,
      "timeout": 27
    }
  },
  "e67": {
    "problem": {
      "name": "problem_27210_27240",
      "time": 0.006,
      "routes": 201,
      "junctions": 134
    },
    "vehicle": {
      "total": 43,
      "scheduled": 21,
      "routed": 21,
      "short_route": 1,
      "invalid_route": 3
    },
    "result": {
      "name": "result_27210_27240",
      "cost": 0,
      "plans": 1,
      "timeout": 27
    }
  },
  "e68": {
    "problem": {
      "name": "problem_27240_27270",
      "time": 0.009,
      "routes": 270,
      "junctions": 166
    },
    "vehicle": {
      "total": 63,
      "scheduled": 45,
      "routed": 45,
      "short_route": 1,
      "invalid_route": 0
    },
    "result": {
      "name": "result_27240_27270",
      "cost": 0,
      "plans": 1,
      "timeout": 27
    }
  },
  "e69": {
    "problem": {
      "name": "problem_27270_27300",
      "time": 0.008,
      "routes": 246,
      "junctions": 159
    },
    "vehicle": {
      "total": 61,
      "scheduled": 30,
      "routed": 30,
      "short_route": 2,
      "invalid_route": 2
    },
    "result": {
      "name": "result_27270_27300",
      "cost": 0,
      "plans": 1,
      "timeout": 27
    }
  },
  "e70": {
    "problem": {
      "name": "problem_27300_27330",
      "time": 0.006,
      "routes": 211,
      "junctions": 143
    },
    "vehicle": {
      "total": 45,
      "scheduled": 24,
      "routed": 24,
      "short_route": 1,
      "invalid_route": 1
    },
    "result": {
      "name": "result_27300_27330",
      "cost": 0,
      "plans": 1,
      "timeout": 27
    }
  },
  "e71": {
    "problem": {
      "name": "problem_27330_27360",
      "time": 0.005,
      "routes": 172,
      "junctions": 118
    },
    "vehicle": {
      "total": 18,
      "scheduled": 13,
      "routed": 13,
      "short_route": 0,
      "invalid_route": 0
    },
    "result": {
      "name": "result_27330_27360",
      "cost": 0,
      "plans": 1,
      "timeout": 27
    }
  },
  "e72": {
    "problem": {
      "name": "problem_27360_27390",
      "time": 0.01,
      "routes": 271,
      "junctions": 166
    },
    "vehicle": {
      "total": 116,
      "scheduled": 72,
      "routed": 72,
      "short_route": 3,
      "invalid_route": 2
    },
    "result": {
      "name": "result_27360_27390",
      "cost": 0,
      "plans": 1,
      "timeout": 27
    }
  },
  "e73": {
    "problem": {
      "name": "problem_27390_27420",
      "time": 0.007,
      "routes": 208,
      "junctions": 138
    },
    "vehicle": {
      "total": 47,
      "scheduled": 28,
      "routed": 28,
      "short_route": 4,
      "invalid_route": 3
    },
    "result": {
      "name": "result_27390_27420",
      "cost": 0,
      "plans": 1,
      "timeout": 27
    }
  },
  "e74": {
    "problem": {
      "name": "problem_27420_27450",
      "time": 0.006,
      "routes": 200,
      "junctions": 138
    },
    "vehicle": {
      "total": 45,
      "scheduled": 26,
      "routed": 26,
      "short_route": 0,
      "invalid_route": 2
    },
    "result": {
      "name": "result_27420_27450",
      "cost": 0,
      "plans": 1,
      "timeout": 27
    }
  },
  "e75": {
    "problem": {
      "name": "problem_27450_27480",
      "time": 0.007,
      "routes": 214,
      "junctions": 136
    },
    "vehicle": {
      "total": 56,
      "scheduled": 31,
      "routed": 31,
      "short_route": 0,
      "invalid_route": 1
    },
    "result": {
      "name": "result_27450_27480",
      "cost": 0,
      "plans": 1,
      "timeout": 27
    }
  },
  "e76": {
    "problem": {
      "name": "problem_27480_27510",
      "time": 0.008,
      "routes": 249,
      "junctions": 158
    },
    "vehicle": {
      "total": 76,
      "scheduled": 45,
      "routed": 45,
      "short_route": 0,
      "invalid_route": 2
    },
    "result": {
      "name": "result_27480_27510",
      "cost": 0,
      "plans": 1,
      "timeout": 27
    }
  },
  "e77": {
    "problem": {
      "name": "problem_27510_27540",
      "time": 0.006,
      "routes": 196,
      "junctions": 122
    },
    "vehicle": {
      "total": 36,
      "scheduled": 22,
      "routed": 22,
      "short_route": 2,
      "invalid_route": 1
    },
    "result": {
      "name": "result_27510_27540",
      "cost": 0,
      "plans": 1,
      "timeout": 27
    }
  },
  "e78": {
    "problem": {
      "name": "problem_27540_27570",
      "time": 0.008,
      "routes": 232,
      "junctions": 140
    },
    "vehicle": {
      "total": 84,
      "scheduled": 50,
      "routed": 50,
      "short_route": 3,
      "invalid_route": 1
    },
    "result": {
      "name": "result_27540_27570",
      "cost": 0,
      "plans": 1,
      "timeout": 27
    }
  },
  "e79": {
    "problem": {
      "name": "problem_27570_27600",
      "time": 0.005,
      "routes": 177,
      "junctions": 114
    },
    "vehicle": {
      "total": 47,
      "scheduled": 19,
      "routed": 19,
      "short_route": 2,
      "invalid_route": 5
    },
    "result": {
      "name": "result_27570_27600",
      "cost": 0,
      "plans": 1,
      "timeout": 27
    }
  },
  "e80": {
    "problem": {
      "name": "problem_27600_27630",
      "time": 0.007,
      "routes": 215,
      "junctions": 141
    },
    "vehicle": {
      "total": 57,
      "scheduled": 32,
      "routed": 32,
      "short_route": 0,
      "invalid_route": 4
    },
    "result": {
      "name": "result_27600_27630",
      "cost": 0,
      "plans": 1,
      "timeout": 27
    }
  },
  "e81": {
    "problem": {
      "name": "problem_27630_27660",
      "time": 0.006,
      "routes": 203,
      "junctions": 124
    },
    "vehicle": {
      "total": 53,
      "scheduled": 27,
      "routed": 27,
      "short_route": 2,
      "invalid_route": 1
    },
    "result": {
      "name": "result_27630_27660",
      "cost": 0,
      "plans": 1,
      "timeout": 27
    }
  },
  "e82": {
    "problem": {
      "name": "problem_27660_27690",
      "time": 0.008,
      "routes": 258,
      "junctions": 159
    },
    "vehicle": {
      "total": 48,
      "scheduled": 26,
      "routed": 26,
      "short_route": 1,
      "invalid_route": 0
    },
    "result": {
      "name": "result_27660_27690",
      "cost": 0,
      "plans": 1,
      "timeout": 27
    }
  },
  "e83": {
    "problem": {
      "name": "problem_27690_27720",
      "time": 0.004,
      "routes": 145,
      "junctions": 102
    },
    "vehicle": {
      "total": 19,
      "scheduled": 12,
      "routed": 12,
      "short_route": 1,
      "invalid_route": 0
    },
    "result": {
      "name": "result_27690_27720",
      "cost": 0,
      "plans": 1,
      "timeout": 27
    }
  },
  "e84": {
    "problem": {
      "name": "problem_27720_27750",
      "time": 0.009,
      "routes": 244,
      "junctions": 156
    },
    "vehicle": {
      "total": 111,
      "scheduled": 64,
      "routed": 64,
      "short_route": 3,
      "invalid_route": 7
    },
    "result": {
      "name": "result_27720_27750",
      "cost": 0,
      "plans": 1,
      "timeout": 27
    }
  },
  "e85": {
    "problem": {
      "name": "problem_27750_27780",
      "time": 0.008,
      "routes": 259,
      "junctions": 162
    },
    "vehicle": {
      "total": 52,
      "scheduled": 38,
      "routed": 38,
      "short_route": 1,
      "invalid_route": 1
    },
    "result": {
      "name": "result_27750_27780",
      "cost": 0,
      "plans": 1,
      "timeout": 27
    }
  },
  "e86": {
    "problem": {
      "name": "problem_27780_27810",
      "time": 0.007,
      "routes": 201,
      "junctions": 134
    },
    "vehicle": {
      "total": 52,
      "scheduled": 26,
      "routed": 26,
      "short_route": 4,
      "invalid_route": 3
    },
    "result": {
      "name": "result_27780_27810",
      "cost": 0,
      "plans": 1,
      "timeout": 27
    }
  },
  "e87": {
    "problem": {
      "name": "problem_27810_27840",
      "time": 0.007,
      "routes": 210,
      "junctions": 134
    },
    "vehicle": {
      "total": 57,
      "scheduled": 38,
      "routed": 38,
      "short_route": 2,
      "invalid_route": 3
    },
    "result": {
      "name": "result_27810_27840",
      "cost": 0,
      "plans": 1,
      "timeout": 27
    }
  },
  "e88": {
    "problem": {
      "name": "problem_27840_27870",
      "time": 0.008,
      "routes": 236,
      "junctions": 147
    },
    "vehicle": {
      "total": 74,
      "scheduled": 41,
      "routed": 41,
      "short_route": 1,
      "invalid_route": 0
    },
    "result": {
      "name": "result_27840_27870",
      "cost": 0,
      "plans": 1,
      "timeout": 27
    }
  },
  "e89": {
    "problem": {
      "name": "problem_27870_27900",
      "time": 0.006,
      "routes": 210,
      "junctions": 137
    },
    "vehicle": {
      "total": 34,
      "scheduled": 22,
      "routed": 22,
      "short_route": 1,
      "invalid_route": 0
    },
    "result": {
      "name": "result_27870_27900",
      "cost": 0,
      "plans": 1,
      "timeout": 27
    }
  },
  "e90": {
    "problem": {
      "name": "problem_27900_27930",
      "time": 0.009,
      "routes": 282,
      "junctions": 166
    },
    "vehicle": {
      "total": 92,
      "scheduled": 53,
      "routed": 53,
      "short_route": 2,
      "invalid_route": 4
    },
    "result": {
      "name": "result_27900_27930",
      "cost": 0,
      "plans": 1,
      "timeout": 27
    }
  },
  "e91": {
    "problem": {
      "name": "problem_27930_27960",
      "time": 0.006,
      "routes": 180,
      "junctions": 121
    },
    "vehicle": {
      "total": 40,
      "scheduled": 25,
      "routed": 25,
      "short_route": 0,
      "invalid_route": 4
    },
    "result": {
      "name": "result_27930_27960",
      "cost": 0,
      "plans": 1,
      "timeout": 27
    }
  },
  "e92": {
    "problem": {
      "name": "problem_27960_27990",
      "time": 0.008,
      "routes": 245,
      "junctions": 148
    },
    "vehicle": {
      "total": 72,
      "scheduled": 42,
      "routed": 42,
      "short_route": 3,
      "invalid_route": 0
    },
    "result": {
      "name": "result_27960_27990",
      "cost": 0,
      "plans": 1,
      "timeout": 27
    }
  },
  "e93": {
    "problem": {
      "name": "problem_27990_28020",
      "time": 0.008,
      "routes": 237,
      "junctions": 149
    },
    "vehicle": {
      "total": 65,
      "scheduled": 39,
      "routed": 39,
      "short_route": 1,
      "invalid_route": 1
    },
    "result": {
      "name": "result_27990_28020",
      "cost": 0,
      "plans": 1,
      "timeout": 27
    }
  },
  "e94": {
    "problem": {
      "name": "problem_28020_28050",
      "time": 0.007,
      "routes": 224,
      "junctions": 139
    },
    "vehicle": {
      "total": 52,
      "scheduled": 31,
      "routed": 31,
      "short_route": 2,
      "invalid_route": 1
    },
    "result": {
      "name": "result_28020_28050",
      "cost": 0,
      "plans": 1,
      "timeout": 27
    }
  },
  "e95": {
    "problem": {
      "name": "problem_28050_28080",
      "time": 0.005,
      "routes": 174,
      "junctions": 116
    },
    "vehicle": {
      "total": 20,
      "scheduled": 11,
      "routed": 11,
      "short_route": 1,
      "invalid_route": 0
    },
    "result": {
      "name": "result_28050_28080",
      "cost": 0,
      "plans": 1,
      "timeout": 27
    }
  },
  "e96": {
    "problem": {
      "name": "problem_28080_28110",
      "time": 0.009,
      "routes": 260,
      "junctions": 158
    },
    "vehicle": {
      "total": 108,
      "scheduled": 54,
      "routed": 54,
      "short_route": 3,
      "invalid_route": 2
    },
    "result": {
      "name": "result_28080_28110",
      "cost": 0,
      "plans": 1,
      "timeout": 27
    }
  },
  "e97": {
    "problem": {
      "name": "problem_28110_28140",
      "time": 0.006,
      "routes": 195,
      "junctions": 136
    },
    "vehicle": {
      "total": 45,
      "scheduled": 26,
      "routed": 26,
      "short_route": 1,
      "invalid_route": 1
    },
    "result": {
      "name": "result_28110_28140",
      "cost": 0,
      "plans": 1,
      "timeout": 27
    }
  },
  "e98": {
    "problem": {
      "name": "problem_28140_28170",
      "time": 0.007,
      "routes": 213,
      "junctions": 140
    },
    "vehicle": {
      "total": 48,
      "scheduled": 31,
      "routed": 31,
      "short_route": 0,
      "invalid_route": 3
    },
    "result": {
      "name": "result_28140_28170",
      "cost": 0,
      "plans": 1,
      "timeout": 27
    }
  },
  "e99": {
    "problem": {
      "name": "problem_28170_28200",
      "time": 0.006,
      "routes": 186,
      "junctions": 115
    },
    "vehicle": {
      "total": 50,
      "scheduled": 28,
      "routed": 28,
      "short_route": 2,
      "invalid_route": 1
    },
    "result": {
      "name": "result_28170_28200",
      "cost": 0,
      "plans": 1,
      "timeout": 27
    }
  },
  "e100": {
    "problem": {
      "name": "problem_28200_28230",
      "time": 0.009,
      "routes": 250,
      "junctions": 157
    },
    "vehicle": {
      "total": 69,
      "scheduled": 41,
      "routed": 41,
      "short_route": 3,
      "invalid_route": 2
    },
    "result": {
      "name": "result_28200_28230",
      "cost": 0,
      "plans": 1,
      "timeout": 27
    }
  },
  "e101": {
    "problem": {
      "name": "problem_28230_28260",
      "time": 0.005,
      "routes": 161,
      "junctions": 115
    },
    "vehicle": {
      "total": 31,
      "scheduled": 20,
      "routed": 20,
      "short_route": 0,
      "invalid_route": 0
    },
    "result": {
      "name": "result_28230_28260",
      "cost": 0,
      "plans": 1,
      "timeout": 27
    }
  },
  "e102": {
    "problem": {
      "name": "problem_28260_28290",
      "time": 0.008,
      "routes": 251,
      "junctions": 160
    },
    "vehicle": {
      "total": 78,
      "scheduled": 51,
      "routed": 51,
      "short_route": 3,
      "invalid_route": 0
    },
    "result": {
      "name": "result_28260_28290",
      "cost": 0,
      "plans": 1,
      "timeout": 27
    }
  },
  "e103": {
    "problem": {
      "name": "problem_28290_28320",
      "time": 0.006,
      "routes": 182,
      "junctions": 115
    },
    "vehicle": {
      "total": 40,
      "scheduled": 25,
      "routed": 25,
      "short_route": 1,
      "invalid_route": 4
    },
    "result": {
      "name": "result_28290_28320",
      "cost": 0,
      "plans": 1,
      "timeout": 27
    }
  },
  "e104": {
    "problem": {
      "name": "problem_28320_28350",
      "time": 0.007,
      "routes": 218,
      "junctions": 146
    },
    "vehicle": {
      "total": 64,
      "scheduled": 26,
      "routed": 26,
      "short_route": 2,
      "invalid_route": 1
    },
    "result": {
      "name": "result_28320_28350",
      "cost": 0,
      "plans": 1,
      "timeout": 27
    }
  },
  "e105": {
    "problem": {
      "name": "problem_28350_28380",
      "time": 0.007,
      "routes": 199,
      "junctions": 122
    },
    "vehicle": {
      "total": 61,
      "scheduled": 32,
      "routed": 32,
      "short_route": 2,
      "invalid_route": 1
    },
    "result": {
      "name": "result_28350_28380",
      "cost": 0,
      "plans": 1,
      "timeout": 27
    }
  },
  "e106": {
    "problem": {
      "name": "problem_28380_28410",
      "time": 0.007,
      "routes": 224,
      "junctions": 139
    },
    "vehicle": {
      "total": 45,
      "scheduled": 27,
      "routed": 27,
      "short_route": 0,
      "invalid_route": 4
    },
    "result": {
      "name": "result_28380_28410",
      "cost": 0,
      "plans": 1,
      "timeout": 27
    }
  },
  "e107": {
    "problem": {
      "name": "problem_28410_28440",
      "time": 0.005,
      "routes": 175,
      "junctions": 124
    },
    "vehicle": {
      "total": 18,
      "scheduled": 9,
      "routed": 9,
      "short_route": 0,
      "invalid_route": 0
    },
    "result": {
      "name": "result_28410_28440",
      "cost": 0,
      "plans": 1,
      "timeout": 27
    }
  },
  "e108": {
    "problem": {
      "name": "problem_28440_28470",
      "time": 0.009,
      "routes": 247,
      "junctions": 157
    },
    "vehicle": {
      "total": 102,
      "scheduled": 53,
      "routed": 53,
      "short_route": 0,
      "invalid_route": 5
    },
    "result": {
      "name": "result_28440_28470",
      "cost": 0,
      "plans": 1,
      "timeout": 27
    }
  },
  "e109": {
    "problem": {
      "name": "problem_28470_28500",
      "time": 0.007,
      "routes": 209,
      "junctions": 135
    },
    "vehicle": {
      "total": 47,
      "scheduled": 28,
      "routed": 28,
      "short_route": 2,
      "invalid_route": 3
    },
    "result": {
      "name": "result_28470_28500",
      "cost": 0,
      "plans": 1,
      "timeout": 27
    }
  },
  "e110": {
    "problem": {
      "name": "problem_28500_28530",
      "time": 0.007,
      "routes": 230,
      "junctions": 148
    },
    "vehicle": {
      "total": 48,
      "scheduled": 27,
      "routed": 27,
      "short_route": 1,
      "invalid_route": 2
    },
    "result": {
      "name": "result_28500_28530",
      "cost": 0,
      "plans": 1,
      "timeout": 27
    }
  },
  "e111": {
    "problem": {
      "name": "problem_28530_28560",
      "time": 0.007,
      "routes": 219,
      "junctions": 138
    },
    "vehicle": {
      "total": 49,
      "scheduled": 30,
      "routed": 30,
      "short_route": 1,
      "invalid_route": 3
    },
    "result": {
      "name": "result_28530_28560",
      "cost": 0,
      "plans": 1,
      "timeout": 27
    }
  },
  "e112": {
    "problem": {
      "name": "problem_28560_28590",
      "time": 0.009,
      "routes": 270,
      "junctions": 166
    },
    "vehicle": {
      "total": 70,
      "scheduled": 43,
      "routed": 43,
      "short_route": 3,
      "invalid_route": 3
    },
    "result": {
      "name": "result_28560_28590",
      "cost": 0,
      "plans": 1,
      "timeout": 27
    }
  },
  "e113": {
    "problem": {
      "name": "problem_28590_28620",
      "time": 0.004,
      "routes": 139,
      "junctions": 103
    },
    "vehicle": {
      "total": 36,
      "scheduled": 14,
      "routed": 14,
      "short_route": 2,
      "invalid_route": 1
    },
    "result": {
      "name": "result_28590_28620",
      "cost": 0,
      "plans": 1,
      "timeout": 27
    }
  },
  "e114": {
    "problem": {
      "name": "problem_28620_28650",
      "time": 0.009,
      "routes": 264,
      "junctions": 159
    },
    "vehicle": {
      "total": 84,
      "scheduled": 50,
      "routed": 50,
      "short_route": 0,
      "invalid_route": 4
    },
    "result": {
      "name": "result_28620_28650",
      "cost": 0,
      "plans": 1,
      "timeout": 27
    }
  },
  "e115": {
    "problem": {
      "name": "problem_28650_28680",
      "time": 0.005,
      "routes": 158,
      "junctions": 106
    },
    "vehicle": {
      "total": 43,
      "scheduled": 19,
      "routed": 19,
      "short_route": 1,
      "invalid_route": 2
    },
    "result": {
      "name": "result_28650_28680",
      "cost": 0,
      "plans": 1,
      "timeout": 27
    }
  },
  "e116": {
    "problem": {
      "name": "problem_28680_28710",
      "time": 0.006,
      "routes": 193,
      "junctions": 130
    },
    "vehicle": {
      "total": 58,
      "scheduled": 29,
      "routed": 29,
      "short_route": 3,
      "invalid_route": 3
    },
    "result": {
      "name": "result_28680_28710",
      "cost": 0,
      "plans": 1,
      "timeout": 27
    }
  },
  "e117": {
    "problem": {
      "name": "problem_28710_28740",
      "time": 0.008,
      "routes": 249,
      "junctions": 154
    },
    "vehicle": {
      "total": 58,
      "scheduled": 30,
      "routed": 30,
      "short_route": 0,
      "invalid_route": 0
    },
    "result": {
      "name": "result_28710_28740",
      "cost": 0,
      "plans": 1,
      "timeout": 27
    }
  },
  "e118": {
    "problem": {
      "name": "problem_28740_28770",
      "time": 0.008,
      "routes": 247,
      "junctions": 155
    },
    "vehicle": {
      "total": 56,
      "scheduled": 36,
      "routed": 36,
      "short_route": 2,
      "invalid_route": 2
    },
    "result": {
      "name": "result_28740_28770",
      "cost": 0,
      "plans": 1,
      "timeout": 27
    }
  },
  "e119": {
    "problem": {
      "name": "problem_28770_28800",
      "time": 0.005,
      "routes": 171,
      "junctions": 126
    },
    "vehicle": {
      "total": 16,
      "scheduled": 11,
      "routed": 11,
      "short_route": 0,
      "invalid_route": 1
    },
    "result": {
      "name": "result_28770_28800",
      "cost": 0,
      "plans": 1,
      "timeout": 27
    }
  },
  "e120": {
    "problem": {
      "name": "problem_28800_28830",
      "time": 0.009,
      "routes": 264,
      "junctions": 165
    },
    "vehicle": {
      "total": 100,
      "scheduled": 60,
      "routed": 60,
      "short_route": 0,
      "invalid_route": 7
    },
    "result": {
      "name": "result_28800_28830",
      "cost": 0,
      "plans": 1,
      "timeout": 27
    }
  },
  "e121": {
    "problem": {
      "name": "problem_28830_28860",
      "time": 0.005,
      "routes": 167,
      "junctions": 121
    },
    "vehicle": {
      "total": 37,
      "scheduled": 21,
      "routed": 21,
      "short_route": 1,
      "invalid_route": 4
    },
    "result": {
      "name": "result_28830_28860",
      "cost": 0,
      "plans": 1,
      "timeout": 27
    }
  },
  "e122": {
    "problem": {
      "name": "problem_28860_28890",
      "time": 0.007,
      "routes": 210,
      "junctions": 135
    },
    "vehicle": {
      "total": 52,
      "scheduled": 32,
      "routed": 32,
      "short_route": 1,
      "invalid_route": 4
    },
    "result": {
      "name": "result_28860_28890",
      "cost": 0,
      "plans": 1,
      "timeout": 27
    }
  },
  "e123": {
    "problem": {
      "name": "problem_28890_28920",
      "time": 0.006,
      "routes": 186,
      "junctions": 133
    },
    "vehicle": {
      "total": 40,
      "scheduled": 22,
      "routed": 22,
      "short_route": 0,
      "invalid_route": 1
    },
    "result": {
      "name": "result_28890_28920",
      "cost": 0,
      "plans": 1,
      "timeout": 27
    }
  },
  "e124": {
    "problem": {
      "name": "problem_28920_28950",
      "time": 0.008,
      "routes": 237,
      "junctions": 150
    },
    "vehicle": {
      "total": 70,
      "scheduled": 47,
      "routed": 47,
      "short_route": 0,
      "invalid_route": 7
    },
    "result": {
      "name": "result_28920_28950",
      "cost": 0,
      "plans": 1,
      "timeout": 27
    }
  },
  "e125": {
    "problem": {
      "name": "problem_28950_28980",
      "time": 0.007,
      "routes": 231,
      "junctions": 144
    },
    "vehicle": {
      "total": 36,
      "scheduled": 23,
      "routed": 23,
      "short_route": 1,
      "invalid_route": 1
    },
    "result": {
      "name": "result_28950_28980",
      "cost": 0,
      "plans": 1,
      "timeout": 27
    }
  },
  "e126": {
    "problem": {
      "name": "problem_28980_29010",
      "time": 0.008,
      "routes": 249,
      "junctions": 163
    },
    "vehicle": {
      "total": 79,
      "scheduled": 47,
      "routed": 47,
      "short_route": 0,
      "invalid_route": 8
    },
    "result": {
      "name": "result_28980_29010",
      "cost": 0,
      "plans": 1,
      "timeout": 27
    }
  },
  "e127": {
    "problem": {
      "name": "problem_29010_29040",
      "time": 0.005,
      "routes": 149,
      "junctions": 114
    },
    "vehicle": {
      "total": 32,
      "scheduled": 20,
      "routed": 20,
      "short_route": 0,
      "invalid_route": 0
    },
    "result": {
      "name": "result_29010_29040",
      "cost": 0,
      "plans": 1,
      "timeout": 27
    }
  },
  "e128": {
    "problem": {
      "name": "problem_29040_29070",
      "time": 0.007,
      "routes": 201,
      "junctions": 136
    },
    "vehicle": {
      "total": 61,
      "scheduled": 36,
      "routed": 36,
      "short_route": 1,
      "invalid_route": 7
    },
    "result": {
      "name": "result_29040_29070",
      "cost": 0,
      "plans": 1,
      "timeout": 27
    }
  },
  "e129": {
    "problem": {
      "name": "problem_29070_29100",
      "time": 0.007,
      "routes": 232,
      "junctions": 150
    },
    "vehicle": {
      "total": 52,
      "scheduled": 32,
      "routed": 32,
      "short_route": 3,
      "invalid_route": 3
    },
    "result": {
      "name": "result_29070_29100",
      "cost": 0,
      "plans": 1,
      "timeout": 27
    }
  },
  "e130": {
    "problem": {
      "name": "problem_29100_29130",
      "time": 0.007,
      "routes": 217,
      "junctions": 142
    },
    "vehicle": {
      "total": 50,
      "scheduled": 32,
      "routed": 32,
      "short_route": 1,
      "invalid_route": 5
    },
    "result": {
      "name": "result_29100_29130",
      "cost": 0,
      "plans": 1,
      "timeout": 27
    }
  },
  "e131": {
    "problem": {
      "name": "problem_29130_29160",
      "time": 0.004,
      "routes": 159,
      "junctions": 115
    },
    "vehicle": {
      "total": 17,
      "scheduled": 12,
      "routed": 12,
      "short_route": 0,
      "invalid_route": 1
    },
    "result": {
      "name": "result_29130_29160",
      "cost": 0,
      "plans": 1,
      "timeout": 27
    }
  },
  "e132": {
    "problem": {
      "name": "problem_29160_29190",
      "time": 0.009,
      "routes": 234,
      "junctions": 151
    },
    "vehicle": {
      "total": 102,
      "scheduled": 62,
      "routed": 62,
      "short_route": 2,
      "invalid_route": 3
    },
    "result": {
      "name": "result_29160_29190",
      "cost": 0,
      "plans": 1,
      "timeout": 27
    }
  },
  "e133": {
    "problem": {
      "name": "problem_29190_29220",
      "time": 0.006,
      "routes": 215,
      "junctions": 139
    },
    "vehicle": {
      "total": 39,
      "scheduled": 25,
      "routed": 25,
      "short_route": 0,
      "invalid_route": 3
    },
    "result": {
      "name": "result_29190_29220",
      "cost": 0,
      "plans": 1,
      "timeout": 27
    }
  },
  "e134": {
    "problem": {
      "name": "problem_29220_29250",
      "time": 0.006,
      "routes": 195,
      "junctions": 133
    },
    "vehicle": {
      "total": 41,
      "scheduled": 30,
      "routed": 30,
      "short_route": 1,
      "invalid_route": 2
    },
    "result": {
      "name": "result_29220_29250",
      "cost": 0,
      "plans": 1,
      "timeout": 27
    }
  },
  "e135": {
    "problem": {
      "name": "problem_29250_29280",
      "time": 0.006,
      "routes": 193,
      "junctions": 132
    },
    "vehicle": {
      "total": 48,
      "scheduled": 29,
      "routed": 29,
      "short_route": 1,
      "invalid_route": 2
    },
    "result": {
      "name": "result_29250_29280",
      "cost": 0,
      "plans": 1,
      "timeout": 27
    }
  },
  "e136": {
    "problem": {
      "name": "problem_29280_29310",
      "time": 0.008,
      "routes": 246,
      "junctions": 160
    },
    "vehicle": {
      "total": 63,
      "scheduled": 39,
      "routed": 39,
      "short_route": 1,
      "invalid_route": 1
    },
    "result": {
      "name": "result_29280_29310",
      "cost": 0,
      "plans": 1,
      "timeout": 27
    }
  },
  "e137": {
    "problem": {
      "name": "problem_29310_29340",
      "time": 0.005,
      "routes": 178,
      "junctions": 130
    },
    "vehicle": {
      "total": 27,
      "scheduled": 16,
      "routed": 16,
      "short_route": 0,
      "invalid_route": 3
    },
    "result": {
      "name": "result_29310_29340",
      "cost": 0,
      "plans": 1,
      "timeout": 27
    }
  },
  "e138": {
    "problem": {
      "name": "problem_29340_29370",
      "time": 0.008,
      "routes": 215,
      "junctions": 141
    },
    "vehicle": {
      "total": 73,
      "scheduled": 42,
      "routed": 42,
      "short_route": 1,
      "invalid_route": 3
    },
    "result": {
      "name": "result_29340_29370",
      "cost": 0,
      "plans": 1,
      "timeout": 27
    }
  },
  "e139": {
    "problem": {
      "name": "problem_29370_29400",
      "time": 0.006,
      "routes": 180,
      "junctions": 122
    },
    "vehicle": {
      "total": 44,
      "scheduled": 22,
      "routed": 22,
      "short_route": 1,
      "invalid_route": 4
    },
    "result": {
      "name": "result_29370_29400",
      "cost": 0,
      "plans": 1,
      "timeout": 27
    }
  },
  "e140": {
    "problem": {
      "name": "problem_29400_29430",
      "time": 0.007,
      "routes": 215,
      "junctions": 140
    },
    "vehicle": {
      "total": 61,
      "scheduled": 42,
      "routed": 42,
      "short_route": 1,
      "invalid_route": 1
    },
    "result": {
      "name": "result_29400_29430",
      "cost": 0,
      "plans": 1,
      "timeout": 27
    }
  },
  "e141": {
    "problem": {
      "name": "problem_29430_29460",
      "time": 0.007,
      "routes": 241,
      "junctions": 145
    },
    "vehicle": {
      "total": 51,
      "scheduled": 30,
      "routed": 30,
      "short_route": 2,
      "invalid_route": 3
    },
    "result": {
      "name": "result_29430_29460",
      "cost": 0,
      "plans": 1,
      "timeout": 27
    }
  },
  "e142": {
    "problem": {
      "name": "problem_29460_29490",
      "time": 0.007,
      "routes": 214,
      "junctions": 135
    },
    "vehicle": {
      "total": 49,
      "scheduled": 31,
      "routed": 31,
      "short_route": 0,
      "invalid_route": 0
    },
    "result": {
      "name": "result_29460_29490",
      "cost": 0,
      "plans": 1,
      "timeout": 27
    }
  },
  "e143": {
    "problem": {
      "name": "problem_29490_29520",
      "time": 0.004,
      "routes": 129,
      "junctions": 94
    },
    "vehicle": {
      "total": 17,
      "scheduled": 12,
      "routed": 12,
      "short_route": 0,
      "invalid_route": 1
    },
    "result": {
      "name": "result_29490_29520",
      "cost": 0,
      "plans": 1,
      "timeout": 27
    }
  },
  "e144": {
    "problem": {
      "name": "problem_29520_29550",
      "time": 0.009,
      "routes": 240,
      "junctions": 153
    },
    "vehicle": {
      "total": 113,
      "scheduled": 63,
      "routed": 63,
      "short_route": 3,
      "invalid_route": 5
    },
    "result": {
      "name": "result_29520_29550",
      "cost": 0,
      "plans": 1,
      "timeout": 27
    }
  },
  "e145": {
    "problem": {
      "name": "problem_29550_29580",
      "time": 0.006,
      "routes": 195,
      "junctions": 128
    },
    "vehicle": {
      "total": 37,
      "scheduled": 26,
      "routed": 26,
      "short_route": 1,
      "invalid_route": 1
    },
    "result": {
      "name": "result_29550_29580",
      "cost": 0,
      "plans": 1,
      "timeout": 27
    }
  },
  "e146": {
    "problem": {
      "name": "problem_29580_29610",
      "time": 0.006,
      "routes": 207,
      "junctions": 132
    },
    "vehicle": {
      "total": 40,
      "scheduled": 25,
      "routed": 25,
      "short_route": 2,
      "invalid_route": 1
    },
    "result": {
      "name": "result_29580_29610",
      "cost": 0,
      "plans": 1,
      "timeout": 27
    }
  },
  "e147": {
    "problem": {
      "name": "problem_29610_29640",
      "time": 0.006,
      "routes": 199,
      "junctions": 135
    },
    "vehicle": {
      "total": 49,
      "scheduled": 28,
      "routed": 28,
      "short_route": 3,
      "invalid_route": 5
    },
    "result": {
      "name": "result_29610_29640",
      "cost": 0,
      "plans": 1,
      "timeout": 27
    }
  },
  "e148": {
    "problem": {
      "name": "problem_29640_29670",
      "time": 0.006,
      "routes": 187,
      "junctions": 124
    },
    "vehicle": {
      "total": 67,
      "scheduled": 38,
      "routed": 38,
      "short_route": 4,
      "invalid_route": 3
    },
    "result": {
      "name": "result_29640_29670",
      "cost": 0,
      "plans": 1,
      "timeout": 27
    }
  },
  "e149": {
    "problem": {
      "name": "problem_29670_29700",
      "time": 0.005,
      "routes": 176,
      "junctions": 120
    },
    "vehicle": {
      "total": 28,
      "scheduled": 19,
      "routed": 19,
      "short_route": 0,
      "invalid_route": 1
    },
    "result": {
      "name": "result_29670_29700",
      "cost": 0,
      "plans": 1,
      "timeout": 27
    }
  },
  "e150": {
    "problem": {
      "name": "problem_29700_29730",
      "time": 0.007,
      "routes": 226,
      "junctions": 145
    },
    "vehicle": {
      "total": 63,
      "scheduled": 38,
      "routed": 38,
      "short_route": 1,
      "invalid_route": 4
    },
    "result": {
      "name": "result_29700_29730",
      "cost": 0,
      "plans": 1,
      "timeout": 27
    }
  },
  "e151": {
    "problem": {
      "name": "problem_29730_29760",
      "time": 0.005,
      "routes": 180,
      "junctions": 117
    },
    "vehicle": {
      "total": 31,
      "scheduled": 20,
      "routed": 20,
      "short_route": 0,
      "invalid_route": 1
    },
    "result": {
      "name": "result_29730_29760",
      "cost": 0,
      "plans": 1,
      "timeout": 27
    }
  },
  "e152": {
    "problem": {
      "name": "problem_29760_29790",
      "time": 0.005,
      "routes": 169,
      "junctions": 127
    },
    "vehicle": {
      "total": 52,
      "scheduled": 23,
      "routed": 23,
      "short_route": 1,
      "invalid_route": 4
    },
    "result": {
      "name": "result_29760_29790",
      "cost": 0,
      "plans": 1,
      "timeout": 27
    }
  },
  "e153": {
    "problem": {
      "name": "problem_29790_29820",
      "time": 0.006,
      "routes": 189,
      "junctions": 125
    },
    "vehicle": {
      "total": 44,
      "scheduled": 28,
      "routed": 28,
      "short_route": 1,
      "invalid_route": 4
    },
    "result": {
      "name": "result_29790_29820",
      "cost": 0,
      "plans": 1,
      "timeout": 27
    }
  },
  "e154": {
    "problem": {
      "name": "problem_29820_29850",
      "time": 0.005,
      "routes": 186,
      "junctions": 122
    },
    "vehicle": {
      "total": 33,
      "scheduled": 18,
      "routed": 18,
      "short_route": 1,
      "invalid_route": 1
    },
    "result": {
      "name": "result_29820_29850",
      "cost": 0,
      "plans": 1,
      "timeout": 27
    }
  },
  "e155": {
    "problem": {
      "name": "problem_29850_29880",
      "time": 0.004,
      "routes": 132,
      "junctions": 99
    },
    "vehicle": {
      "total": 15,
      "scheduled": 9,
      "routed": 9,
      "short_route": 0,
      "invalid_route": 0
    },
    "result": {
      "name": "result_29850_29880",
      "cost": 0,
      "plans": 1,
      "timeout": 27
    }
  },
  "e156": {
    "problem": {
      "name": "problem_29880_29910",
      "time": 0.009,
      "routes": 259,
      "junctions": 156
    },
    "vehicle": {
      "total": 94,
      "scheduled": 51,
      "routed": 51,
      "short_route": 1,
      "invalid_route": 5
    },
    "result": {
      "name": "result_29880_29910",
      "cost": 0,
      "plans": 1,
      "timeout": 27
    }
  },
  "e157": {
    "problem": {
      "name": "problem_29910_29940",
      "time": 0.006,
      "routes": 199,
      "junctions": 132
    },
    "vehicle": {
      "total": 36,
      "scheduled": 21,
      "routed": 21,
      "short_route": 3,
      "invalid_route": 2
    },
    "result": {
      "name": "result_29910_29940",
      "cost": 0,
      "plans": 1,
      "timeout": 27
    }
  },
  "e158": {
    "problem": {
      "name": "problem_29940_29970",
      "time": 0.004,
      "routes": 139,
      "junctions": 100
    },
    "vehicle": {
      "total": 31,
      "scheduled": 15,
      "routed": 15,
      "short_route": 0,
      "invalid_route": 1
    },
    "result": {
      "name": "result_29940_29970",
      "cost": 0,
      "plans": 1,
      "timeout": 27
    }
  },
  "e159": {
    "problem": {
      "name": "problem_29970_30000",
      "time": 0.006,
      "routes": 196,
      "junctions": 133
    },
    "vehicle": {
      "total": 47,
      "scheduled": 24,
      "routed": 24,
      "short_route": 0,
      "invalid_route": 4
    },
    "result": {
      "name": "result_29970_30000",
      "cost": 0,
      "plans": 1,
      "timeout": 27
    }
  },
  "e160": {
    "problem": {
      "name": "problem_30000_30030",
      "time": 0.006,
      "routes": 196,
      "junctions": 137
    },
    "vehicle": {
      "total": 42,
      "scheduled": 20,
      "routed": 20,
      "short_route": 0,
      "invalid_route": 3
    },
    "result": {
      "name": "result_30000_30030",
      "cost": 0,
      "plans": 1,
      "timeout": 27
    }
  },
  "e161": {
    "problem": {
      "name": "problem_30030_30060",
      "time": 0.005,
      "routes": 164,
      "junctions": 121
    },
    "vehicle": {
      "total": 27,
      "scheduled": 15,
      "routed": 15,
      "short_route": 0,
      "invalid_route": 0
    },
    "result": {
      "name": "result_30030_30060",
      "cost": 0,
      "plans": 1,
      "timeout": 27
    }
  },
  "e162": {
    "problem": {
      "name": "problem_30060_30090",
      "time": 0.007,
      "routes": 236,
      "junctions": 147
    },
    "vehicle": {
      "total": 65,
      "scheduled": 36,
      "routed": 36,
      "short_route": 0,
      "invalid_route": 4
    },
    "result": {
      "name": "result_30060_30090",
      "cost": 0,
      "plans": 1,
      "timeout": 27
    }
  },
  "e163": {
    "problem": {
      "name": "problem_30090_30120",
      "time": 0.005,
      "routes": 167,
      "junctions": 114
    },
    "vehicle": {
      "total": 33,
      "scheduled": 18,
      "routed": 18,
      "short_route": 2,
      "invalid_route": 3
    },
    "result": {
      "name": "result_30090_30120",
      "cost": 0,
      "plans": 1,
      "timeout": 27
    }
  },
  "e164": {
    "problem": {
      "name": "problem_30120_30150",
      "time": 0.006,
      "routes": 199,
      "junctions": 129
    },
    "vehicle": {
      "total": 40,
      "scheduled": 22,
      "routed": 22,
      "short_route": 1,
      "invalid_route": 2
    },
    "result": {
      "name": "result_30120_30150",
      "cost": 0,
      "plans": 1,
      "timeout": 27
    }
  },
  "e165": {
    "problem": {
      "name": "problem_30150_30180",
      "time": 0.006,
      "routes": 195,
      "junctions": 127
    },
    "vehicle": {
      "total": 50,
      "scheduled": 26,
      "routed": 26,
      "short_route": 0,
      "invalid_route": 1
    },
    "result": {
      "name": "result_30150_30180",
      "cost": 0,
      "plans": 1,
      "timeout": 27
    }
  },
  "e166": {
    "problem": {
      "name": "problem_30180_30210",
      "time": 0.005,
      "routes": 180,
      "junctions": 129
    },
    "vehicle": {
      "total": 37,
      "scheduled": 18,
      "routed": 18,
      "short_route": 2,
      "invalid_route": 0
    },
    "result": {
      "name": "result_30180_30210",
      "cost": 0,
      "plans": 1,
      "timeout": 27
    }
  },
  "e167": {
    "problem": {
      "name": "problem_30210_30240",
      "time": 0.003,
      "routes": 108,
      "junctions": 84
    },
    "vehicle": {
      "total": 14,
      "scheduled": 10,
      "routed": 10,
      "short_route": 0,
      "invalid_route": 1
    },
    "result": {
      "name": "result_30210_30240",
      "cost": 0,
      "plans": 1,
      "timeout": 27
    }
  },
  "e168": {
    "problem": {
      "name": "problem_30240_30270",
      "time": 0.008,
      "routes": 239,
      "junctions": 151
    },
    "vehicle": {
      "total": 93,
      "scheduled": 52,
      "routed": 52,
      "short_route": 3,
      "invalid_route": 2
    },
    "result": {
      "name": "result_30240_30270",
      "cost": 0,
      "plans": 1,
      "timeout": 27
    }
  },
  "e169": {
    "problem": {
      "name": "problem_30270_30300",
      "time": 0.005,
      "routes": 166,
      "junctions": 116
    },
    "vehicle": {
      "total": 37,
      "scheduled": 19,
      "routed": 19,
      "short_route": 0,
      "invalid_route": 1
    },
    "result": {
      "name": "result_30270_30300",
      "cost": 0,
      "plans": 1,
      "timeout": 27
    }
  },
  "e170": {
    "problem": {
      "name": "problem_30300_30330",
      "time": 0.005,
      "routes": 178,
      "junctions": 126
    },
    "vehicle": {
      "total": 33,
      "scheduled": 18,
      "routed": 18,
      "short_route": 1,
      "invalid_route": 3
    },
    "result": {
      "name": "result_30300_30330",
      "cost": 0,
      "plans": 1,
      "timeout": 27
    }
  },
  "e171": {
    "problem": {
      "name": "problem_30330_30360",
      "time": 0.006,
      "routes": 190,
      "junctions": 131
    },
    "vehicle": {
      "total": 46,
      "scheduled": 28,
      "routed": 28,
      "short_route": 0,
      "invalid_route": 1
    },
    "result": {
      "name": "result_30330_30360",
      "cost": 0,
      "plans": 1,
      "timeout": 27
    }
  },
  "e172": {
    "problem": {
      "name": "problem_30360_30390",
      "time": 0.006,
      "routes": 177,
      "junctions": 121
    },
    "vehicle": {
      "total": 43,
      "scheduled": 23,
      "routed": 23,
      "short_route": 2,
      "invalid_route": 1
    },
    "result": {
      "name": "result_30360_30390",
      "cost": 0,
      "plans": 1,
      "timeout": 27
    }
  },
  "e173": {
    "problem": {
      "name": "problem_30390_30420",
      "time": 0.004,
      "routes": 155,
      "junctions": 116
    },
    "vehicle": {
      "total": 18,
      "scheduled": 11,
      "routed": 11,
      "short_route": 0,
      "invalid_route": 1
    },
    "result": {
      "name": "result_30390_30420",
      "cost": 0,
      "plans": 1,
      "timeout": 27
    }
  },
  "e174": {
    "problem": {
      "name": "problem_30420_30450",
      "time": 0.007,
      "routes": 230,
      "junctions": 147
    },
    "vehicle": {
      "total": 56,
      "scheduled": 30,
      "routed": 30,
      "short_route": 1,
      "invalid_route": 3
    },
    "result": {
      "name": "result_30420_30450",
      "cost": 0,
      "plans": 1,
      "timeout": 27
    }
  },
  "e175": {
    "problem": {
      "name": "problem_30450_30480",
      "time": 0.006,
      "routes": 188,
      "junctions": 123
    },
    "vehicle": {
      "total": 31,
      "scheduled": 19,
      "routed": 19,
      "short_route": 1,
      "invalid_route": 1
    },
    "result": {
      "name": "result_30450_30480",
      "cost": 0,
      "plans": 1,
      "timeout": 27
    }
  },
  "e176": {
    "problem": {
      "name": "problem_30480_30510",
      "time": 0.006,
      "routes": 192,
      "junctions": 124
    },
    "vehicle": {
      "total": 39,
      "scheduled": 22,
      "routed": 22,
      "short_route": 1,
      "invalid_route": 2
    },
    "result": {
      "name": "result_30480_30510",
      "cost": 0,
      "plans": 1,
      "timeout": 27
    }
  },
  "e177": {
    "problem": {
      "name": "problem_30510_30540",
      "time": 0.006,
      "routes": 198,
      "junctions": 133
    },
    "vehicle": {
      "total": 45,
      "scheduled": 25,
      "routed": 25,
      "short_route": 1,
      "invalid_route": 2
    },
    "result": {
      "name": "result_30510_30540",
      "cost": 0,
      "plans": 1,
      "timeout": 27
    }
  },
  "e178": {
    "problem": {
      "name": "problem_30540_30570",
      "time": 0.005,
      "routes": 156,
      "junctions": 112
    },
    "vehicle": {
      "total": 37,
      "scheduled": 19,
      "routed": 19,
      "short_route": 1,
      "invalid_route": 2
    },
    "result": {
      "name": "result_30540_30570",
      "cost": 0,
      "plans": 1,
      "timeout": 27
    }
  },
  "e179": {
    "problem": {
      "name": "problem_30570_30600",
      "time": 0.003,
      "routes": 121,
      "junctions": 82
    },
    "vehicle": {
      "total": 11,
      "scheduled": 8,
      "routed": 8,
      "short_route": 0,
      "invalid_route": 1
    },
    "result": {
      "name": "result_30570_30600",
      "cost": 0,
      "plans": 1,
      "timeout": 27
    }
  },
  "e180": {
    "problem": {
      "name": "problem_30600_30630",
      "time": 0.008,
      "routes": 242,
      "junctions": 154
    },
    "vehicle": {
      "total": 77,
      "scheduled": 44,
      "routed": 44,
      "short_route": 2,
      "invalid_route": 1
    },
    "result": {
      "name": "result_30600_30630",
      "cost": 0,
      "plans": 1,
      "timeout": 27
    }
  },
  "e181": {
    "problem": {
      "name": "problem_30630_30660",
      "time": 0.005,
      "routes": 163,
      "junctions": 114
    },
    "vehicle": {
      "total": 24,
      "scheduled": 14,
      "routed": 14,
      "short_route": 0,
      "invalid_route": 1
    },
    "result": {
      "name": "result_30630_30660",
      "cost": 0,
      "plans": 1,
      "timeout": 27
    }
  },
  "e182": {
    "problem": {
      "name": "problem_30660_30690",
      "time": 0.005,
      "routes": 175,
      "junctions": 124
    },
    "vehicle": {
      "total": 30,
      "scheduled": 18,
      "routed": 18,
      "short_route": 2,
      "invalid_route": 1
    },
    "result": {
      "name": "result_30660_30690",
      "cost": 0,
      "plans": 1,
      "timeout": 27
    }
  },
  "e183": {
    "problem": {
      "name": "problem_30690_30720",
      "time": 0.005,
      "routes": 174,
      "junctions": 119
    },
    "vehicle": {
      "total": 34,
      "scheduled": 18,
      "routed": 18,
      "short_route": 1,
      "invalid_route": 1
    },
    "result": {
      "name": "result_30690_30720",
      "cost": 0,
      "plans": 1,
      "timeout": 27
    }
  },
  "e184": {
    "problem": {
      "name": "problem_30720_30750",
      "time": 0.006,
      "routes": 201,
      "junctions": 137
    },
    "vehicle": {
      "total": 44,
      "scheduled": 28,
      "routed": 28,
      "short_route": 0,
      "invalid_route": 1
    },
    "result": {
      "name": "result_30720_30750",
      "cost": 0,
      "plans": 1,
      "timeout": 27
    }
  },
  "e185": {
    "problem": {
      "name": "problem_30750_30780",
      "time": 0.003,
      "routes": 117,
      "junctions": 91
    },
    "vehicle": {
      "total": 15,
      "scheduled": 8,
      "routed": 8,
      "short_route": 0,
      "invalid_route": 1
    },
    "result": {
      "name": "result_30750_30780",
      "cost": 0,
      "plans": 1,
      "timeout": 27
    }
  },
  "e186": {
    "problem": {
      "name": "problem_30780_30810",
      "time": 0.007,
      "routes": 225,
      "junctions": 148
    },
    "vehicle": {
      "total": 53,
      "scheduled": 30,
      "routed": 30,
      "short_route": 2,
      "invalid_route": 2
    },
    "result": {
      "name": "result_30780_30810",
      "cost": 0,
      "plans": 1,
      "timeout": 27
    }
  },
  "e187": {
    "problem": {
      "name": "problem_30810_30840",
      "time": 0.006,
      "routes": 198,
      "junctions": 129
    },
    "vehicle": {
      "total": 28,
      "scheduled": 18,
      "routed": 18,
      "short_route": 1,
      "invalid_route": 2
    },
    "result": {
      "name": "result_30810_30840",
      "cost": 0,
      "plans": 1,
      "timeout": 27
    }
  },
  "e188": {
    "problem": {
      "name": "problem_30840_30870",
      "time": 0.005,
      "routes": 168,
      "junctions": 113
    },
    "vehicle": {
      "total": 39,
      "scheduled": 16,
      "routed": 16,
      "short_route": 1,
      "invalid_route": 1
    },
    "result": {
      "name": "result_30840_30870",
      "cost": 0,
      "plans": 1,
      "timeout": 27
    }
  },
  "e189": {
    "problem": {
      "name": "problem_30870_30900",
      "time": 0.006,
      "routes": 208,
      "junctions": 136
    },
    "vehicle": {
      "total": 40,
      "scheduled": 24,
      "routed": 24,
      "short_route": 1,
      "invalid_route": 0
    },
    "result": {
      "name": "result_30870_30900",
      "cost": 0,
      "plans": 1,
      "timeout": 27
    }
  },
  "e190": {
    "problem": {
      "name": "problem_30900_30930",
      "time": 0.005,
      "routes": 177,
      "junctions": 117
    },
    "vehicle": {
      "total": 30,
      "scheduled": 17,
      "routed": 17,
      "short_route": 0,
      "invalid_route": 2
    },
    "result": {
      "name": "result_30900_30930",
      "cost": 0,
      "plans": 1,
      "timeout": 27
    }
  },
  "e191": {
    "problem": {
      "name": "problem_30930_30960",
      "time": 0.002,
      "routes": 57,
      "junctions": 48
    },
    "vehicle": {
      "total": 7,
      "scheduled": 3,
      "routed": 3,
      "short_route": 0,
      "invalid_route": 0
    },
    "result": {
      "name": "result_30930_30960",
      "cost": 0,
      "plans": 1,
      "timeout": 27
    }
  },
  "e192": {
    "problem": {
      "name": "problem_30960_30990",
      "time": 0.007,
      "routes": 205,
      "junctions": 135
    },
    "vehicle": {
      "total": 73,
      "scheduled": 36,
      "routed": 36,
      "short_route": 0,
      "invalid_route": 2
    },
    "result": {
      "name": "result_30960_30990",
      "cost": 0,
      "plans": 1,
      "timeout": 27
    }
  },
  "e193": {
    "problem": {
      "name": "problem_30990_31020",
      "time": 0.004,
      "routes": 126,
      "junctions": 97
    },
    "vehicle": {
      "total": 23,
      "scheduled": 12,
      "routed": 12,
      "short_route": 0,
      "invalid_route": 0
    },
    "result": {
      "name": "result_30990_31020",
      "cost": 0,
      "plans": 1,
      "timeout": 27
    }
  },
  "e194": {
    "problem": {
      "name": "problem_31020_31050",
      "time": 0.006,
      "routes": 186,
      "junctions": 123
    },
    "vehicle": {
      "total": 29,
      "scheduled": 15,
      "routed": 15,
      "short_route": 1,
      "invalid_route": 0
    },
    "result": {
      "name": "result_31020_31050",
      "cost": 0,
      "plans": 1,
      "timeout": 27
    }
  },
  "e195": {
    "problem": {
      "name": "problem_31050_31080",
      "time": 0.006,
      "routes": 190,
      "junctions": 128
    },
    "vehicle": {
      "total": 34,
      "scheduled": 19,
      "routed": 19,
      "short_route": 0,
      "invalid_route": 1
    },
    "result": {
      "name": "result_31050_31080",
      "cost": 0,
      "plans": 1,
      "timeout": 27
    }
  },
  "e196": {
    "problem": {
      "name": "problem_31080_31110",
      "time": 0.006,
      "routes": 193,
      "junctions": 129
    },
    "vehicle": {
      "total": 55,
      "scheduled": 24,
      "routed": 24,
      "short_route": 5,
      "invalid_route": 3
    },
    "result": {
      "name": "result_31080_31110",
      "cost": 0,
      "plans": 1,
      "timeout": 27
    }
  },
  "e197": {
    "problem": {
      "name": "problem_31110_31140",
      "time": 0.003,
      "routes": 99,
      "junctions": 80
    },
    "vehicle": {
      "total": 13,
      "scheduled": 9,
      "routed": 9,
      "short_route": 0,
      "invalid_route": 0
    },
    "result": {
      "name": "result_31110_31140",
      "cost": 0,
      "plans": 1,
      "timeout": 27
    }
  },
  "e198": {
    "problem": {
      "name": "problem_31140_31170",
      "time": 0.007,
      "routes": 215,
      "junctions": 131
    },
    "vehicle": {
      "total": 54,
      "scheduled": 27,
      "routed": 27,
      "short_route": 1,
      "invalid_route": 3
    },
    "result": {
      "name": "result_31140_31170",
      "cost": 0,
      "plans": 1,
      "timeout": 27
    }
  },
  "e199": {
    "problem": {
      "name": "problem_31170_31200",
      "time": 0.005,
      "routes": 179,
      "junctions": 122
    },
    "vehicle": {
      "total": 20,
      "scheduled": 12,
      "routed": 12,
      "short_route": 2,
      "invalid_route": 0
    },
    "result": {
      "name": "result_31170_31200",
      "cost": 0,
      "plans": 1,
      "timeout": 27
    }
  },
  "e200": {
    "problem": {
      "name": "problem_31200_31230",
      "time": 0.005,
      "routes": 157,
      "junctions": 112
    },
    "vehicle": {
      "total": 35,
      "scheduled": 18,
      "routed": 18,
      "short_route": 2,
      "invalid_route": 1
    },
    "result": {
      "name": "result_31200_31230",
      "cost": 0,
      "plans": 1,
      "timeout": 27
    }
  },
  "e201": {
    "problem": {
      "name": "problem_31230_31260",
      "time": 0.006,
      "routes": 202,
      "junctions": 133
    },
    "vehicle": {
      "total": 43,
      "scheduled": 27,
      "routed": 27,
      "short_route": 1,
      "invalid_route": 1
    },
    "result": {
      "name": "result_31230_31260",
      "cost": 0,
      "plans": 1,
      "timeout": 27
    }
  },
  "e202": {
    "problem": {
      "name": "problem_31260_31290",
      "time": 0.005,
      "routes": 167,
      "junctions": 118
    },
    "vehicle": {
      "total": 29,
      "scheduled": 17,
      "routed": 17,
      "short_route": 0,
      "invalid_route": 0
    },
    "result": {
      "name": "result_31260_31290",
      "cost": 0,
      "plans": 1,
      "timeout": 27
    }
  },
  "e203": {
    "problem": {
      "name": "problem_31290_31320",
      "time": 0.003,
      "routes": 88,
      "junctions": 78
    },
    "vehicle": {
      "total": 9,
      "scheduled": 5,
      "routed": 5,
      "short_route": 1,
      "invalid_route": 0
    },
    "result": {
      "name": "result_31290_31320",
      "cost": 0,
      "plans": 1,
      "timeout": 27
    }
  },
  "e204": {
    "problem": {
      "name": "problem_31320_31350",
      "time": 0.008,
      "routes": 231,
      "junctions": 151
    },
    "vehicle": {
      "total": 79,
      "scheduled": 42,
      "routed": 42,
      "short_route": 2,
      "invalid_route": 2
    },
    "result": {
      "name": "result_31320_31350",
      "cost": 0,
      "plans": 1,
      "timeout": 27
    }
  },
  "e205": {
    "problem": {
      "name": "problem_31350_31380",
      "time": 0.005,
      "routes": 155,
      "junctions": 109
    },
    "vehicle": {
      "total": 24,
      "scheduled": 16,
      "routed": 16,
      "short_route": 0,
      "invalid_route": 2
    },
    "result": {
      "name": "result_31350_31380",
      "cost": 0,
      "plans": 1,
      "timeout": 27
    }
  },
  "e206": {
    "problem": {
      "name": "problem_31380_31410",
      "time": 0.004,
      "routes": 149,
      "junctions": 109
    },
    "vehicle": {
      "total": 26,
      "scheduled": 11,
      "routed": 11,
      "short_route": 0,
      "invalid_route": 2
    },
    "result": {
      "name": "result_31380_31410",
      "cost": 0,
      "plans": 1,
      "timeout": 27
    }
  },
  "e207": {
    "problem": {
      "name": "problem_31410_31440",
      "time": 0.004,
      "routes": 148,
      "junctions": 110
    },
    "vehicle": {
      "total": 25,
      "scheduled": 10,
      "routed": 10,
      "short_route": 0,
      "invalid_route": 0
    },
    "result": {
      "name": "result_31410_31440",
      "cost": 0,
      "plans": 1,
      "timeout": 27
    }
  },
  "e208": {
    "problem": {
      "name": "problem_31440_31470",
      "time": 0.007,
      "routes": 236,
      "junctions": 153
    },
    "vehicle": {
      "total": 45,
      "scheduled": 31,
      "routed": 31,
      "short_route": 1,
      "invalid_route": 1
    },
    "result": {
      "name": "result_31440_31470",
      "cost": 0,
      "plans": 1,
      "timeout": 27
    }
  },
  "e209": {
    "problem": {
      "name": "problem_31470_31500",
      "time": 0.003,
      "routes": 112,
      "junctions": 89
    },
    "vehicle": {
      "total": 15,
      "scheduled": 5,
      "routed": 5,
      "short_route": 1,
      "invalid_route": 1
    },
    "result": {
      "name": "result_31470_31500",
      "cost": 0,
      "plans": 1,
      "timeout": 27
    }
  },
  "e210": {
    "problem": {
      "name": "problem_31500_31530",
      "time": 0.005,
      "routes": 187,
      "junctions": 129
    },
    "vehicle": {
      "total": 35,
      "scheduled": 16,
      "routed": 16,
      "short_route": 2,
      "invalid_route": 2
    },
    "result": {
      "name": "result_31500_31530",
      "cost": 0,
      "plans": 1,
      "timeout": 27
    }
  },
  "e211": {
    "problem": {
      "name": "problem_31530_31560",
      "time": 0.004,
      "routes": 123,
      "junctions": 99
    },
    "vehicle": {
      "total": 24,
      "scheduled": 11,
      "routed": 11,
      "short_route": 1,
      "invalid_route": 1
    },
    "result": {
      "name": "result_31530_31560",
      "cost": 0,
      "plans": 1,
      "timeout": 27
    }
  },
  "e212": {
    "problem": {
      "name": "problem_31560_31590",
      "time": 0.005,
      "routes": 167,
      "junctions": 117
    },
    "vehicle": {
      "total": 26,
      "scheduled": 12,
      "routed": 12,
      "short_route": 0,
      "invalid_route": 0
    },
    "result": {
      "name": "result_31560_31590",
      "cost": 0,
      "plans": 1,
      "timeout": 27
    }
  },
  "e213": {
    "problem": {
      "name": "problem_31590_31620",
      "time": 0.006,
      "routes": 191,
      "junctions": 130
    },
    "vehicle": {
      "total": 25,
      "scheduled": 16,
      "routed": 16,
      "short_route": 1,
      "invalid_route": 0
    },
    "result": {
      "name": "result_31590_31620",
      "cost": 0,
      "plans": 1,
      "timeout": 27
    }
  },
  "e214": {
    "problem": {
      "name": "problem_31620_31650",
      "time": 0.003,
      "routes": 95,
      "junctions": 73
    },
    "vehicle": {
      "total": 16,
      "scheduled": 8,
      "routed": 8,
      "short_route": 0,
      "invalid_route": 0
    },
    "result": {
      "name": "result_31620_31650",
      "cost": 0,
      "plans": 1,
      "timeout": 27
    }
  },
  "e215": {
    "problem": {
      "name": "problem_31650_31680",
      "time": 0.001,
      "routes": 44,
      "junctions": 42
    },
    "vehicle": {
      "total": 9,
      "scheduled": 3,
      "routed": 3,
      "short_route": 1,
      "invalid_route": 0
    },
    "result": {
      "name": "result_31650_31680",
      "cost": 0,
      "plans": 1,
      "timeout": 27
    }
  },
  "e216": {
    "problem": {
      "name": "problem_31680_31710",
      "time": 0.006,
      "routes": 191,
      "junctions": 134
    },
    "vehicle": {
      "total": 57,
      "scheduled": 27,
      "routed": 27,
      "short_route": 1,
      "invalid_route": 1
    },
    "result": {
      "name": "result_31680_31710",
      "cost": 0,
      "plans": 1,
      "timeout": 27
    }
  },
  "e217": {
    "problem": {
      "name": "problem_31710_31740",
      "time": 0.004,
      "routes": 130,
      "junctions": 107
    },
    "vehicle": {
      "total": 13,
      "scheduled": 12,
      "routed": 12,
      "short_route": 0,
      "invalid_route": 0
    },
    "result": {
      "name": "result_31710_31740",
      "cost": 0,
      "plans": 1,
      "timeout": 27
    }
  },
  "e218": {
    "problem": {
      "name": "problem_31740_31770",
      "time": 0.004,
      "routes": 123,
      "junctions": 94
    },
    "vehicle": {
      "total": 19,
      "scheduled": 9,
      "routed": 9,
      "short_route": 1,
      "invalid_route": 1
    },
    "result": {
      "name": "result_31740_31770",
      "cost": 0,
      "plans": 1,
      "timeout": 27
    }
  },
  "e219": {
    "problem": {
      "name": "problem_31770_31800",
      "time": 0.005,
      "routes": 154,
      "junctions": 111
    },
    "vehicle": {
      "total": 30,
      "scheduled": 15,
      "routed": 15,
      "short_route": 1,
      "invalid_route": 3
    },
    "result": {
      "name": "result_31770_31800",
      "cost": 0,
      "plans": 1,
      "timeout": 27
    }
  },
  "e220": {
    "problem": {
      "name": "problem_31800_31830",
      "time": 0.005,
      "routes": 168,
      "junctions": 125
    },
    "vehicle": {
      "total": 26,
      "scheduled": 15,
      "routed": 15,
      "short_route": 1,
      "invalid_route": 1
    },
    "result": {
      "name": "result_31800_31830",
      "cost": 0,
      "plans": 1,
      "timeout": 27
    }
  },
  "e221": {
    "problem": {
      "name": "problem_31830_31860",
      "time": 0.003,
      "routes": 101,
      "junctions": 89
    },
    "vehicle": {
      "total": 9,
      "scheduled": 5,
      "routed": 5,
      "short_route": 0,
      "invalid_route": 1
    },
    "result": {
      "name": "result_31830_31860",
      "cost": 0,
      "plans": 1,
      "timeout": 27
    }
  },
  "e222": {
    "problem": {
      "name": "problem_31860_31890",
      "time": 0.006,
      "routes": 188,
      "junctions": 125
    },
    "vehicle": {
      "total": 27,
      "scheduled": 14,
      "routed": 14,
      "short_route": 2,
      "invalid_route": 0
    },
    "result": {
      "name": "result_31860_31890",
      "cost": 0,
      "plans": 1,
      "timeout": 27
    }
  },
  "e223": {
    "problem": {
      "name": "problem_31890_31920",
      "time": 0.004,
      "routes": 139,
      "junctions": 104
    },
    "vehicle": {
      "total": 14,
      "scheduled": 7,
      "routed": 7,
      "short_route": 0,
      "invalid_route": 0
    },
    "result": {
      "name": "result_31890_31920",
      "cost": 0,
      "plans": 1,
      "timeout": 27
    }
  },
  "e224": {
    "problem": {
      "name": "problem_31920_31950",
      "time": 0.005,
      "routes": 170,
      "junctions": 125
    },
    "vehicle": {
      "total": 22,
      "scheduled": 12,
      "routed": 12,
      "short_route": 1,
      "invalid_route": 2
    },
    "result": {
      "name": "result_31920_31950",
      "cost": 0,
      "plans": 1,
      "timeout": 27
    }
  },
  "e225": {
    "problem": {
      "name": "problem_31950_31980",
      "time": 0.004,
      "routes": 117,
      "junctions": 92
    },
    "vehicle": {
      "total": 22,
      "scheduled": 10,
      "routed": 10,
      "short_route": 0,
      "invalid_route": 1
    },
    "result": {
      "name": "result_31950_31980",
      "cost": 0,
      "plans": 1,
      "timeout": 27
    }
  },
  "e226": {
    "problem": {
      "name": "problem_31980_32010",
      "time": 0.002,
      "routes": 73,
      "junctions": 58
    },
    "vehicle": {
      "total": 12,
      "scheduled": 6,
      "routed": 6,
      "short_route": 0,
      "invalid_route": 0
    },
    "result": {
      "name": "result_31980_32010",
      "cost": 0,
      "plans": 1,
      "timeout": 27
    }
  },
  "e227": {
    "problem": {
      "name": "problem_32040_32070",
      "time": 0.005,
      "routes": 164,
      "junctions": 116
    },
    "vehicle": {
      "total": 38,
      "scheduled": 13,
      "routed": 13,
      "short_route": 2,
      "invalid_route": 2
    },
    "result": {
      "name": "result_32040_32070",
      "cost": 0,
      "plans": 1,
      "timeout": 27
    }
  },
  "e228": {
    "problem": {
      "name": "problem_32070_32100",
      "time": 0.002,
      "routes": 70,
      "junctions": 65
    },
    "vehicle": {
      "total": 14,
      "scheduled": 6,
      "routed": 6,
      "short_route": 0,
      "invalid_route": 0
    },
    "result": {
      "name": "result_32070_32100",
      "cost": 0,
      "plans": 1,
      "timeout": 27
    }
  },
  "e229": {
    "problem": {
      "name": "problem_32100_32130",
      "time": 0.002,
      "routes": 50,
      "junctions": 46
    },
    "vehicle": {
      "total": 5,
      "scheduled": 3,
      "routed": 3,
      "short_route": 0,
      "invalid_route": 0
    },
    "result": {
      "name": "result_32100_32130",
      "cost": 0,
      "plans": 1,
      "timeout": 27
    }
  },
  "e230": {
    "problem": {
      "name": "problem_32130_32160",
      "time": 0.005,
      "routes": 156,
      "junctions": 108
    },
    "vehicle": {
      "total": 17,
      "scheduled": 9,
      "routed": 9,
      "short_route": 0,
      "invalid_route": 0
    },
    "result": {
      "name": "result_32130_32160",
      "cost": 0,
      "plans": 1,
      "timeout": 27
    }
  },
  "e231": {
    "problem": {
      "name": "problem_32160_32190",
      "time": 0.003,
      "routes": 79,
      "junctions": 68
    },
    "vehicle": {
      "total": 20,
      "scheduled": 4,
      "routed": 4,
      "short_route": 1,
      "invalid_route": 0
    },
    "result": {
      "name": "result_32160_32190",
      "cost": 0,
      "plans": 1,
      "timeout": 27
    }
  },
  "e232": {
    "problem": {
      "name": "problem_32190_32220",
      "time": 0.003,
      "routes": 87,
      "junctions": 78
    },
    "vehicle": {
      "total": 11,
      "scheduled": 4,
      "routed": 4,
      "short_route": 1,
      "invalid_route": 1
    },
    "result": {
      "name": "result_32190_32220",
      "cost": 0,
      "plans": 2,
      "timeout": 27
    }
  },
  "e233": {
    "problem": {
      "name": "problem_32220_32250",
      "time": 0.003,
      "routes": 111,
      "junctions": 81
    },
    "vehicle": {
      "total": 17,
      "scheduled": 11,
      "routed": 11,
      "short_route": 0,
      "invalid_route": 0
    },
    "result": {
      "name": "result_32220_32250",
      "cost": 0,
      "plans": 1,
      "timeout": 27
    }
  },
  "e234": {
    "problem": {
      "name": "problem_32250_32280",
      "time": 0.002,
      "routes": 68,
      "junctions": 52
    },
    "vehicle": {
      "total": 8,
      "scheduled": 3,
      "routed": 3,
      "short_route": 1,
      "invalid_route": 0
    },
    "result": {
      "name": "result_32250_32280",
      "cost": 0,
      "plans": 1,
      "timeout": 27
    }
  },
  "e235": {
    "problem": {
      "name": "problem_32280_32310",
      "time": 0.004,
      "routes": 155,
      "junctions": 118
    },
    "vehicle": {
      "total": 19,
      "scheduled": 10,
      "routed": 10,
      "short_route": 2,
      "invalid_route": 0
    },
    "result": {
      "name": "result_32280_32310",
      "cost": 0,
      "plans": 1,
      "timeout": 27
    }
  },
  "e236": {
    "problem": {
      "name": "problem_32310_32340",
      "time": 0.009,
      "routes": 131,
      "junctions": 94
    },
    "vehicle": {
      "total": 18,
      "scheduled": 9,
      "routed": 9,
      "short_route": 2,
      "invalid_route": 2
    },
    "result": {
      "name": "result_32310_32340",
      "cost": 0,
      "plans": 1,
      "timeout": 27
    }
  },
  "e237": {
    "problem": {
      "name": "problem_32340_32370",
      "time": 0.002,
      "routes": 74,
      "junctions": 67
    },
    "vehicle": {
      "total": 13,
      "scheduled": 4,
      "routed": 4,
      "short_route": 0,
      "invalid_route": 0
    },
    "result": {
      "name": "result_32340_32370",
      "cost": 0,
      "plans": 1,
      "timeout": 27
    }
  }
}