name,loaded,inserted,running,waiting,total,jam,yield lane,wrong lane,collisions,stops,braking,vehicles,routeLength,speed,duration,waiting time,timeLoss,departDelay,total travel time,total depart delay
stats,5137,5095,138,42,0,0,0,0,0,0,7,4957,1833.44,8.27,228.21,39.68,81.53,3.30,1131224.00,16356.31
stats_full,5137,5137,0,0,0,0,0,0,0,0,7,5137,1838.34,8.27,228.89,39.79,81.75,8.14,1175792.00,41806.17
stats_full_routed,5137,5137,0,0,0,0,0,0,0,0,8,5137,1769.77,8.36,217.05,38.40,77.59,11.95,1115007.50,61400.17
stats_routed,5137,5087,129,50,0,0,0,0,0,0,8,4958,1766.02,8.36,216.52,38.30,77.36,6.03,1073498.00,29909.92
