<?xml version="1.0" encoding="UTF-8"?>

<!-- generated on 2024-10-10 12:05:37 by Eclipse SUMO sumo Version 1.18.0
<configuration xmlns:xsi="http://www.w3.org/2001/XMLSchema-instance" xsi:noNamespaceSchemaLocation="http://sumo.dlr.de/xsd/sumoConfiguration.xsd">

    <input>
        <net-file value="/home/svadlmat/UTC/utc/data/scenarios/itsc_25200_32400_green_planned/config/../../../maps/sumo/DCC.net.xml"/>
        <additional-files value="/home/svadlmat/UTC/utc/data/scenarios/itsc_25200_32400_green_planned/config/../../itsc_25200_32400_green_planned/additional/itsc_25200_32400_green_planned.rou.xml,/home/svadlmat/UTC/utc/data/scenarios/itsc_25200_32400_green_planned/config/../../itsc_25200_32400_green_planned/additional/itsc_25200_32400_green_planned_vehicles.add.xml,/home/svadlmat/UTC/utc/data/scenarios/itsc_25200_32400_green_planned/config/../../Base/DCC_trafficlights.add.xml"/>
    </input>

    <output>
        <statistic-output value="stats_full_routed.xml"/>
    </output>

    <time>
        <begin value="25200"/>
        <step-length value="0.5"/>
    </time>

    <routing>
        <device.rerouting.probability value="1"/>
        <device.rerouting.pre-period value="30"/>
        <device.rerouting.threads value="8"/>
    </routing>

    <report>
        <no-warnings value="true"/>
        <duration-log.statistics value="true"/>
    </report>

</configuration>
-->

<statistics xmlns:xsi="http://www.w3.org/2001/XMLSchema-instance" xsi:noNamespaceSchemaLocation="http://sumo.dlr.de/xsd/statistic_file.xsd">
    <performance clockBegin="1728554738.10" clockEnd="1728554776.49" clockDuration="38.39" traciDuration="46.40" realTimeFactor="203.43" vehicleUpdatesPerSecond="58089.95" personUpdatesPerSecond="0.00" begin="25200.00" end="33009.50" duration="7809.50"/>
    <vehicles loaded="5137" inserted="5137" running="0" waiting="0"/>
    <teleports total="0" jam="0" yield="0" wrongLane="0"/>
    <safety collisions="0" emergencyStops="0" emergencyBraking="8"/>
    <persons loaded="0" running="0" jammed="0"/>
    <personTeleports total="0" abortWait="0" wrongDest="0"/>
    <vehicleTripStatistics count="5137" routeLength="1769.77" speed="8.36" duration="217.05" waitingTime="38.40" timeLoss="77.59" departDelay="11.95" departDelayWaiting="-1.00" totalTravelTime="1115007.50" totalDepartDelay="61400.17"/>
    <pedestrianStatistics number="0" routeLength="0.00" duration="0.00" timeLoss="0.00"/>
    <rideStatistics number="0"/>
    <transportStatistics number="0"/>
</statistics>
