name,loaded,inserted,running,waiting,total,jam,yield lane,wrong lane,collisions,stops,braking,vehicles,routeLength,speed,duration,waiting time,timeLoss,departDelay,total travel time,total depart delay
stats,7590,7588,737,0,0,0,0,0,0,0,120,6851,8549.99,11.56,750.68,116.85,199.21,0.04,5142912.50,305.00
stats_full,7590,7590,0,0,0,0,0,0,0,0,126,7590,8616.29,11.56,756.85,117.71,199.89,0.04,5744504.50,321.50
stats_full_routed,7590,7590,0,0,0,0,0,0,0,0,108,7590,8117.94,10.88,773.07,178.41,261.91,0.02,5867636.50,140.50
stats_routed,7590,7588,758,0,1,0,0,0,1,0,111,6830,8086.23,11.06,765.00,175.26,258.54,0.02,5224920.00,152.00
