name,loaded,inserted,running,waiting,total,jam,yield lane,wrong lane,collisions,stops,braking,vehicles,routeLength,speed,duration,waiting time,timeLoss,departDelay,total travel time,total depart delay
stats,4712,4712,194,0,15,3,12,0,0,0,22,4518,2407.33,7.63,324.61,49.33,98.06,0.74,1466578.00,3366.81
stats_full,4712,4712,0,0,15,3,12,0,0,0,22,4712,2427.00,7.60,329.80,51.86,101.24,0.81,1554003.00,3819.19
stats_full_routed,4712,4712,0,0,0,0,0,0,0,0,20,4712,2199.00,8.19,270.32,38.59,76.71,0.18,1273764.50,864.69
stats_routed,4712,4712,121,0,0,0,0,0,0,0,20,4591,2190.35,8.19,269.45,38.41,76.52,0.19,1237038.00,854.23
