name,loaded,inserted,running,waiting,total,jam,yield lane,wrong lane,collisions,stops,braking,vehicles,routeLength,speed,duration,waiting time,timeLoss,departDelay,total travel time,total depart delay
stats,5137,5095,138,42,0,0,0,0,0,0,10,4957,1833.90,8.26,228.93,40.47,82.21,3.33,1134823.00,16493.63
stats_full,5137,5137,0,0,0,0,0,0,0,0,10,5137,1838.49,8.26,229.58,40.53,82.38,8.40,1179363.00,43171.17
stats_full_routed,5137,5137,0,0,0,0,0,0,0,0,16,5137,1769.44,8.39,216.28,38.26,76.77,9.77,1111038.00,50207.67
stats_routed,5137,5101,136,36,0,0,0,0,0,0,16,4965,1765.35,8.40,215.46,37.97,76.31,4.70,1069782.00,23337.49
