name,loaded,inserted,running,waiting,total,jam,yield lane,wrong lane,collisions,stops,braking,vehicles,routeLength,speed,duration,waiting time,timeLoss,departDelay,total travel time,total depart delay
stats,45181,41508,6979,3673,4050,2305,1335,401,9,0,335,34529,1800.20,6.95,484.93,253.58,310.07,28.25,16744093.50,975272.05
stats_full,45181,45181,0,0,8594,4917,2910,757,10,0,469,45181,1906.33,5.74,1148.09,849.97,944.33,483.44,51871696.50,21842424.62
stats_full_routed,45181,45181,0,0,750,355,361,30,4,0,309,45181,1812.64,7.67,326.30,116.55,161.31,36.65,14742773.50,1656010.62
stats_routed,45181,44907,1441,274,564,261,271,28,4,0,301,43466,1794.11,7.76,290.28,84.76,127.48,6.37,12617202.00,276964.83
