<?xml version="1.0" encoding="UTF-8"?>

<!-- generated on 2024-11-20 10:18:55 by Eclipse SUMO sumo Version 1.18.0
<configuration xmlns:xsi="http://www.w3.org/2001/XMLSchema-instance" xsi:noNamespaceSchemaLocation="http://sumo.dlr.de/xsd/sumoConfiguration.xsd">

    <input>
        <net-file value="/home/svadlmat/UTC/utc/data/scenarios/itsc_25200_32400_planned/config/../../../maps/sumo/DCC.net.xml"/>
        <additional-files value="/home/svadlmat/UTC/utc/data/scenarios/itsc_25200_32400_planned/config/../../itsc_25200_32400_planned/additional/itsc_25200_32400_planned.rou.xml,/home/svadlmat/UTC/utc/data/scenarios/itsc_25200_32400_planned/config/../../itsc_25200_32400_planned/additional/itsc_25200_32400_planned_vehicles.add.xml,/home/svadlmat/UTC/utc/data/scenarios/itsc_25200_32400_planned/config/../../Base/DCC_trafficlights.add.xml"/>
    </input>

    <output>
        <statistic-output value="stats.xml"/>
    </output>

    <time>
        <begin value="25200"/>
        <end value="32400"/>
        <step-length value="0.5"/>
    </time>

    <report>
        <no-warnings value="true"/>
        <duration-log.statistics value="true"/>
    </report>

</configuration>
-->

<statistics xmlns:xsi="http://www.w3.org/2001/XMLSchema-instance" xsi:noNamespaceSchemaLocation="http://sumo.dlr.de/xsd/statistic_file.xsd">
    <performance clockBegin="1732094335.76" clockEnd="1732094930.68" clockDuration="594.91" traciDuration="42.86" realTimeFactor="12.10" vehicleUpdatesPerSecond="99992.09" personUpdatesPerSecond="0.00" begin="25200.00" end="32400.00" duration="7200.00"/>
    <vehicles loaded="45181" inserted="41508" running="6979" waiting="3673"/>
    <teleports total="4050" jam="2305" yield="1335" wrongLane="401"/>
    <safety collisions="9" emergencyStops="0" emergencyBraking="335"/>
    <persons loaded="0" running="0" jammed="0"/>
    <personTeleports total="0" abortWait="0" wrongDest="0"/>
    <vehicleTripStatistics count="34529" routeLength="1800.20" speed="6.95" duration="484.93" waitingTime="253.58" timeLoss="310.07" departDelay="28.25" departDelayWaiting="-1.00" totalTravelTime="16744093.50" totalDepartDelay="975272.05"/>
    <pedestrianStatistics number="0" routeLength="0.00" duration="0.00" timeLoss="0.00"/>
    <rideStatistics number="0"/>
    <transportStatistics number="0"/>
</statistics>
