<?xml version="1.0" encoding="UTF-8"?>

<!-- generated on 2024-11-20 10:18:55 by Eclipse SUMO sumo Version 1.18.0
<configuration xmlns:xsi="http://www.w3.org/2001/XMLSchema-instance" xsi:noNamespaceSchemaLocation="http://sumo.dlr.de/xsd/sumoConfiguration.xsd">

    <input>
        <net-file value="/home/svadlmat/UTC/utc/data/scenarios/itsc_25200_32400_planned/config/../../../maps/sumo/DCC.net.xml"/>
        <additional-files value="/home/svadlmat/UTC/utc/data/scenarios/itsc_25200_32400_planned/config/../../itsc_25200_32400_planned/additional/itsc_25200_32400_planned.rou.xml,/home/svadlmat/UTC/utc/data/scenarios/itsc_25200_32400_planned/config/../../itsc_25200_32400_planned/additional/itsc_25200_32400_planned_vehicles.add.xml,/home/svadlmat/UTC/utc/data/scenarios/itsc_25200_32400_planned/config/../../Base/DCC_trafficlights.add.xml"/>
    </input>

    <output>
        <statistic-output value="stats_full.xml"/>
    </output>

    <time>
        <begin value="25200"/>
        <step-length value="0.5"/>
    </time>

    <report>
        <no-warnings value="true"/>
        <duration-log.statistics value="true"/>
    </report>

</configuration>
-->

<statistics xmlns:xsi="http://www.w3.org/2001/XMLSchema-instance" xsi:noNamespaceSchemaLocation="http://sumo.dlr.de/xsd/statistic_file.xsd">
    <performance clockBegin="1732094335.77" clockEnd="1732095285.66" clockDuration="949.90" traciDuration="331.79" realTimeFactor="16.98" vehicleUpdatesPerSecond="109215.60" personUpdatesPerSecond="0.00" begin="25200.00" end="41333.50" duration="16133.50"/>
    <vehicles loaded="45181" inserted="45181" running="0" waiting="0"/>
    <teleports total="8594" jam="4917" yield="2910" wrongLane="757"/>
    <safety collisions="10" emergencyStops="0" emergencyBraking="469"/>
    <persons loaded="0" running="0" jammed="0"/>
    <personTeleports total="0" abortWait="0" wrongDest="0"/>
    <vehicleTripStatistics count="45181" routeLength="1906.33" speed="5.74" duration="1148.09" waitingTime="849.97" timeLoss="944.33" departDelay="483.44" departDelayWaiting="-1.00" totalTravelTime="51871696.50" totalDepartDelay="21842424.62"/>
    <pedestrianStatistics number="0" routeLength="0.00" duration="0.00" timeLoss="0.00"/>
    <rideStatistics number="0"/>
    <transportStatistics number="0"/>
</statistics>
