<?xml version="1.0" encoding="UTF-8"?>

<!-- generated on 2024-11-12 21:34:49 by Eclipse SUMO sumo Version 1.18.0
<configuration xmlns:xsi="http://www.w3.org/2001/XMLSchema-instance" xsi:noNamespaceSchemaLocation="http://sumo.dlr.de/xsd/sumoConfiguration.xsd">

    <input>
        <net-file value="/home/svadlmat/UTC/utc/data/scenarios/lust_25200_32400_planned/config/../../../maps/sumo/lust.net.xml"/>
        <additional-files value="/home/svadlmat/UTC/utc/data/scenarios/lust_25200_32400_planned/config/../../lust_25200_32400_planned/additional/lust_25200_32400_planned.rou.xml,/home/svadlmat/UTC/utc/data/scenarios/lust_25200_32400_planned/config/../../lust_25200_32400_planned/additional/lust_25200_32400_planned_vehicles.add.xml,/home/svadlmat/UTC/utc/data/scenarios/lust_25200_32400_planned/config/../../Lust/additional/tll.static.xml"/>
    </input>

    <output>
        <statistic-output value="stats_full_routed.xml"/>
    </output>

    <time>
        <begin value="25200"/>
        <step-length value="0.5"/>
    </time>

    <routing>
        <device.rerouting.probability value="1"/>
        <device.rerouting.pre-period value="30"/>
        <device.rerouting.threads value="8"/>
    </routing>

    <report>
        <no-warnings value="true"/>
        <duration-log.statistics value="true"/>
    </report>

</configuration>
-->

<statistics xmlns:xsi="http://www.w3.org/2001/XMLSchema-instance" xsi:noNamespaceSchemaLocation="http://sumo.dlr.de/xsd/statistic_file.xsd">
    <performance clockBegin="1731443689.50" clockEnd="1731445063.75" clockDuration="1374.26" traciDuration="524.02" realTimeFactor="11.72" vehicleUpdatesPerSecond="58259.48" personUpdatesPerSecond="0.00" begin="25200.00" end="41300.50" duration="16100.50"/>
    <vehicles loaded="49414" inserted="49414" running="0" waiting="0"/>
    <teleports total="1108" jam="542" yield="529" wrongLane="34"/>
    <safety collisions="3" emergencyStops="0" emergencyBraking="771"/>
    <persons loaded="0" running="0" jammed="0"/>
    <personTeleports total="0" abortWait="0" wrongDest="0"/>
    <vehicleTripStatistics count="49414" routeLength="8729.96" speed="11.80" duration="810.13" waitingTime="261.27" timeLoss="361.49" departDelay="110.89" departDelayWaiting="-1.00" totalTravelTime="40031719.00" totalDepartDelay="5479566.50"/>
    <pedestrianStatistics number="0" routeLength="0.00" duration="0.00" timeLoss="0.00"/>
    <rideStatistics number="0"/>
    <transportStatistics number="0"/>
</statistics>
