<?xml version="1.0" encoding="UTF-8"?>

<!-- generated on 2024-11-12 21:34:49 by Eclipse SUMO sumo Version 1.18.0
<configuration xmlns:xsi="http://www.w3.org/2001/XMLSchema-instance" xsi:noNamespaceSchemaLocation="http://sumo.dlr.de/xsd/sumoConfiguration.xsd">

    <input>
        <net-file value="/home/svadlmat/UTC/utc/data/scenarios/lust_25200_32400_planned/config/../../../maps/sumo/lust.net.xml"/>
        <additional-files value="/home/svadlmat/UTC/utc/data/scenarios/lust_25200_32400_planned/config/../../lust_25200_32400_planned/additional/lust_25200_32400_planned.rou.xml,/home/svadlmat/UTC/utc/data/scenarios/lust_25200_32400_planned/config/../../lust_25200_32400_planned/additional/lust_25200_32400_planned_vehicles.add.xml,/home/svadlmat/UTC/utc/data/scenarios/lust_25200_32400_planned/config/../../Lust/additional/tll.static.xml"/>
    </input>

    <output>
        <statistic-output value="stats_routed.xml"/>
    </output>

    <time>
        <begin value="25200"/>
        <end value="32400"/>
        <step-length value="0.5"/>
    </time>

    <routing>
        <device.rerouting.probability value="1"/>
        <device.rerouting.pre-period value="30"/>
        <device.rerouting.threads value="8"/>
    </routing>

    <report>
        <no-warnings value="true"/>
        <duration-log.statistics value="true"/>
    </report>

</configuration>
-->

<statistics xmlns:xsi="http://www.w3.org/2001/XMLSchema-instance" xsi:noNamespaceSchemaLocation="http://sumo.dlr.de/xsd/statistic_file.xsd">
    <performance clockBegin="1731443689.24" clockEnd="1731444839.59" clockDuration="1150.35" traciDuration="90.79" realTimeFactor="6.26" vehicleUpdatesPerSecond="59325.10" personUpdatesPerSecond="0.00" begin="25200.00" end="32400.00" duration="7200.00"/>
    <vehicles loaded="49414" inserted="48240" running="5234" waiting="1170"/>
    <teleports total="361" jam="157" yield="171" wrongLane="31"/>
    <safety collisions="2" emergencyStops="0" emergencyBraking="693"/>
    <persons loaded="0" running="0" jammed="0"/>
    <personTeleports total="0" abortWait="0" wrongDest="0"/>
    <vehicleTripStatistics count="43006" routeLength="8687.19" speed="11.87" duration="689.22" waitingTime="153.85" timeLoss="247.68" departDelay="37.50" departDelayWaiting="-1.00" totalTravelTime="29640537.50" totalDepartDelay="1612658.50"/>
    <pedestrianStatistics number="0" routeLength="0.00" duration="0.00" timeLoss="0.00"/>
    <rideStatistics number="0"/>
    <transportStatistics number="0"/>
</statistics>
