name,loaded,inserted,running,waiting,total,jam,yield lane,wrong lane,collisions,stops,braking,vehicles,routeLength,speed,duration,waiting time,timeLoss,departDelay,total travel time,total depart delay
stats,45181,44524,5155,657,2491,1489,670,323,9,0,356,39369,1829.03,7.41,357.79,133.14,185.22,20.65,14085837.00,812876.54
stats_full,45181,45181,0,0,3585,2202,955,419,9,0,397,45181,1909.07,6.71,632.26,370.82,445.12,84.41,28566352.50,3813772.62
stats_full_routed,45181,45181,0,0,750,355,361,30,4,0,309,45181,1812.64,7.67,326.30,116.55,161.31,36.65,14742773.50,1656010.62
stats_routed,45181,44907,1441,274,564,261,271,28,4,0,301,43466,1794.11,7.76,290.28,84.76,127.48,6.37,12617202.00,276964.83
