<?xml version="1.0" encoding="UTF-8"?>

<!-- generated on 2024-11-12 21:13:35 by Eclipse SUMO sumo Version 1.18.0
<configuration xmlns:xsi="http://www.w3.org/2001/XMLSchema-instance" xsi:noNamespaceSchemaLocation="http://sumo.dlr.de/xsd/sumoConfiguration.xsd">

    <input>
        <net-file value="/home/svadlmat/UTC/utc/data/scenarios/itsc_25200_32400_planned/config/../../../maps/sumo/DCC.net.xml"/>
        <additional-files value="/home/svadlmat/UTC/utc/data/scenarios/itsc_25200_32400_planned/config/../../itsc_25200_32400_planned/additional/itsc_25200_32400_planned.rou.xml,/home/svadlmat/UTC/utc/data/scenarios/itsc_25200_32400_planned/config/../../itsc_25200_32400_planned/additional/itsc_25200_32400_planned_vehicles.add.xml,/home/svadlmat/UTC/utc/data/scenarios/itsc_25200_32400_planned/config/../../Base/DCC_trafficlights.add.xml"/>
    </input>

    <output>
        <statistic-output value="stats_full.xml"/>
    </output>

    <time>
        <begin value="25200"/>
        <step-length value="0.5"/>
    </time>

    <report>
        <no-warnings value="true"/>
        <duration-log.statistics value="true"/>
    </report>

</configuration>
-->

<statistics xmlns:xsi="http://www.w3.org/2001/XMLSchema-instance" xsi:noNamespaceSchemaLocation="http://sumo.dlr.de/xsd/statistic_file.xsd">
    <performance clockBegin="1731442415.26" clockEnd="1731443033.86" clockDuration="618.60" traciDuration="144.20" realTimeFactor="19.78" vehicleUpdatesPerSecond="92358.71" personUpdatesPerSecond="0.00" begin="25200.00" end="37434.50" duration="12234.50"/>
    <vehicles loaded="45181" inserted="45181" running="0" waiting="0"/>
    <teleports total="3585" jam="2202" yield="955" wrongLane="419"/>
    <safety collisions="9" emergencyStops="0" emergencyBraking="397"/>
    <persons loaded="0" running="0" jammed="0"/>
    <personTeleports total="0" abortWait="0" wrongDest="0"/>
    <vehicleTripStatistics count="45181" routeLength="1909.07" speed="6.71" duration="632.26" waitingTime="370.82" timeLoss="445.12" departDelay="84.41" departDelayWaiting="-1.00" totalTravelTime="28566352.50" totalDepartDelay="3813772.62"/>
    <pedestrianStatistics number="0" routeLength="0.00" duration="0.00" timeLoss="0.00"/>
    <rideStatistics number="0"/>
    <transportStatistics number="0"/>
</statistics>
