name,loaded,inserted,running,waiting,total,jam,yield lane,wrong lane,collisions,stops,braking,vehicles,routeLength,speed,duration,waiting time,timeLoss,departDelay,total travel time,total depart delay
stats,6576,6576,645,0,0,0,0,0,0,0,47,5931,6942.06,10.32,670.19,137.56,211.69,0.23,3974913.50,1374.00
stats_full,6576,6576,0,0,0,0,0,0,0,0,53,6576,7077.95,10.33,683.08,140.01,215.05,0.22,4491934.50,1430.50
stats_full_routed,6576,6576,0,0,0,0,0,0,0,0,51,6576,6937.34,10.56,666.27,171.37,240.97,0.10,4381421.00,658.50
stats_routed,6576,6576,601,0,0,0,0,0,0,0,44,5975,6868.62,10.55,661.25,171.13,240.08,0.10,3950943.50,630.00
