name,loaded,inserted,running,waiting,total,jam,yield lane,wrong lane,collisions,stops,braking,vehicles,routeLength,speed,duration,waiting time,timeLoss,departDelay,total travel time,total depart delay
stats,4712,4677,478,35,61,20,37,4,0,0,17,4199,2396.99,7.49,337.27,62.38,111.82,0.94,1416213.50,3970.59
stats_full,4712,4712,0,0,182,72,98,12,0,0,19,4712,2426.65,6.95,480.36,193.51,250.28,12.23,2263475.50,57651.19
stats_full_routed,4712,4712,0,0,0,0,0,0,0,0,15,4712,2198.92,8.23,269.82,38.26,75.91,0.17,1271373.50,796.19
stats_routed,4712,4712,121,0,0,0,0,0,0,0,15,4591,2190.62,8.22,268.90,38.08,75.68,0.17,1234537.00,785.71
