<?xml version="1.0" encoding="UTF-8"?>

<!-- generated on 2024-11-20 10:26:34 by Eclipse SUMO sumo Version 1.18.0
<configuration xmlns:xsi="http://www.w3.org/2001/XMLSchema-instance" xsi:noNamespaceSchemaLocation="http://sumo.dlr.de/xsd/sumoConfiguration.xsd">

    <input>
        <net-file value="/home/svadlmat/UTC/utc/data/scenarios/itsc_25200_32400_red_planned/config/../../../maps/sumo/DCC.net.xml"/>
        <additional-files value="/home/svadlmat/UTC/utc/data/scenarios/itsc_25200_32400_red_planned/config/../../itsc_25200_32400_red_planned/additional/itsc_25200_32400_red_planned.rou.xml,/home/svadlmat/UTC/utc/data/scenarios/itsc_25200_32400_red_planned/config/../../itsc_25200_32400_red_planned/additional/itsc_25200_32400_red_planned_vehicles.add.xml,/home/svadlmat/UTC/utc/data/scenarios/itsc_25200_32400_red_planned/config/../../Base/DCC_trafficlights.add.xml"/>
    </input>

    <output>
        <statistic-output value="stats.xml"/>
    </output>

    <time>
        <begin value="25200"/>
        <end value="32400"/>
        <step-length value="0.5"/>
    </time>

    <report>
        <no-warnings value="true"/>
        <duration-log.statistics value="true"/>
    </report>

</configuration>
-->

<statistics xmlns:xsi="http://www.w3.org/2001/XMLSchema-instance" xsi:noNamespaceSchemaLocation="http://sumo.dlr.de/xsd/statistic_file.xsd">
    <performance clockBegin="1732094794.21" clockEnd="1732094832.84" clockDuration="38.63" traciDuration="19.23" realTimeFactor="186.37" vehicleUpdatesPerSecond="89370.90" personUpdatesPerSecond="0.00" begin="25200.00" end="32400.00" duration="7200.00"/>
    <vehicles loaded="4712" inserted="4677" running="478" waiting="35"/>
    <teleports total="61" jam="20" yield="37" wrongLane="4"/>
    <safety collisions="0" emergencyStops="0" emergencyBraking="17"/>
    <persons loaded="0" running="0" jammed="0"/>
    <personTeleports total="0" abortWait="0" wrongDest="0"/>
    <vehicleTripStatistics count="4199" routeLength="2396.99" speed="7.49" duration="337.27" waitingTime="62.38" timeLoss="111.82" departDelay="0.94" departDelayWaiting="-1.00" totalTravelTime="1416213.50" totalDepartDelay="3970.59"/>
    <pedestrianStatistics number="0" routeLength="0.00" duration="0.00" timeLoss="0.00"/>
    <rideStatistics number="0"/>
    <transportStatistics number="0"/>
</statistics>
