name,loaded,inserted,running,waiting,total,jam,yield lane,wrong lane,collisions,stops,braking,vehicles,routeLength,speed,duration,waiting time,timeLoss,departDelay,total travel time,total depart delay
stats,7590,7588,755,0,0,0,0,0,0,0,115,6833,8549.16,11.45,757.72,121.45,206.32,0.06,5177490.50,380.50
stats_full,7590,7590,0,0,0,0,0,0,0,0,126,7590,8617.02,11.46,763.83,122.21,206.84,0.05,5797460.00,402.00
stats_full_routed,7590,7590,0,0,18,2,8,8,0,0,106,7590,8114.05,10.90,776.91,182.36,265.89,0.02,5896765.50,173.00
stats_routed,7590,7588,764,0,1,0,1,0,0,0,102,6824,8071.54,11.01,761.42,173.58,255.33,0.02,5195968.00,152.50
