name,loaded,inserted,running,waiting,total,jam,yield lane,wrong lane,collisions,stops,braking,vehicles,routeLength,speed,duration,waiting time,timeLoss,departDelay,total travel time,total depart delay
stats,9227,9223,1084,2,18,9,8,0,1,0,60,8139,7864.44,10.46,779.54,164.62,253.00,0.04,6344685.00,348.50
stats_full,9227,9227,0,0,22,11,10,0,1,0,62,9227,7948.23,10.29,821.83,191.94,288.80,0.44,7583012.00,4030.00
stats_full_routed,9227,9227,0,0,2,0,0,0,2,0,87,9227,7595.12,10.27,763.16,187.03,273.45,0.03,7041711.00,306.00
stats_routed,9227,9225,936,0,0,0,0,0,0,0,79,8289,7550.75,10.31,759.41,187.52,273.80,0.04,6294751.50,335.50
