<?xml version="1.0" encoding="UTF-8"?>

<!-- generated on 2024-10-24 10:32:05 by Eclipse SUMO sumo Version 1.18.0
<configuration xmlns:xsi="http://www.w3.org/2001/XMLSchema-instance" xsi:noNamespaceSchemaLocation="http://sumo.dlr.de/xsd/sumoConfiguration.xsd">

    <input>
        <net-file value="/home/svadlmat/UTC/utc/data/scenarios/lust_25200_32400_lime_planned/config/../../../maps/sumo/lust.net.xml"/>
        <additional-files value="/home/svadlmat/UTC/utc/data/scenarios/lust_25200_32400_lime_planned/config/../../lust_25200_32400_lime_planned/additional/lust_25200_32400_lime_planned.rou.xml,/home/svadlmat/UTC/utc/data/scenarios/lust_25200_32400_lime_planned/config/../../lust_25200_32400_lime_planned/additional/lust_25200_32400_lime_planned_vehicles.add.xml,/home/svadlmat/UTC/utc/data/scenarios/lust_25200_32400_lime_planned/config/../../Lust/additional/tll.static.xml"/>
    </input>

    <output>
        <statistic-output value="stats_full_routed.xml"/>
    </output>

    <time>
        <begin value="25200"/>
        <step-length value="0.5"/>
    </time>

    <routing>
        <device.rerouting.probability value="1"/>
        <device.rerouting.pre-period value="30"/>
        <device.rerouting.threads value="8"/>
    </routing>

    <report>
        <no-warnings value="true"/>
        <duration-log.statistics value="true"/>
    </report>

</configuration>
-->

<statistics xmlns:xsi="http://www.w3.org/2001/XMLSchema-instance" xsi:noNamespaceSchemaLocation="http://sumo.dlr.de/xsd/statistic_file.xsd">
    <performance clockBegin="1729758726.18" clockEnd="1729758951.44" clockDuration="225.25" traciDuration="66.92" realTimeFactor="39.36" vehicleUpdatesPerSecond="62522.41" personUpdatesPerSecond="0.00" begin="25200.00" end="34066.50" duration="8866.50"/>
    <vehicles loaded="9227" inserted="9227" running="0" waiting="0"/>
    <teleports total="2" jam="0" yield="0" wrongLane="0"/>
    <safety collisions="2" emergencyStops="0" emergencyBraking="87"/>
    <persons loaded="0" running="0" jammed="0"/>
    <personTeleports total="0" abortWait="0" wrongDest="0"/>
    <vehicleTripStatistics count="9227" routeLength="7595.12" speed="10.27" duration="763.16" waitingTime="187.03" timeLoss="273.45" departDelay="0.03" departDelayWaiting="-1.00" totalTravelTime="7041711.00" totalDepartDelay="306.00"/>
    <pedestrianStatistics number="0" routeLength="0.00" duration="0.00" timeLoss="0.00"/>
    <rideStatistics number="0"/>
    <transportStatistics number="0"/>
</statistics>
