name,loaded,inserted,running,waiting,total,jam,yield lane,wrong lane,collisions,stops,braking,vehicles,routeLength,speed,duration,waiting time,timeLoss,departDelay,total travel time,total depart delay
stats,6576,6576,649,0,0,0,0,0,0,0,51,5927,6943.61,10.40,670.79,138.04,212.31,0.37,3975789.00,2212.00
stats_full,6576,6576,0,0,0,0,0,0,0,0,55,6576,7078.36,10.40,683.99,140.61,215.97,0.34,4497887.50,2259.00
stats_full_routed,6576,6576,0,0,0,0,0,0,0,0,46,6576,6945.43,10.54,667.72,173.19,242.49,0.10,4390924.00,687.50
stats_routed,6576,6576,595,0,0,0,0,0,0,0,44,5981,6866.88,10.51,661.43,170.77,240.40,0.16,3955999.50,968.50
