{
  "total": {
    "problems": {
      "total": 240,
      "time": 1.6239999999999963,
      "routes": 39840,
      "junctions": 18973
    },
    "results": {
      "unique": 240,
      "cost": 0,
      "plans": 240,
      "timeout": 14400.0
    },
    "vehicles": {
      "total": 6576,
      "scheduled": 5047,
      "routed": 5047,
      "short_route": 148,
      "invalid_route": 282
    }
  },
  "average": {
    "problems": {
      "total": 1.0,
      "time": 0.01,
      "routes": 166.0,
      "junctions": 79.05
    },
    "results": {
      "unique": 1.0,
      "cost": 0.0,
      "plans": 1.0,
      "timeout": 60.0
    },
    "vehicles": {
      "total": 27.4,
      "scheduled": 21.03,
      "routed": 21.03,
      "short_route": 0.62,
      "invalid_route": 1.18
    }
  },
  "e0": {
    "problem": {
      "name": "problem_25202_25232",
      "time": 0.005,
      "routes": 137,
      "junctions": 76
    },
    "vehicle": {
      "total": 13,
      "scheduled": 8,
      "routed": 8,
      "short_route": 2,
      "invalid_route": 3
    },
    "result": {
      "name": "result_25202_25232",
      "cost": 0,
      "plans": 1,
      "timeout": 60
    }
  },
  "e1": {
    "problem": {
      "name": "problem_25232_25262",
      "time": 0.007,
      "routes": 173,
      "junctions": 80
    },
    "vehicle": {
      "total": 22,
      "scheduled": 16,
      "routed": 16,
      "short_route": 1,
      "invalid_route": 3
    },
    "result": {
      "name": "result_25232_25262",
      "cost": 0,
      "plans": 1,
      "timeout": 60
    }
  },
  "e2": {
    "problem": {
      "name": "problem_25262_25292",
      "time": 0.006,
      "routes": 141,
      "junctions": 75
    },
    "vehicle": {
      "total": 17,
      "scheduled": 11,
      "routed": 11,
      "short_route": 2,
      "invalid_route": 2
    },
    "result": {
      "name": "result_25262_25292",
      "cost": 0,
      "plans": 1,
      "timeout": 60
    }
  },
  "e3": {
    "problem": {
      "name": "problem_25292_25322",
      "time": 0.007,
      "routes": 176,
      "junctions": 81
    },
    "vehicle": {
      "total": 22,
      "scheduled": 19,
      "routed": 19,
      "short_route": 0,
      "invalid_route": 3
    },
    "result": {
      "name": "result_25292_25322",
      "cost": 0,
      "plans": 1,
      "timeout": 60
    }
  },
  "e4": {
    "problem": {
      "name": "problem_25322_25352",
      "time": 0.006,
      "routes": 151,
      "junctions": 75
    },
    "vehicle": {
      "total": 23,
      "scheduled": 15,
      "routed": 15,
      "short_route": 0,
      "invalid_route": 2
    },
    "result": {
      "name": "result_25322_25352",
      "cost": 0,
      "plans": 1,
      "timeout": 60
    }
  },
  "e5": {
    "problem": {
      "name": "problem_25352_25382",
      "time": 0.006,
      "routes": 149,
      "junctions": 80
    },
    "vehicle": {
      "total": 21,
      "scheduled": 17,
      "routed": 17,
      "short_route": 0,
      "invalid_route": 1
    },
    "result": {
      "name": "result_25352_25382",
      "cost": 0,
      "plans": 1,
      "timeout": 60
    }
  },
  "e6": {
    "problem": {
      "name": "problem_25382_25412",
      "time": 0.006,
      "routes": 155,
      "junctions": 77
    },
    "vehicle": {
      "total": 24,
      "scheduled": 18,
      "routed": 18,
      "short_route": 0,
      "invalid_route": 2
    },
    "result": {
      "name": "result_25382_25412",
      "cost": 0,
      "plans": 1,
      "timeout": 60
    }
  },
  "e7": {
    "problem": {
      "name": "problem_25412_25442",
      "time": 0.005,
      "routes": 111,
      "junctions": 71
    },
    "vehicle": {
      "total": 20,
      "scheduled": 14,
      "routed": 14,
      "short_route": 0,
      "invalid_route": 0
    },
    "result": {
      "name": "result_25412_25442",
      "cost": 0,
      "plans": 1,
      "timeout": 60
    }
  },
  "e8": {
    "problem": {
      "name": "problem_25442_25472",
      "time": 0.006,
      "routes": 152,
      "junctions": 75
    },
    "vehicle": {
      "total": 20,
      "scheduled": 16,
      "routed": 16,
      "short_route": 0,
      "invalid_route": 2
    },
    "result": {
      "name": "result_25442_25472",
      "cost": 0,
      "plans": 1,
      "timeout": 60
    }
  },
  "e9": {
    "problem": {
      "name": "problem_25472_25502",
      "time": 0.007,
      "routes": 171,
      "junctions": 80
    },
    "vehicle": {
      "total": 25,
      "scheduled": 21,
      "routed": 21,
      "short_route": 0,
      "invalid_route": 0
    },
    "result": {
      "name": "result_25472_25502",
      "cost": 0,
      "plans": 1,
      "timeout": 60
    }
  },
  "e10": {
    "problem": {
      "name": "problem_25502_25532",
      "time": 0.004,
      "routes": 113,
      "junctions": 64
    },
    "vehicle": {
      "total": 15,
      "scheduled": 11,
      "routed": 11,
      "short_route": 0,
      "invalid_route": 2
    },
    "result": {
      "name": "result_25502_25532",
      "cost": 0,
      "plans": 1,
      "timeout": 60
    }
  },
  "e11": {
    "problem": {
      "name": "problem_25532_25562",
      "time": 0.006,
      "routes": 149,
      "junctions": 78
    },
    "vehicle": {
      "total": 22,
      "scheduled": 18,
      "routed": 18,
      "short_route": 0,
      "invalid_route": 1
    },
    "result": {
      "name": "result_25532_25562",
      "cost": 0,
      "plans": 1,
      "timeout": 60
    }
  },
  "e12": {
    "problem": {
      "name": "problem_25562_25592",
      "time": 0.008,
      "routes": 184,
      "junctions": 78
    },
    "vehicle": {
      "total": 20,
      "scheduled": 18,
      "routed": 18,
      "short_route": 0,
      "invalid_route": 1
    },
    "result": {
      "name": "result_25562_25592",
      "cost": 0,
      "plans": 1,
      "timeout": 60
    }
  },
  "e13": {
    "problem": {
      "name": "problem_25592_25622",
      "time": 0.008,
      "routes": 189,
      "junctions": 82
    },
    "vehicle": {
      "total": 30,
      "scheduled": 25,
      "routed": 25,
      "short_route": 1,
      "invalid_route": 1
    },
    "result": {
      "name": "result_25592_25622",
      "cost": 0,
      "plans": 1,
      "timeout": 60
    }
  },
  "e14": {
    "problem": {
      "name": "problem_25622_25652",
      "time": 0.006,
      "routes": 143,
      "junctions": 75
    },
    "vehicle": {
      "total": 18,
      "scheduled": 13,
      "routed": 13,
      "short_route": 1,
      "invalid_route": 1
    },
    "result": {
      "name": "result_25622_25652",
      "cost": 0,
      "plans": 1,
      "timeout": 60
    }
  },
  "e15": {
    "problem": {
      "name": "problem_25652_25682",
      "time": 0.006,
      "routes": 164,
      "junctions": 82
    },
    "vehicle": {
      "total": 20,
      "scheduled": 20,
      "routed": 20,
      "short_route": 0,
      "invalid_route": 0
    },
    "result": {
      "name": "result_25652_25682",
      "cost": 0,
      "plans": 1,
      "timeout": 60
    }
  },
  "e16": {
    "problem": {
      "name": "problem_25682_25712",
      "time": 0.005,
      "routes": 136,
      "junctions": 73
    },
    "vehicle": {
      "total": 19,
      "scheduled": 16,
      "routed": 16,
      "short_route": 0,
      "invalid_route": 1
    },
    "result": {
      "name": "result_25682_25712",
      "cost": 0,
      "plans": 1,
      "timeout": 60
    }
  },
  "e17": {
    "problem": {
      "name": "problem_25712_25742",
      "time": 0.005,
      "routes": 130,
      "junctions": 76
    },
    "vehicle": {
      "total": 19,
      "scheduled": 17,
      "routed": 17,
      "short_route": 0,
      "invalid_route": 1
    },
    "result": {
      "name": "result_25712_25742",
      "cost": 0,
      "plans": 1,
      "timeout": 60
    }
  },
  "e18": {
    "problem": {
      "name": "problem_25742_25772",
      "time": 0.004,
      "routes": 101,
      "junctions": 63
    },
    "vehicle": {
      "total": 13,
      "scheduled": 11,
      "routed": 11,
      "short_route": 1,
      "invalid_route": 1
    },
    "result": {
      "name": "result_25742_25772",
      "cost": 0,
      "plans": 1,
      "timeout": 60
    }
  },
  "e19": {
    "problem": {
      "name": "problem_25772_25802",
      "time": 0.006,
      "routes": 152,
      "junctions": 77
    },
    "vehicle": {
      "total": 21,
      "scheduled": 17,
      "routed": 17,
      "short_route": 0,
      "invalid_route": 0
    },
    "result": {
      "name": "result_25772_25802",
      "cost": 0,
      "plans": 1,
      "timeout": 60
    }
  },
  "e20": {
    "problem": {
      "name": "problem_25802_25832",
      "time": 0.007,
      "routes": 181,
      "junctions": 80
    },
    "vehicle": {
      "total": 22,
      "scheduled": 16,
      "routed": 16,
      "short_route": 0,
      "invalid_route": 2
    },
    "result": {
      "name": "result_25802_25832",
      "cost": 0,
      "plans": 1,
      "timeout": 60
    }
  },
  "e21": {
    "problem": {
      "name": "problem_25832_25862",
      "time": 0.006,
      "routes": 138,
      "junctions": 68
    },
    "vehicle": {
      "total": 26,
      "scheduled": 18,
      "routed": 18,
      "short_route": 0,
      "invalid_route": 3
    },
    "result": {
      "name": "result_25832_25862",
      "cost": 0,
      "plans": 1,
      "timeout": 60
    }
  },
  "e22": {
    "problem": {
      "name": "problem_25862_25892",
      "time": 0.007,
      "routes": 176,
      "junctions": 79
    },
    "vehicle": {
      "total": 22,
      "scheduled": 17,
      "routed": 17,
      "short_route": 0,
      "invalid_route": 0
    },
    "result": {
      "name": "result_25862_25892",
      "cost": 0,
      "plans": 1,
      "timeout": 60
    }
  },
  "e23": {
    "problem": {
      "name": "problem_25892_25922",
      "time": 0.007,
      "routes": 171,
      "junctions": 78
    },
    "vehicle": {
      "total": 25,
      "scheduled": 19,
      "routed": 19,
      "short_route": 2,
      "invalid_route": 2
    },
    "result": {
      "name": "result_25892_25922",
      "cost": 0,
      "plans": 1,
      "timeout": 60
    }
  },
  "e24": {
    "problem": {
      "name": "problem_25922_25952",
      "time": 0.007,
      "routes": 168,
      "junctions": 82
    },
    "vehicle": {
      "total": 21,
      "scheduled": 16,
      "routed": 16,
      "short_route": 0,
      "invalid_route": 1
    },
    "result": {
      "name": "result_25922_25952",
      "cost": 0,
      "plans": 1,
      "timeout": 60
    }
  },
  "e25": {
    "problem": {
      "name": "problem_25952_25982",
      "time": 0.006,
      "routes": 147,
      "junctions": 81
    },
    "vehicle": {
      "total": 15,
      "scheduled": 14,
      "routed": 14,
      "short_route": 0,
      "invalid_route": 1
    },
    "result": {
      "name": "result_25952_25982",
      "cost": 0,
      "plans": 1,
      "timeout": 60
    }
  },
  "e26": {
    "problem": {
      "name": "problem_25982_26012",
      "time": 0.005,
      "routes": 132,
      "junctions": 70
    },
    "vehicle": {
      "total": 20,
      "scheduled": 15,
      "routed": 15,
      "short_route": 1,
      "invalid_route": 1
    },
    "result": {
      "name": "result_25982_26012",
      "cost": 0,
      "plans": 1,
      "timeout": 60
    }
  },
  "e27": {
    "problem": {
      "name": "problem_26012_26042",
      "time": 0.007,
      "routes": 179,
      "junctions": 81
    },
    "vehicle": {
      "total": 20,
      "scheduled": 16,
      "routed": 16,
      "short_route": 1,
      "invalid_route": 0
    },
    "result": {
      "name": "result_26012_26042",
      "cost": 0,
      "plans": 1,
      "timeout": 60
    }
  },
  "e28": {
    "problem": {
      "name": "problem_26042_26072",
      "time": 0.007,
      "routes": 167,
      "junctions": 80
    },
    "vehicle": {
      "total": 21,
      "scheduled": 17,
      "routed": 17,
      "short_route": 0,
      "invalid_route": 1
    },
    "result": {
      "name": "result_26042_26072",
      "cost": 0,
      "plans": 1,
      "timeout": 60
    }
  },
  "e29": {
    "problem": {
      "name": "problem_26072_26102",
      "time": 0.007,
      "routes": 164,
      "junctions": 78
    },
    "vehicle": {
      "total": 27,
      "scheduled": 19,
      "routed": 19,
      "short_route": 2,
      "invalid_route": 1
    },
    "result": {
      "name": "result_26072_26102",
      "cost": 0,
      "plans": 1,
      "timeout": 60
    }
  },
  "e30": {
    "problem": {
      "name": "problem_26102_26132",
      "time": 0.007,
      "routes": 181,
      "junctions": 81
    },
    "vehicle": {
      "total": 26,
      "scheduled": 21,
      "routed": 21,
      "short_route": 1,
      "invalid_route": 2
    },
    "result": {
      "name": "result_26102_26132",
      "cost": 0,
      "plans": 1,
      "timeout": 60
    }
  },
  "e31": {
    "problem": {
      "name": "problem_26132_26162",
      "time": 0.006,
      "routes": 159,
      "junctions": 79
    },
    "vehicle": {
      "total": 20,
      "scheduled": 15,
      "routed": 15,
      "short_route": 1,
      "invalid_route": 1
    },
    "result": {
      "name": "result_26132_26162",
      "cost": 0,
      "plans": 1,
      "timeout": 60
    }
  },
  "e32": {
    "problem": {
      "name": "problem_26162_26192",
      "time": 0.006,
      "routes": 160,
      "junctions": 79
    },
    "vehicle": {
      "total": 18,
      "scheduled": 16,
      "routed": 16,
      "short_route": 0,
      "invalid_route": 1
    },
    "result": {
      "name": "result_26162_26192",
      "cost": 0,
      "plans": 1,
      "timeout": 60
    }
  },
  "e33": {
    "problem": {
      "name": "problem_26192_26222",
      "time": 0.007,
      "routes": 178,
      "junctions": 84
    },
    "vehicle": {
      "total": 23,
      "scheduled": 19,
      "routed": 19,
      "short_route": 0,
      "invalid_route": 1
    },
    "result": {
      "name": "result_26192_26222",
      "cost": 0,
      "plans": 1,
      "timeout": 60
    }
  },
  "e34": {
    "problem": {
      "name": "problem_26222_26252",
      "time": 0.005,
      "routes": 131,
      "junctions": 74
    },
    "vehicle": {
      "total": 25,
      "scheduled": 18,
      "routed": 18,
      "short_route": 0,
      "invalid_route": 2
    },
    "result": {
      "name": "result_26222_26252",
      "cost": 0,
      "plans": 1,
      "timeout": 60
    }
  },
  "e35": {
    "problem": {
      "name": "problem_26252_26282",
      "time": 0.006,
      "routes": 162,
      "junctions": 79
    },
    "vehicle": {
      "total": 21,
      "scheduled": 18,
      "routed": 18,
      "short_route": 1,
      "invalid_route": 0
    },
    "result": {
      "name": "result_26252_26282",
      "cost": 0,
      "plans": 1,
      "timeout": 60
    }
  },
  "e36": {
    "problem": {
      "name": "problem_26282_26312",
      "time": 0.007,
      "routes": 172,
      "junctions": 80
    },
    "vehicle": {
      "total": 21,
      "scheduled": 17,
      "routed": 17,
      "short_route": 0,
      "invalid_route": 0
    },
    "result": {
      "name": "result_26282_26312",
      "cost": 0,
      "plans": 1,
      "timeout": 60
    }
  },
  "e37": {
    "problem": {
      "name": "problem_26312_26342",
      "time": 0.006,
      "routes": 163,
      "junctions": 82
    },
    "vehicle": {
      "total": 22,
      "scheduled": 16,
      "routed": 16,
      "short_route": 1,
      "invalid_route": 1
    },
    "result": {
      "name": "result_26312_26342",
      "cost": 0,
      "plans": 1,
      "timeout": 60
    }
  },
  "e38": {
    "problem": {
      "name": "problem_26342_26372",
      "time": 0.008,
      "routes": 194,
      "junctions": 82
    },
    "vehicle": {
      "total": 23,
      "scheduled": 18,
      "routed": 18,
      "short_route": 0,
      "invalid_route": 1
    },
    "result": {
      "name": "result_26342_26372",
      "cost": 0,
      "plans": 1,
      "timeout": 60
    }
  },
  "e39": {
    "problem": {
      "name": "problem_26372_26402",
      "time": 0.007,
      "routes": 186,
      "junctions": 82
    },
    "vehicle": {
      "total": 25,
      "scheduled": 20,
      "routed": 20,
      "short_route": 2,
      "invalid_route": 1
    },
    "result": {
      "name": "result_26372_26402",
      "cost": 0,
      "plans": 1,
      "timeout": 60
    }
  },
  "e40": {
    "problem": {
      "name": "problem_26402_26432",
      "time": 0.006,
      "routes": 147,
      "junctions": 76
    },
    "vehicle": {
      "total": 22,
      "scheduled": 15,
      "routed": 15,
      "short_route": 0,
      "invalid_route": 2
    },
    "result": {
      "name": "result_26402_26432",
      "cost": 0,
      "plans": 1,
      "timeout": 60
    }
  },
  "e41": {
    "problem": {
      "name": "problem_26432_26462",
      "time": 0.007,
      "routes": 185,
      "junctions": 80
    },
    "vehicle": {
      "total": 28,
      "scheduled": 20,
      "routed": 20,
      "short_route": 1,
      "invalid_route": 2
    },
    "result": {
      "name": "result_26432_26462",
      "cost": 0,
      "plans": 1,
      "timeout": 60
    }
  },
  "e42": {
    "problem": {
      "name": "problem_26462_26492",
      "time": 0.006,
      "routes": 138,
      "junctions": 78
    },
    "vehicle": {
      "total": 28,
      "scheduled": 21,
      "routed": 21,
      "short_route": 0,
      "invalid_route": 4
    },
    "result": {
      "name": "result_26462_26492",
      "cost": 0,
      "plans": 1,
      "timeout": 60
    }
  },
  "e43": {
    "problem": {
      "name": "problem_26492_26522",
      "time": 0.007,
      "routes": 160,
      "junctions": 80
    },
    "vehicle": {
      "total": 25,
      "scheduled": 21,
      "routed": 21,
      "short_route": 0,
      "invalid_route": 1
    },
    "result": {
      "name": "result_26492_26522",
      "cost": 0,
      "plans": 1,
      "timeout": 60
    }
  },
  "e44": {
    "problem": {
      "name": "problem_26522_26552",
      "time": 0.004,
      "routes": 114,
      "junctions": 68
    },
    "vehicle": {
      "total": 19,
      "scheduled": 8,
      "routed": 8,
      "short_route": 2,
      "invalid_route": 5
    },
    "result": {
      "name": "result_26522_26552",
      "cost": 0,
      "plans": 1,
      "timeout": 60
    }
  },
  "e45": {
    "problem": {
      "name": "problem_26552_26582",
      "time": 0.006,
      "routes": 159,
      "junctions": 76
    },
    "vehicle": {
      "total": 24,
      "scheduled": 19,
      "routed": 19,
      "short_route": 1,
      "invalid_route": 3
    },
    "result": {
      "name": "result_26552_26582",
      "cost": 0,
      "plans": 1,
      "timeout": 60
    }
  },
  "e46": {
    "problem": {
      "name": "problem_26582_26612",
      "time": 0.006,
      "routes": 139,
      "junctions": 74
    },
    "vehicle": {
      "total": 18,
      "scheduled": 15,
      "routed": 15,
      "short_route": 0,
      "invalid_route": 2
    },
    "result": {
      "name": "result_26582_26612",
      "cost": 0,
      "plans": 1,
      "timeout": 60
    }
  },
  "e47": {
    "problem": {
      "name": "problem_26612_26642",
      "time": 0.007,
      "routes": 186,
      "junctions": 82
    },
    "vehicle": {
      "total": 23,
      "scheduled": 18,
      "routed": 18,
      "short_route": 0,
      "invalid_route": 2
    },
    "result": {
      "name": "result_26612_26642",
      "cost": 0,
      "plans": 1,
      "timeout": 60
    }
  },
  "e48": {
    "problem": {
      "name": "problem_26642_26672",
      "time": 0.005,
      "routes": 133,
      "junctions": 80
    },
    "vehicle": {
      "total": 22,
      "scheduled": 16,
      "routed": 16,
      "short_route": 2,
      "invalid_route": 3
    },
    "result": {
      "name": "result_26642_26672",
      "cost": 0,
      "plans": 1,
      "timeout": 60
    }
  },
  "e49": {
    "problem": {
      "name": "problem_26672_26702",
      "time": 0.007,
      "routes": 168,
      "junctions": 79
    },
    "vehicle": {
      "total": 25,
      "scheduled": 20,
      "routed": 20,
      "short_route": 0,
      "invalid_route": 2
    },
    "result": {
      "name": "result_26672_26702",
      "cost": 0,
      "plans": 1,
      "timeout": 60
    }
  },
  "e50": {
    "problem": {
      "name": "problem_26702_26732",
      "time": 0.007,
      "routes": 172,
      "junctions": 78
    },
    "vehicle": {
      "total": 26,
      "scheduled": 23,
      "routed": 23,
      "short_route": 1,
      "invalid_route": 0
    },
    "result": {
      "name": "result_26702_26732",
      "cost": 0,
      "plans": 1,
      "timeout": 60
    }
  },
  "e51": {
    "problem": {
      "name": "problem_26732_26762",
      "time": 0.007,
      "routes": 164,
      "junctions": 80
    },
    "vehicle": {
      "total": 29,
      "scheduled": 19,
      "routed": 19,
      "short_route": 1,
      "invalid_route": 2
    },
    "result": {
      "name": "result_26732_26762",
      "cost": 0,
      "plans": 1,
      "timeout": 60
    }
  },
  "e52": {
    "problem": {
      "name": "problem_26762_26792",
      "time": 0.006,
      "routes": 150,
      "junctions": 80
    },
    "vehicle": {
      "total": 25,
      "scheduled": 16,
      "routed": 16,
      "short_route": 2,
      "invalid_route": 2
    },
    "result": {
      "name": "result_26762_26792",
      "cost": 0,
      "plans": 1,
      "timeout": 60
    }
  },
  "e53": {
    "problem": {
      "name": "problem_26792_26822",
      "time": 0.007,
      "routes": 166,
      "junctions": 77
    },
    "vehicle": {
      "total": 24,
      "scheduled": 20,
      "routed": 20,
      "short_route": 0,
      "invalid_route": 2
    },
    "result": {
      "name": "result_26792_26822",
      "cost": 0,
      "plans": 1,
      "timeout": 60
    }
  },
  "e54": {
    "problem": {
      "name": "problem_26822_26852",
      "time": 0.007,
      "routes": 172,
      "junctions": 80
    },
    "vehicle": {
      "total": 15,
      "scheduled": 13,
      "routed": 13,
      "short_route": 0,
      "invalid_route": 1
    },
    "result": {
      "name": "result_26822_26852",
      "cost": 0,
      "plans": 1,
      "timeout": 60
    }
  },
  "e55": {
    "problem": {
      "name": "problem_26852_26882",
      "time": 0.007,
      "routes": 178,
      "junctions": 81
    },
    "vehicle": {
      "total": 25,
      "scheduled": 21,
      "routed": 21,
      "short_route": 0,
      "invalid_route": 1
    },
    "result": {
      "name": "result_26852_26882",
      "cost": 0,
      "plans": 1,
      "timeout": 60
    }
  },
  "e56": {
    "problem": {
      "name": "problem_26882_26912",
      "time": 0.005,
      "routes": 129,
      "junctions": 69
    },
    "vehicle": {
      "total": 17,
      "scheduled": 13,
      "routed": 13,
      "short_route": 0,
      "invalid_route": 1
    },
    "result": {
      "name": "result_26882_26912",
      "cost": 0,
      "plans": 1,
      "timeout": 60
    }
  },
  "e57": {
    "problem": {
      "name": "problem_26912_26942",
      "time": 0.007,
      "routes": 178,
      "junctions": 80
    },
    "vehicle": {
      "total": 21,
      "scheduled": 18,
      "routed": 18,
      "short_route": 1,
      "invalid_route": 0
    },
    "result": {
      "name": "result_26912_26942",
      "cost": 0,
      "plans": 1,
      "timeout": 60
    }
  },
  "e58": {
    "problem": {
      "name": "problem_26942_26972",
      "time": 0.007,
      "routes": 166,
      "junctions": 79
    },
    "vehicle": {
      "total": 25,
      "scheduled": 21,
      "routed": 21,
      "short_route": 0,
      "invalid_route": 1
    },
    "result": {
      "name": "result_26942_26972",
      "cost": 0,
      "plans": 1,
      "timeout": 60
    }
  },
  "e59": {
    "problem": {
      "name": "problem_26972_27002",
      "time": 0.007,
      "routes": 175,
      "junctions": 80
    },
    "vehicle": {
      "total": 28,
      "scheduled": 17,
      "routed": 17,
      "short_route": 1,
      "invalid_route": 5
    },
    "result": {
      "name": "result_26972_27002",
      "cost": 0,
      "plans": 1,
      "timeout": 60
    }
  },
  "e60": {
    "problem": {
      "name": "problem_27002_27032",
      "time": 0.006,
      "routes": 153,
      "junctions": 79
    },
    "vehicle": {
      "total": 29,
      "scheduled": 21,
      "routed": 21,
      "short_route": 0,
      "invalid_route": 2
    },
    "result": {
      "name": "result_27002_27032",
      "cost": 0,
      "plans": 1,
      "timeout": 60
    }
  },
  "e61": {
    "problem": {
      "name": "problem_27032_27062",
      "time": 0.006,
      "routes": 154,
      "junctions": 79
    },
    "vehicle": {
      "total": 18,
      "scheduled": 15,
      "routed": 15,
      "short_route": 0,
      "invalid_route": 1
    },
    "result": {
      "name": "result_27032_27062",
      "cost": 0,
      "plans": 1,
      "timeout": 60
    }
  },
  "e62": {
    "problem": {
      "name": "problem_27062_27092",
      "time": 0.008,
      "routes": 180,
      "junctions": 79
    },
    "vehicle": {
      "total": 29,
      "scheduled": 24,
      "routed": 24,
      "short_route": 0,
      "invalid_route": 2
    },
    "result": {
      "name": "result_27062_27092",
      "cost": 0,
      "plans": 1,
      "timeout": 60
    }
  },
  "e63": {
    "problem": {
      "name": "problem_27092_27122",
      "time": 0.007,
      "routes": 166,
      "junctions": 79
    },
    "vehicle": {
      "total": 21,
      "scheduled": 15,
      "routed": 15,
      "short_route": 1,
      "invalid_route": 3
    },
    "result": {
      "name": "result_27092_27122",
      "cost": 0,
      "plans": 1,
      "timeout": 60
    }
  },
  "e64": {
    "problem": {
      "name": "problem_27122_27152",
      "time": 0.006,
      "routes": 160,
      "junctions": 79
    },
    "vehicle": {
      "total": 19,
      "scheduled": 17,
      "routed": 17,
      "short_route": 0,
      "invalid_route": 1
    },
    "result": {
      "name": "result_27122_27152",
      "cost": 0,
      "plans": 1,
      "timeout": 60
    }
  },
  "e65": {
    "problem": {
      "name": "problem_27152_27182",
      "time": 0.005,
      "routes": 121,
      "junctions": 73
    },
    "vehicle": {
      "total": 23,
      "scheduled": 17,
      "routed": 17,
      "short_route": 0,
      "invalid_route": 1
    },
    "result": {
      "name": "result_27152_27182",
      "cost": 0,
      "plans": 1,
      "timeout": 60
    }
  },
  "e66": {
    "problem": {
      "name": "problem_27182_27212",
      "time": 0.008,
      "routes": 186,
      "junctions": 80
    },
    "vehicle": {
      "total": 28,
      "scheduled": 21,
      "routed": 21,
      "short_route": 1,
      "invalid_route": 3
    },
    "result": {
      "name": "result_27182_27212",
      "cost": 0,
      "plans": 1,
      "timeout": 60
    }
  },
  "e67": {
    "problem": {
      "name": "problem_27212_27242",
      "time": 0.007,
      "routes": 181,
      "junctions": 81
    },
    "vehicle": {
      "total": 26,
      "scheduled": 20,
      "routed": 20,
      "short_route": 0,
      "invalid_route": 1
    },
    "result": {
      "name": "result_27212_27242",
      "cost": 0,
      "plans": 1,
      "timeout": 60
    }
  },
  "e68": {
    "problem": {
      "name": "problem_27242_27272",
      "time": 0.007,
      "routes": 176,
      "junctions": 79
    },
    "vehicle": {
      "total": 21,
      "scheduled": 11,
      "routed": 11,
      "short_route": 1,
      "invalid_route": 2
    },
    "result": {
      "name": "result_27242_27272",
      "cost": 0,
      "plans": 1,
      "timeout": 60
    }
  },
  "e69": {
    "problem": {
      "name": "problem_27272_27302",
      "time": 0.007,
      "routes": 161,
      "junctions": 81
    },
    "vehicle": {
      "total": 27,
      "scheduled": 23,
      "routed": 23,
      "short_route": 1,
      "invalid_route": 1
    },
    "result": {
      "name": "result_27272_27302",
      "cost": 0,
      "plans": 1,
      "timeout": 60
    }
  },
  "e70": {
    "problem": {
      "name": "problem_27302_27332",
      "time": 0.008,
      "routes": 197,
      "junctions": 80
    },
    "vehicle": {
      "total": 28,
      "scheduled": 22,
      "routed": 22,
      "short_route": 2,
      "invalid_route": 1
    },
    "result": {
      "name": "result_27302_27332",
      "cost": 0,
      "plans": 1,
      "timeout": 60
    }
  },
  "e71": {
    "problem": {
      "name": "problem_27332_27362",
      "time": 0.006,
      "routes": 150,
      "junctions": 80
    },
    "vehicle": {
      "total": 24,
      "scheduled": 18,
      "routed": 18,
      "short_route": 0,
      "invalid_route": 2
    },
    "result": {
      "name": "result_27332_27362",
      "cost": 0,
      "plans": 1,
      "timeout": 60
    }
  },
  "e72": {
    "problem": {
      "name": "problem_27362_27392",
      "time": 0.007,
      "routes": 178,
      "junctions": 82
    },
    "vehicle": {
      "total": 25,
      "scheduled": 20,
      "routed": 20,
      "short_route": 0,
      "invalid_route": 1
    },
    "result": {
      "name": "result_27362_27392",
      "cost": 0,
      "plans": 1,
      "timeout": 60
    }
  },
  "e73": {
    "problem": {
      "name": "problem_27392_27422",
      "time": 0.007,
      "routes": 179,
      "junctions": 84
    },
    "vehicle": {
      "total": 28,
      "scheduled": 23,
      "routed": 23,
      "short_route": 0,
      "invalid_route": 2
    },
    "result": {
      "name": "result_27392_27422",
      "cost": 0,
      "plans": 1,
      "timeout": 60
    }
  },
  "e74": {
    "problem": {
      "name": "problem_27422_27452",
      "time": 0.004,
      "routes": 104,
      "junctions": 69
    },
    "vehicle": {
      "total": 19,
      "scheduled": 16,
      "routed": 16,
      "short_route": 0,
      "invalid_route": 0
    },
    "result": {
      "name": "result_27422_27452",
      "cost": 0,
      "plans": 1,
      "timeout": 60
    }
  },
  "e75": {
    "problem": {
      "name": "problem_27452_27482",
      "time": 0.006,
      "routes": 158,
      "junctions": 73
    },
    "vehicle": {
      "total": 30,
      "scheduled": 21,
      "routed": 21,
      "short_route": 2,
      "invalid_route": 0
    },
    "result": {
      "name": "result_27452_27482",
      "cost": 0,
      "plans": 1,
      "timeout": 60
    }
  },
  "e76": {
    "problem": {
      "name": "problem_27482_27512",
      "time": 0.008,
      "routes": 191,
      "junctions": 83
    },
    "vehicle": {
      "total": 34,
      "scheduled": 25,
      "routed": 25,
      "short_route": 0,
      "invalid_route": 0
    },
    "result": {
      "name": "result_27482_27512",
      "cost": 0,
      "plans": 1,
      "timeout": 60
    }
  },
  "e77": {
    "problem": {
      "name": "problem_27512_27542",
      "time": 0.007,
      "routes": 158,
      "junctions": 80
    },
    "vehicle": {
      "total": 27,
      "scheduled": 23,
      "routed": 23,
      "short_route": 1,
      "invalid_route": 1
    },
    "result": {
      "name": "result_27512_27542",
      "cost": 0,
      "plans": 1,
      "timeout": 60
    }
  },
  "e78": {
    "problem": {
      "name": "problem_27542_27572",
      "time": 0.006,
      "routes": 137,
      "junctions": 78
    },
    "vehicle": {
      "total": 26,
      "scheduled": 18,
      "routed": 18,
      "short_route": 2,
      "invalid_route": 1
    },
    "result": {
      "name": "result_27542_27572",
      "cost": 0,
      "plans": 1,
      "timeout": 60
    }
  },
  "e79": {
    "problem": {
      "name": "problem_27572_27602",
      "time": 0.007,
      "routes": 180,
      "junctions": 81
    },
    "vehicle": {
      "total": 23,
      "scheduled": 15,
      "routed": 15,
      "short_route": 1,
      "invalid_route": 1
    },
    "result": {
      "name": "result_27572_27602",
      "cost": 0,
      "plans": 1,
      "timeout": 60
    }
  },
  "e80": {
    "problem": {
      "name": "problem_27602_27632",
      "time": 0.006,
      "routes": 138,
      "junctions": 78
    },
    "vehicle": {
      "total": 22,
      "scheduled": 17,
      "routed": 17,
      "short_route": 1,
      "invalid_route": 1
    },
    "result": {
      "name": "result_27602_27632",
      "cost": 0,
      "plans": 1,
      "timeout": 60
    }
  },
  "e81": {
    "problem": {
      "name": "problem_27632_27662",
      "time": 0.007,
      "routes": 158,
      "junctions": 78
    },
    "vehicle": {
      "total": 27,
      "scheduled": 23,
      "routed": 23,
      "short_route": 0,
      "invalid_route": 1
    },
    "result": {
      "name": "result_27632_27662",
      "cost": 0,
      "plans": 1,
      "timeout": 60
    }
  },
  "e82": {
    "problem": {
      "name": "problem_27662_27692",
      "time": 0.007,
      "routes": 184,
      "junctions": 81
    },
    "vehicle": {
      "total": 30,
      "scheduled": 23,
      "routed": 23,
      "short_route": 1,
      "invalid_route": 3
    },
    "result": {
      "name": "result_27662_27692",
      "cost": 0,
      "plans": 1,
      "timeout": 60
    }
  },
  "e83": {
    "problem": {
      "name": "problem_27692_27722",
      "time": 0.008,
      "routes": 192,
      "junctions": 81
    },
    "vehicle": {
      "total": 27,
      "scheduled": 20,
      "routed": 20,
      "short_route": 1,
      "invalid_route": 2
    },
    "result": {
      "name": "result_27692_27722",
      "cost": 0,
      "plans": 1,
      "timeout": 60
    }
  },
  "e84": {
    "problem": {
      "name": "problem_27722_27752",
      "time": 0.007,
      "routes": 177,
      "junctions": 83
    },
    "vehicle": {
      "total": 21,
      "scheduled": 20,
      "routed": 20,
      "short_route": 1,
      "invalid_route": 0
    },
    "result": {
      "name": "result_27722_27752",
      "cost": 0,
      "plans": 1,
      "timeout": 60
    }
  },
  "e85": {
    "problem": {
      "name": "problem_27752_27782",
      "time": 0.007,
      "routes": 172,
      "junctions": 78
    },
    "vehicle": {
      "total": 28,
      "scheduled": 24,
      "routed": 24,
      "short_route": 1,
      "invalid_route": 0
    },
    "result": {
      "name": "result_27752_27782",
      "cost": 0,
      "plans": 1,
      "timeout": 60
    }
  },
  "e86": {
    "problem": {
      "name": "problem_27782_27812",
      "time": 0.008,
      "routes": 178,
      "junctions": 81
    },
    "vehicle": {
      "total": 24,
      "scheduled": 18,
      "routed": 18,
      "short_route": 1,
      "invalid_route": 1
    },
    "result": {
      "name": "result_27782_27812",
      "cost": 0,
      "plans": 1,
      "timeout": 60
    }
  },
  "e87": {
    "problem": {
      "name": "problem_27812_27842",
      "time": 0.007,
      "routes": 156,
      "junctions": 81
    },
    "vehicle": {
      "total": 28,
      "scheduled": 23,
      "routed": 23,
      "short_route": 1,
      "invalid_route": 1
    },
    "result": {
      "name": "result_27812_27842",
      "cost": 0,
      "plans": 1,
      "timeout": 60
    }
  },
  "e88": {
    "problem": {
      "name": "problem_27842_27872",
      "time": 0.008,
      "routes": 201,
      "junctions": 83
    },
    "vehicle": {
      "total": 29,
      "scheduled": 25,
      "routed": 25,
      "short_route": 0,
      "invalid_route": 2
    },
    "result": {
      "name": "result_27842_27872",
      "cost": 0,
      "plans": 1,
      "timeout": 60
    }
  },
  "e89": {
    "problem": {
      "name": "problem_27872_27902",
      "time": 0.007,
      "routes": 173,
      "junctions": 80
    },
    "vehicle": {
      "total": 34,
      "scheduled": 25,
      "routed": 25,
      "short_route": 3,
      "invalid_route": 0
    },
    "result": {
      "name": "result_27872_27902",
      "cost": 0,
      "plans": 1,
      "timeout": 60
    }
  },
  "e90": {
    "problem": {
      "name": "problem_27902_27932",
      "time": 0.007,
      "routes": 178,
      "junctions": 83
    },
    "vehicle": {
      "total": 30,
      "scheduled": 25,
      "routed": 25,
      "short_route": 0,
      "invalid_route": 0
    },
    "result": {
      "name": "result_27902_27932",
      "cost": 0,
      "plans": 1,
      "timeout": 60
    }
  },
  "e91": {
    "problem": {
      "name": "problem_27932_27962",
      "time": 0.007,
      "routes": 177,
      "junctions": 82
    },
    "vehicle": {
      "total": 33,
      "scheduled": 28,
      "routed": 28,
      "short_route": 0,
      "invalid_route": 1
    },
    "result": {
      "name": "result_27932_27962",
      "cost": 0,
      "plans": 1,
      "timeout": 60
    }
  },
  "e92": {
    "problem": {
      "name": "problem_27962_27992",
      "time": 0.006,
      "routes": 159,
      "junctions": 77
    },
    "vehicle": {
      "total": 23,
      "scheduled": 17,
      "routed": 17,
      "short_route": 0,
      "invalid_route": 1
    },
    "result": {
      "name": "result_27962_27992",
      "cost": 0,
      "plans": 1,
      "timeout": 60
    }
  },
  "e93": {
    "problem": {
      "name": "problem_27992_28022",
      "time": 0.007,
      "routes": 168,
      "junctions": 80
    },
    "vehicle": {
      "total": 24,
      "scheduled": 18,
      "routed": 18,
      "short_route": 2,
      "invalid_route": 0
    },
    "result": {
      "name": "result_27992_28022",
      "cost": 0,
      "plans": 1,
      "timeout": 60
    }
  },
  "e94": {
    "problem": {
      "name": "problem_28022_28052",
      "time": 0.006,
      "routes": 152,
      "junctions": 79
    },
    "vehicle": {
      "total": 29,
      "scheduled": 22,
      "routed": 22,
      "short_route": 0,
      "invalid_route": 2
    },
    "result": {
      "name": "result_28022_28052",
      "cost": 0,
      "plans": 1,
      "timeout": 60
    }
  },
  "e95": {
    "problem": {
      "name": "problem_28052_28082",
      "time": 0.008,
      "routes": 182,
      "junctions": 78
    },
    "vehicle": {
      "total": 43,
      "scheduled": 33,
      "routed": 33,
      "short_route": 1,
      "invalid_route": 3
    },
    "result": {
      "name": "result_28052_28082",
      "cost": 0,
      "plans": 1,
      "timeout": 60
    }
  },
  "e96": {
    "problem": {
      "name": "problem_28082_28112",
      "time": 0.006,
      "routes": 156,
      "junctions": 80
    },
    "vehicle": {
      "total": 27,
      "scheduled": 19,
      "routed": 19,
      "short_route": 1,
      "invalid_route": 3
    },
    "result": {
      "name": "result_28082_28112",
      "cost": 0,
      "plans": 1,
      "timeout": 60
    }
  },
  "e97": {
    "problem": {
      "name": "problem_28112_28142",
      "time": 0.007,
      "routes": 183,
      "junctions": 82
    },
    "vehicle": {
      "total": 25,
      "scheduled": 17,
      "routed": 17,
      "short_route": 0,
      "invalid_route": 1
    },
    "result": {
      "name": "result_28112_28142",
      "cost": 0,
      "plans": 1,
      "timeout": 60
    }
  },
  "e98": {
    "problem": {
      "name": "problem_28142_28172",
      "time": 0.006,
      "routes": 154,
      "junctions": 78
    },
    "vehicle": {
      "total": 28,
      "scheduled": 24,
      "routed": 24,
      "short_route": 2,
      "invalid_route": 1
    },
    "result": {
      "name": "result_28142_28172",
      "cost": 0,
      "plans": 1,
      "timeout": 60
    }
  },
  "e99": {
    "problem": {
      "name": "problem_28172_28202",
      "time": 0.008,
      "routes": 184,
      "junctions": 83
    },
    "vehicle": {
      "total": 35,
      "scheduled": 27,
      "routed": 27,
      "short_route": 0,
      "invalid_route": 1
    },
    "result": {
      "name": "result_28172_28202",
      "cost": 0,
      "plans": 1,
      "timeout": 60
    }
  },
  "e100": {
    "problem": {
      "name": "problem_28202_28232",
      "time": 0.007,
      "routes": 176,
      "junctions": 80
    },
    "vehicle": {
      "total": 38,
      "scheduled": 33,
      "routed": 33,
      "short_route": 3,
      "invalid_route": 1
    },
    "result": {
      "name": "result_28202_28232",
      "cost": 0,
      "plans": 1,
      "timeout": 60
    }
  },
  "e101": {
    "problem": {
      "name": "problem_28232_28262",
      "time": 0.006,
      "routes": 143,
      "junctions": 77
    },
    "vehicle": {
      "total": 28,
      "scheduled": 20,
      "routed": 20,
      "short_route": 1,
      "invalid_route": 1
    },
    "result": {
      "name": "result_28232_28262",
      "cost": 0,
      "plans": 1,
      "timeout": 60
    }
  },
  "e102": {
    "problem": {
      "name": "problem_28262_28292",
      "time": 0.007,
      "routes": 166,
      "junctions": 79
    },
    "vehicle": {
      "total": 28,
      "scheduled": 21,
      "routed": 21,
      "short_route": 0,
      "invalid_route": 1
    },
    "result": {
      "name": "result_28262_28292",
      "cost": 0,
      "plans": 1,
      "timeout": 60
    }
  },
  "e103": {
    "problem": {
      "name": "problem_28292_28322",
      "time": 0.007,
      "routes": 175,
      "junctions": 81
    },
    "vehicle": {
      "total": 37,
      "scheduled": 28,
      "routed": 28,
      "short_route": 2,
      "invalid_route": 1
    },
    "result": {
      "name": "result_28292_28322",
      "cost": 0,
      "plans": 1,
      "timeout": 60
    }
  },
  "e104": {
    "problem": {
      "name": "problem_28322_28352",
      "time": 0.005,
      "routes": 104,
      "junctions": 71
    },
    "vehicle": {
      "total": 31,
      "scheduled": 20,
      "routed": 20,
      "short_route": 2,
      "invalid_route": 1
    },
    "result": {
      "name": "result_28322_28352",
      "cost": 0,
      "plans": 1,
      "timeout": 60
    }
  },
  "e105": {
    "problem": {
      "name": "problem_28352_28382",
      "time": 0.006,
      "routes": 141,
      "junctions": 77
    },
    "vehicle": {
      "total": 27,
      "scheduled": 21,
      "routed": 21,
      "short_route": 0,
      "invalid_route": 3
    },
    "result": {
      "name": "result_28352_28382",
      "cost": 0,
      "plans": 1,
      "timeout": 60
    }
  },
  "e106": {
    "problem": {
      "name": "problem_28382_28412",
      "time": 0.008,
      "routes": 178,
      "junctions": 82
    },
    "vehicle": {
      "total": 38,
      "scheduled": 29,
      "routed": 29,
      "short_route": 1,
      "invalid_route": 2
    },
    "result": {
      "name": "result_28382_28412",
      "cost": 0,
      "plans": 1,
      "timeout": 60
    }
  },
  "e107": {
    "problem": {
      "name": "problem_28412_28442",
      "time": 0.007,
      "routes": 175,
      "junctions": 82
    },
    "vehicle": {
      "total": 39,
      "scheduled": 30,
      "routed": 30,
      "short_route": 1,
      "invalid_route": 1
    },
    "result": {
      "name": "result_28412_28442",
      "cost": 0,
      "plans": 1,
      "timeout": 60
    }
  },
  "e108": {
    "problem": {
      "name": "problem_28442_28472",
      "time": 0.007,
      "routes": 183,
      "junctions": 83
    },
    "vehicle": {
      "total": 26,
      "scheduled": 17,
      "routed": 17,
      "short_route": 1,
      "invalid_route": 0
    },
    "result": {
      "name": "result_28442_28472",
      "cost": 0,
      "plans": 1,
      "timeout": 60
    }
  },
  "e109": {
    "problem": {
      "name": "problem_28472_28502",
      "time": 0.007,
      "routes": 160,
      "junctions": 80
    },
    "vehicle": {
      "total": 32,
      "scheduled": 27,
      "routed": 27,
      "short_route": 0,
      "invalid_route": 2
    },
    "result": {
      "name": "result_28472_28502",
      "cost": 0,
      "plans": 1,
      "timeout": 60
    }
  },
  "e110": {
    "problem": {
      "name": "problem_28502_28532",
      "time": 0.008,
      "routes": 193,
      "junctions": 83
    },
    "vehicle": {
      "total": 42,
      "scheduled": 28,
      "routed": 28,
      "short_route": 1,
      "invalid_route": 1
    },
    "result": {
      "name": "result_28502_28532",
      "cost": 0,
      "plans": 1,
      "timeout": 60
    }
  },
  "e111": {
    "problem": {
      "name": "problem_28532_28562",
      "time": 0.005,
      "routes": 126,
      "junctions": 68
    },
    "vehicle": {
      "total": 32,
      "scheduled": 23,
      "routed": 23,
      "short_route": 0,
      "invalid_route": 1
    },
    "result": {
      "name": "result_28532_28562",
      "cost": 0,
      "plans": 1,
      "timeout": 60
    }
  },
  "e112": {
    "problem": {
      "name": "problem_28562_28592",
      "time": 0.007,
      "routes": 160,
      "junctions": 80
    },
    "vehicle": {
      "total": 35,
      "scheduled": 30,
      "routed": 30,
      "short_route": 0,
      "invalid_route": 1
    },
    "result": {
      "name": "result_28562_28592",
      "cost": 0,
      "plans": 1,
      "timeout": 60
    }
  },
  "e113": {
    "problem": {
      "name": "problem_28592_28622",
      "time": 0.007,
      "routes": 163,
      "junctions": 77
    },
    "vehicle": {
      "total": 29,
      "scheduled": 24,
      "routed": 24,
      "short_route": 0,
      "invalid_route": 4
    },
    "result": {
      "name": "result_28592_28622",
      "cost": 0,
      "plans": 1,
      "timeout": 60
    }
  },
  "e114": {
    "problem": {
      "name": "problem_28622_28652",
      "time": 0.006,
      "routes": 142,
      "junctions": 76
    },
    "vehicle": {
      "total": 24,
      "scheduled": 15,
      "routed": 15,
      "short_route": 3,
      "invalid_route": 1
    },
    "result": {
      "name": "result_28622_28652",
      "cost": 0,
      "plans": 1,
      "timeout": 60
    }
  },
  "e115": {
    "problem": {
      "name": "problem_28652_28682",
      "time": 0.008,
      "routes": 191,
      "junctions": 82
    },
    "vehicle": {
      "total": 29,
      "scheduled": 25,
      "routed": 25,
      "short_route": 1,
      "invalid_route": 1
    },
    "result": {
      "name": "result_28652_28682",
      "cost": 0,
      "plans": 1,
      "timeout": 60
    }
  },
  "e116": {
    "problem": {
      "name": "problem_28682_28712",
      "time": 0.007,
      "routes": 168,
      "junctions": 80
    },
    "vehicle": {
      "total": 25,
      "scheduled": 19,
      "routed": 19,
      "short_route": 2,
      "invalid_route": 1
    },
    "result": {
      "name": "result_28682_28712",
      "cost": 0,
      "plans": 1,
      "timeout": 60
    }
  },
  "e117": {
    "problem": {
      "name": "problem_28712_28742",
      "time": 0.006,
      "routes": 152,
      "junctions": 76
    },
    "vehicle": {
      "total": 27,
      "scheduled": 20,
      "routed": 20,
      "short_route": 0,
      "invalid_route": 1
    },
    "result": {
      "name": "result_28712_28742",
      "cost": 0,
      "plans": 1,
      "timeout": 60
    }
  },
  "e118": {
    "problem": {
      "name": "problem_28742_28772",
      "time": 0.007,
      "routes": 167,
      "junctions": 80
    },
    "vehicle": {
      "total": 25,
      "scheduled": 21,
      "routed": 21,
      "short_route": 0,
      "invalid_route": 1
    },
    "result": {
      "name": "result_28742_28772",
      "cost": 0,
      "plans": 1,
      "timeout": 60
    }
  },
  "e119": {
    "problem": {
      "name": "problem_28772_28802",
      "time": 0.008,
      "routes": 185,
      "junctions": 83
    },
    "vehicle": {
      "total": 26,
      "scheduled": 24,
      "routed": 24,
      "short_route": 0,
      "invalid_route": 1
    },
    "result": {
      "name": "result_28772_28802",
      "cost": 0,
      "plans": 1,
      "timeout": 60
    }
  },
  "e120": {
    "problem": {
      "name": "problem_28802_28832",
      "time": 0.006,
      "routes": 159,
      "junctions": 81
    },
    "vehicle": {
      "total": 30,
      "scheduled": 22,
      "routed": 22,
      "short_route": 2,
      "invalid_route": 1
    },
    "result": {
      "name": "result_28802_28832",
      "cost": 0,
      "plans": 1,
      "timeout": 60
    }
  },
  "e121": {
    "problem": {
      "name": "problem_28832_28862",
      "time": 0.006,
      "routes": 158,
      "junctions": 77
    },
    "vehicle": {
      "total": 24,
      "scheduled": 21,
      "routed": 21,
      "short_route": 0,
      "invalid_route": 1
    },
    "result": {
      "name": "result_28832_28862",
      "cost": 0,
      "plans": 1,
      "timeout": 60
    }
  },
  "e122": {
    "problem": {
      "name": "problem_28862_28892",
      "time": 0.006,
      "routes": 147,
      "junctions": 70
    },
    "vehicle": {
      "total": 26,
      "scheduled": 21,
      "routed": 21,
      "short_route": 1,
      "invalid_route": 0
    },
    "result": {
      "name": "result_28862_28892",
      "cost": 0,
      "plans": 1,
      "timeout": 60
    }
  },
  "e123": {
    "problem": {
      "name": "problem_28892_28922",
      "time": 0.008,
      "routes": 186,
      "junctions": 83
    },
    "vehicle": {
      "total": 28,
      "scheduled": 22,
      "routed": 22,
      "short_route": 1,
      "invalid_route": 1
    },
    "result": {
      "name": "result_28892_28922",
      "cost": 0,
      "plans": 1,
      "timeout": 60
    }
  },
  "e124": {
    "problem": {
      "name": "problem_28922_28952",
      "time": 0.007,
      "routes": 172,
      "junctions": 79
    },
    "vehicle": {
      "total": 22,
      "scheduled": 19,
      "routed": 19,
      "short_route": 0,
      "invalid_route": 1
    },
    "result": {
      "name": "result_28922_28952",
      "cost": 0,
      "plans": 1,
      "timeout": 60
    }
  },
  "e125": {
    "problem": {
      "name": "problem_28952_28982",
      "time": 0.006,
      "routes": 135,
      "junctions": 74
    },
    "vehicle": {
      "total": 30,
      "scheduled": 20,
      "routed": 20,
      "short_route": 0,
      "invalid_route": 1
    },
    "result": {
      "name": "result_28952_28982",
      "cost": 0,
      "plans": 1,
      "timeout": 60
    }
  },
  "e126": {
    "problem": {
      "name": "problem_28982_29012",
      "time": 0.007,
      "routes": 175,
      "junctions": 79
    },
    "vehicle": {
      "total": 26,
      "scheduled": 20,
      "routed": 20,
      "short_route": 0,
      "invalid_route": 0
    },
    "result": {
      "name": "result_28982_29012",
      "cost": 0,
      "plans": 1,
      "timeout": 60
    }
  },
  "e127": {
    "problem": {
      "name": "problem_29012_29042",
      "time": 0.006,
      "routes": 159,
      "junctions": 79
    },
    "vehicle": {
      "total": 32,
      "scheduled": 22,
      "routed": 22,
      "short_route": 1,
      "invalid_route": 3
    },
    "result": {
      "name": "result_29012_29042",
      "cost": 0,
      "plans": 1,
      "timeout": 60
    }
  },
  "e128": {
    "problem": {
      "name": "problem_29042_29072",
      "time": 0.005,
      "routes": 124,
      "junctions": 74
    },
    "vehicle": {
      "total": 26,
      "scheduled": 21,
      "routed": 21,
      "short_route": 0,
      "invalid_route": 1
    },
    "result": {
      "name": "result_29042_29072",
      "cost": 0,
      "plans": 1,
      "timeout": 60
    }
  },
  "e129": {
    "problem": {
      "name": "problem_29072_29102",
      "time": 0.006,
      "routes": 156,
      "junctions": 79
    },
    "vehicle": {
      "total": 26,
      "scheduled": 14,
      "routed": 14,
      "short_route": 0,
      "invalid_route": 2
    },
    "result": {
      "name": "result_29072_29102",
      "cost": 0,
      "plans": 1,
      "timeout": 60
    }
  },
  "e130": {
    "problem": {
      "name": "problem_29102_29132",
      "time": 0.008,
      "routes": 177,
      "junctions": 81
    },
    "vehicle": {
      "total": 32,
      "scheduled": 26,
      "routed": 26,
      "short_route": 0,
      "invalid_route": 3
    },
    "result": {
      "name": "result_29102_29132",
      "cost": 0,
      "plans": 1,
      "timeout": 60
    }
  },
  "e131": {
    "problem": {
      "name": "problem_29132_29162",
      "time": 0.005,
      "routes": 122,
      "junctions": 74
    },
    "vehicle": {
      "total": 31,
      "scheduled": 23,
      "routed": 23,
      "short_route": 1,
      "invalid_route": 1
    },
    "result": {
      "name": "result_29132_29162",
      "cost": 0,
      "plans": 1,
      "timeout": 60
    }
  },
  "e132": {
    "problem": {
      "name": "problem_29162_29192",
      "time": 0.006,
      "routes": 146,
      "junctions": 69
    },
    "vehicle": {
      "total": 16,
      "scheduled": 12,
      "routed": 12,
      "short_route": 0,
      "invalid_route": 1
    },
    "result": {
      "name": "result_29162_29192",
      "cost": 0,
      "plans": 1,
      "timeout": 60
    }
  },
  "e133": {
    "problem": {
      "name": "problem_29192_29222",
      "time": 0.007,
      "routes": 179,
      "junctions": 82
    },
    "vehicle": {
      "total": 32,
      "scheduled": 28,
      "routed": 28,
      "short_route": 0,
      "invalid_route": 1
    },
    "result": {
      "name": "result_29192_29222",
      "cost": 0,
      "plans": 1,
      "timeout": 60
    }
  },
  "e134": {
    "problem": {
      "name": "problem_29222_29252",
      "time": 0.007,
      "routes": 185,
      "junctions": 83
    },
    "vehicle": {
      "total": 28,
      "scheduled": 25,
      "routed": 25,
      "short_route": 0,
      "invalid_route": 1
    },
    "result": {
      "name": "result_29222_29252",
      "cost": 0,
      "plans": 1,
      "timeout": 60
    }
  },
  "e135": {
    "problem": {
      "name": "problem_29252_29282",
      "time": 0.008,
      "routes": 198,
      "junctions": 80
    },
    "vehicle": {
      "total": 36,
      "scheduled": 29,
      "routed": 29,
      "short_route": 0,
      "invalid_route": 1
    },
    "result": {
      "name": "result_29252_29282",
      "cost": 0,
      "plans": 1,
      "timeout": 60
    }
  },
  "e136": {
    "problem": {
      "name": "problem_29282_29312",
      "time": 0.008,
      "routes": 195,
      "junctions": 83
    },
    "vehicle": {
      "total": 46,
      "scheduled": 40,
      "routed": 40,
      "short_route": 0,
      "invalid_route": 0
    },
    "result": {
      "name": "result_29282_29312",
      "cost": 0,
      "plans": 1,
      "timeout": 60
    }
  },
  "e137": {
    "problem": {
      "name": "problem_29312_29342",
      "time": 0.008,
      "routes": 203,
      "junctions": 83
    },
    "vehicle": {
      "total": 30,
      "scheduled": 21,
      "routed": 21,
      "short_route": 1,
      "invalid_route": 1
    },
    "result": {
      "name": "result_29312_29342",
      "cost": 0,
      "plans": 1,
      "timeout": 60
    }
  },
  "e138": {
    "problem": {
      "name": "problem_29342_29372",
      "time": 0.006,
      "routes": 149,
      "junctions": 79
    },
    "vehicle": {
      "total": 24,
      "scheduled": 19,
      "routed": 19,
      "short_route": 0,
      "invalid_route": 1
    },
    "result": {
      "name": "result_29342_29372",
      "cost": 0,
      "plans": 1,
      "timeout": 60
    }
  },
  "e139": {
    "problem": {
      "name": "problem_29372_29402",
      "time": 0.007,
      "routes": 188,
      "junctions": 82
    },
    "vehicle": {
      "total": 25,
      "scheduled": 16,
      "routed": 16,
      "short_route": 1,
      "invalid_route": 4
    },
    "result": {
      "name": "result_29372_29402",
      "cost": 0,
      "plans": 1,
      "timeout": 60
    }
  },
  "e140": {
    "problem": {
      "name": "problem_29402_29432",
      "time": 0.007,
      "routes": 160,
      "junctions": 80
    },
    "vehicle": {
      "total": 31,
      "scheduled": 23,
      "routed": 23,
      "short_route": 0,
      "invalid_route": 0
    },
    "result": {
      "name": "result_29402_29432",
      "cost": 0,
      "plans": 1,
      "timeout": 60
    }
  },
  "e141": {
    "problem": {
      "name": "problem_29432_29462",
      "time": 0.008,
      "routes": 182,
      "junctions": 78
    },
    "vehicle": {
      "total": 33,
      "scheduled": 26,
      "routed": 26,
      "short_route": 0,
      "invalid_route": 0
    },
    "result": {
      "name": "result_29432_29462",
      "cost": 0,
      "plans": 1,
      "timeout": 60
    }
  },
  "e142": {
    "problem": {
      "name": "problem_29462_29492",
      "time": 0.008,
      "routes": 188,
      "junctions": 83
    },
    "vehicle": {
      "total": 35,
      "scheduled": 29,
      "routed": 29,
      "short_route": 2,
      "invalid_route": 1
    },
    "result": {
      "name": "result_29462_29492",
      "cost": 0,
      "plans": 1,
      "timeout": 60
    }
  },
  "e143": {
    "problem": {
      "name": "problem_29492_29522",
      "time": 0.007,
      "routes": 175,
      "junctions": 81
    },
    "vehicle": {
      "total": 33,
      "scheduled": 21,
      "routed": 21,
      "short_route": 1,
      "invalid_route": 4
    },
    "result": {
      "name": "result_29492_29522",
      "cost": 0,
      "plans": 1,
      "timeout": 60
    }
  },
  "e144": {
    "problem": {
      "name": "problem_29522_29552",
      "time": 0.007,
      "routes": 168,
      "junctions": 79
    },
    "vehicle": {
      "total": 33,
      "scheduled": 26,
      "routed": 26,
      "short_route": 1,
      "invalid_route": 0
    },
    "result": {
      "name": "result_29522_29552",
      "cost": 0,
      "plans": 1,
      "timeout": 60
    }
  },
  "e145": {
    "problem": {
      "name": "problem_29552_29582",
      "time": 0.008,
      "routes": 194,
      "junctions": 83
    },
    "vehicle": {
      "total": 26,
      "scheduled": 22,
      "routed": 22,
      "short_route": 0,
      "invalid_route": 0
    },
    "result": {
      "name": "result_29552_29582",
      "cost": 0,
      "plans": 1,
      "timeout": 60
    }
  },
  "e146": {
    "problem": {
      "name": "problem_29582_29612",
      "time": 0.006,
      "routes": 137,
      "junctions": 77
    },
    "vehicle": {
      "total": 31,
      "scheduled": 19,
      "routed": 19,
      "short_route": 1,
      "invalid_route": 3
    },
    "result": {
      "name": "result_29582_29612",
      "cost": 0,
      "plans": 1,
      "timeout": 60
    }
  },
  "e147": {
    "problem": {
      "name": "problem_29612_29642",
      "time": 0.007,
      "routes": 179,
      "junctions": 82
    },
    "vehicle": {
      "total": 27,
      "scheduled": 24,
      "routed": 24,
      "short_route": 0,
      "invalid_route": 0
    },
    "result": {
      "name": "result_29612_29642",
      "cost": 0,
      "plans": 1,
      "timeout": 60
    }
  },
  "e148": {
    "problem": {
      "name": "problem_29642_29672",
      "time": 0.006,
      "routes": 157,
      "junctions": 80
    },
    "vehicle": {
      "total": 21,
      "scheduled": 16,
      "routed": 16,
      "short_route": 1,
      "invalid_route": 2
    },
    "result": {
      "name": "result_29642_29672",
      "cost": 0,
      "plans": 1,
      "timeout": 60
    }
  },
  "e149": {
    "problem": {
      "name": "problem_29672_29702",
      "time": 0.008,
      "routes": 187,
      "junctions": 79
    },
    "vehicle": {
      "total": 31,
      "scheduled": 23,
      "routed": 23,
      "short_route": 0,
      "invalid_route": 0
    },
    "result": {
      "name": "result_29672_29702",
      "cost": 0,
      "plans": 1,
      "timeout": 60
    }
  },
  "e150": {
    "problem": {
      "name": "problem_29702_29732",
      "time": 0.006,
      "routes": 154,
      "junctions": 80
    },
    "vehicle": {
      "total": 24,
      "scheduled": 19,
      "routed": 19,
      "short_route": 0,
      "invalid_route": 3
    },
    "result": {
      "name": "result_29702_29732",
      "cost": 0,
      "plans": 1,
      "timeout": 60
    }
  },
  "e151": {
    "problem": {
      "name": "problem_29732_29762",
      "time": 0.006,
      "routes": 132,
      "junctions": 76
    },
    "vehicle": {
      "total": 36,
      "scheduled": 24,
      "routed": 24,
      "short_route": 2,
      "invalid_route": 0
    },
    "result": {
      "name": "result_29732_29762",
      "cost": 0,
      "plans": 1,
      "timeout": 60
    }
  },
  "e152": {
    "problem": {
      "name": "problem_29762_29792",
      "time": 0.007,
      "routes": 158,
      "junctions": 79
    },
    "vehicle": {
      "total": 31,
      "scheduled": 23,
      "routed": 23,
      "short_route": 0,
      "invalid_route": 3
    },
    "result": {
      "name": "result_29762_29792",
      "cost": 0,
      "plans": 1,
      "timeout": 60
    }
  },
  "e153": {
    "problem": {
      "name": "problem_29792_29822",
      "time": 0.006,
      "routes": 148,
      "junctions": 76
    },
    "vehicle": {
      "total": 34,
      "scheduled": 26,
      "routed": 26,
      "short_route": 0,
      "invalid_route": 1
    },
    "result": {
      "name": "result_29792_29822",
      "cost": 0,
      "plans": 1,
      "timeout": 60
    }
  },
  "e154": {
    "problem": {
      "name": "problem_29822_29852",
      "time": 0.007,
      "routes": 178,
      "junctions": 84
    },
    "vehicle": {
      "total": 33,
      "scheduled": 24,
      "routed": 24,
      "short_route": 0,
      "invalid_route": 0
    },
    "result": {
      "name": "result_29822_29852",
      "cost": 0,
      "plans": 1,
      "timeout": 60
    }
  },
  "e155": {
    "problem": {
      "name": "problem_29852_29882",
      "time": 0.006,
      "routes": 155,
      "junctions": 76
    },
    "vehicle": {
      "total": 24,
      "scheduled": 20,
      "routed": 20,
      "short_route": 1,
      "invalid_route": 0
    },
    "result": {
      "name": "result_29852_29882",
      "cost": 0,
      "plans": 1,
      "timeout": 60
    }
  },
  "e156": {
    "problem": {
      "name": "problem_29882_29912",
      "time": 0.006,
      "routes": 139,
      "junctions": 75
    },
    "vehicle": {
      "total": 27,
      "scheduled": 19,
      "routed": 19,
      "short_route": 1,
      "invalid_route": 2
    },
    "result": {
      "name": "result_29882_29912",
      "cost": 0,
      "plans": 1,
      "timeout": 60
    }
  },
  "e157": {
    "problem": {
      "name": "problem_29912_29942",
      "time": 0.005,
      "routes": 121,
      "junctions": 72
    },
    "vehicle": {
      "total": 24,
      "scheduled": 19,
      "routed": 19,
      "short_route": 0,
      "invalid_route": 0
    },
    "result": {
      "name": "result_29912_29942",
      "cost": 0,
      "plans": 1,
      "timeout": 60
    }
  },
  "e158": {
    "problem": {
      "name": "problem_29942_29972",
      "time": 0.006,
      "routes": 147,
      "junctions": 78
    },
    "vehicle": {
      "total": 31,
      "scheduled": 21,
      "routed": 21,
      "short_route": 0,
      "invalid_route": 1
    },
    "result": {
      "name": "result_29942_29972",
      "cost": 0,
      "plans": 1,
      "timeout": 60
    }
  },
  "e159": {
    "problem": {
      "name": "problem_29972_30002",
      "time": 0.007,
      "routes": 169,
      "junctions": 80
    },
    "vehicle": {
      "total": 30,
      "scheduled": 22,
      "routed": 22,
      "short_route": 1,
      "invalid_route": 1
    },
    "result": {
      "name": "result_29972_30002",
      "cost": 0,
      "plans": 1,
      "timeout": 60
    }
  },
  "e160": {
    "problem": {
      "name": "problem_30002_30032",
      "time": 0.008,
      "routes": 189,
      "junctions": 80
    },
    "vehicle": {
      "total": 43,
      "scheduled": 36,
      "routed": 36,
      "short_route": 2,
      "invalid_route": 0
    },
    "result": {
      "name": "result_30002_30032",
      "cost": 0,
      "plans": 1,
      "timeout": 60
    }
  },
  "e161": {
    "problem": {
      "name": "problem_30032_30062",
      "time": 0.006,
      "routes": 138,
      "junctions": 76
    },
    "vehicle": {
      "total": 25,
      "scheduled": 18,
      "routed": 18,
      "short_route": 0,
      "invalid_route": 0
    },
    "result": {
      "name": "result_30032_30062",
      "cost": 0,
      "plans": 1,
      "timeout": 60
    }
  },
  "e162": {
    "problem": {
      "name": "problem_30062_30092",
      "time": 0.007,
      "routes": 179,
      "junctions": 80
    },
    "vehicle": {
      "total": 30,
      "scheduled": 25,
      "routed": 25,
      "short_route": 0,
      "invalid_route": 1
    },
    "result": {
      "name": "result_30062_30092",
      "cost": 0,
      "plans": 1,
      "timeout": 60
    }
  },
  "e163": {
    "problem": {
      "name": "problem_30092_30122",
      "time": 0.008,
      "routes": 191,
      "junctions": 82
    },
    "vehicle": {
      "total": 39,
      "scheduled": 30,
      "routed": 30,
      "short_route": 1,
      "invalid_route": 1
    },
    "result": {
      "name": "result_30092_30122",
      "cost": 0,
      "plans": 1,
      "timeout": 60
    }
  },
  "e164": {
    "problem": {
      "name": "problem_30122_30152",
      "time": 0.006,
      "routes": 142,
      "junctions": 79
    },
    "vehicle": {
      "total": 41,
      "scheduled": 27,
      "routed": 27,
      "short_route": 0,
      "invalid_route": 0
    },
    "result": {
      "name": "result_30122_30152",
      "cost": 0,
      "plans": 1,
      "timeout": 60
    }
  },
  "e165": {
    "problem": {
      "name": "problem_30152_30182",
      "time": 0.007,
      "routes": 178,
      "junctions": 82
    },
    "vehicle": {
      "total": 29,
      "scheduled": 21,
      "routed": 21,
      "short_route": 1,
      "invalid_route": 4
    },
    "result": {
      "name": "result_30152_30182",
      "cost": 0,
      "plans": 1,
      "timeout": 60
    }
  },
  "e166": {
    "problem": {
      "name": "problem_30182_30212",
      "time": 0.008,
      "routes": 194,
      "junctions": 79
    },
    "vehicle": {
      "total": 39,
      "scheduled": 33,
      "routed": 33,
      "short_route": 1,
      "invalid_route": 0
    },
    "result": {
      "name": "result_30182_30212",
      "cost": 0,
      "plans": 1,
      "timeout": 60
    }
  },
  "e167": {
    "problem": {
      "name": "problem_30212_30242",
      "time": 0.007,
      "routes": 177,
      "junctions": 80
    },
    "vehicle": {
      "total": 27,
      "scheduled": 25,
      "routed": 25,
      "short_route": 1,
      "invalid_route": 0
    },
    "result": {
      "name": "result_30212_30242",
      "cost": 0,
      "plans": 1,
      "timeout": 60
    }
  },
  "e168": {
    "problem": {
      "name": "problem_30242_30272",
      "time": 0.008,
      "routes": 186,
      "junctions": 80
    },
    "vehicle": {
      "total": 33,
      "scheduled": 27,
      "routed": 27,
      "short_route": 1,
      "invalid_route": 1
    },
    "result": {
      "name": "result_30242_30272",
      "cost": 0,
      "plans": 1,
      "timeout": 60
    }
  },
  "e169": {
    "problem": {
      "name": "problem_30272_30302",
      "time": 0.007,
      "routes": 183,
      "junctions": 80
    },
    "vehicle": {
      "total": 34,
      "scheduled": 25,
      "routed": 25,
      "short_route": 0,
      "invalid_route": 1
    },
    "result": {
      "name": "result_30272_30302",
      "cost": 0,
      "plans": 1,
      "timeout": 60
    }
  },
  "e170": {
    "problem": {
      "name": "problem_30302_30332",
      "time": 0.007,
      "routes": 168,
      "junctions": 81
    },
    "vehicle": {
      "total": 31,
      "scheduled": 23,
      "routed": 23,
      "short_route": 1,
      "invalid_route": 0
    },
    "result": {
      "name": "result_30302_30332",
      "cost": 0,
      "plans": 1,
      "timeout": 60
    }
  },
  "e171": {
    "problem": {
      "name": "problem_30332_30362",
      "time": 0.007,
      "routes": 156,
      "junctions": 78
    },
    "vehicle": {
      "total": 31,
      "scheduled": 23,
      "routed": 23,
      "short_route": 2,
      "invalid_route": 3
    },
    "result": {
      "name": "result_30332_30362",
      "cost": 0,
      "plans": 1,
      "timeout": 60
    }
  },
  "e172": {
    "problem": {
      "name": "problem_30362_30392",
      "time": 0.008,
      "routes": 191,
      "junctions": 82
    },
    "vehicle": {
      "total": 30,
      "scheduled": 26,
      "routed": 26,
      "short_route": 0,
      "invalid_route": 1
    },
    "result": {
      "name": "result_30362_30392",
      "cost": 0,
      "plans": 1,
      "timeout": 60
    }
  },
  "e173": {
    "problem": {
      "name": "problem_30392_30422",
      "time": 0.007,
      "routes": 178,
      "junctions": 82
    },
    "vehicle": {
      "total": 32,
      "scheduled": 23,
      "routed": 23,
      "short_route": 1,
      "invalid_route": 2
    },
    "result": {
      "name": "result_30392_30422",
      "cost": 0,
      "plans": 1,
      "timeout": 60
    }
  },
  "e174": {
    "problem": {
      "name": "problem_30422_30452",
      "time": 0.007,
      "routes": 161,
      "junctions": 79
    },
    "vehicle": {
      "total": 23,
      "scheduled": 16,
      "routed": 16,
      "short_route": 1,
      "invalid_route": 2
    },
    "result": {
      "name": "result_30422_30452",
      "cost": 0,
      "plans": 1,
      "timeout": 60
    }
  },
  "e175": {
    "problem": {
      "name": "problem_30452_30482",
      "time": 0.008,
      "routes": 202,
      "junctions": 84
    },
    "vehicle": {
      "total": 42,
      "scheduled": 30,
      "routed": 30,
      "short_route": 2,
      "invalid_route": 3
    },
    "result": {
      "name": "result_30452_30482",
      "cost": 0,
      "plans": 1,
      "timeout": 60
    }
  },
  "e176": {
    "problem": {
      "name": "problem_30482_30512",
      "time": 0.008,
      "routes": 180,
      "junctions": 81
    },
    "vehicle": {
      "total": 34,
      "scheduled": 28,
      "routed": 28,
      "short_route": 1,
      "invalid_route": 2
    },
    "result": {
      "name": "result_30482_30512",
      "cost": 0,
      "plans": 1,
      "timeout": 60
    }
  },
  "e177": {
    "problem": {
      "name": "problem_30512_30542",
      "time": 0.006,
      "routes": 149,
      "junctions": 77
    },
    "vehicle": {
      "total": 27,
      "scheduled": 23,
      "routed": 23,
      "short_route": 1,
      "invalid_route": 1
    },
    "result": {
      "name": "result_30512_30542",
      "cost": 0,
      "plans": 1,
      "timeout": 60
    }
  },
  "e178": {
    "problem": {
      "name": "problem_30542_30572",
      "time": 0.007,
      "routes": 163,
      "junctions": 82
    },
    "vehicle": {
      "total": 30,
      "scheduled": 24,
      "routed": 24,
      "short_route": 0,
      "invalid_route": 2
    },
    "result": {
      "name": "result_30542_30572",
      "cost": 0,
      "plans": 1,
      "timeout": 60
    }
  },
  "e179": {
    "problem": {
      "name": "problem_30572_30602",
      "time": 0.008,
      "routes": 200,
      "junctions": 83
    },
    "vehicle": {
      "total": 35,
      "scheduled": 26,
      "routed": 26,
      "short_route": 1,
      "invalid_route": 0
    },
    "result": {
      "name": "result_30572_30602",
      "cost": 0,
      "plans": 1,
      "timeout": 60
    }
  },
  "e180": {
    "problem": {
      "name": "problem_30602_30632",
      "time": 0.008,
      "routes": 181,
      "junctions": 81
    },
    "vehicle": {
      "total": 41,
      "scheduled": 35,
      "routed": 35,
      "short_route": 1,
      "invalid_route": 1
    },
    "result": {
      "name": "result_30602_30632",
      "cost": 0,
      "plans": 1,
      "timeout": 60
    }
  },
  "e181": {
    "problem": {
      "name": "problem_30632_30662",
      "time": 0.007,
      "routes": 174,
      "junctions": 82
    },
    "vehicle": {
      "total": 29,
      "scheduled": 26,
      "routed": 26,
      "short_route": 0,
      "invalid_route": 0
    },
    "result": {
      "name": "result_30632_30662",
      "cost": 0,
      "plans": 1,
      "timeout": 60
    }
  },
  "e182": {
    "problem": {
      "name": "problem_30662_30692",
      "time": 0.008,
      "routes": 191,
      "junctions": 84
    },
    "vehicle": {
      "total": 29,
      "scheduled": 24,
      "routed": 24,
      "short_route": 1,
      "invalid_route": 1
    },
    "result": {
      "name": "result_30662_30692",
      "cost": 0,
      "plans": 1,
      "timeout": 60
    }
  },
  "e183": {
    "problem": {
      "name": "problem_30692_30722",
      "time": 0.008,
      "routes": 191,
      "junctions": 82
    },
    "vehicle": {
      "total": 26,
      "scheduled": 25,
      "routed": 25,
      "short_route": 0,
      "invalid_route": 1
    },
    "result": {
      "name": "result_30692_30722",
      "cost": 0,
      "plans": 1,
      "timeout": 60
    }
  },
  "e184": {
    "problem": {
      "name": "problem_30722_30752",
      "time": 0.008,
      "routes": 192,
      "junctions": 83
    },
    "vehicle": {
      "total": 34,
      "scheduled": 27,
      "routed": 27,
      "short_route": 0,
      "invalid_route": 2
    },
    "result": {
      "name": "result_30722_30752",
      "cost": 0,
      "plans": 1,
      "timeout": 60
    }
  },
  "e185": {
    "problem": {
      "name": "problem_30752_30782",
      "time": 0.007,
      "routes": 183,
      "junctions": 80
    },
    "vehicle": {
      "total": 27,
      "scheduled": 24,
      "routed": 24,
      "short_route": 0,
      "invalid_route": 1
    },
    "result": {
      "name": "result_30752_30782",
      "cost": 0,
      "plans": 1,
      "timeout": 60
    }
  },
  "e186": {
    "problem": {
      "name": "problem_30782_30812",
      "time": 0.008,
      "routes": 190,
      "junctions": 81
    },
    "vehicle": {
      "total": 31,
      "scheduled": 24,
      "routed": 24,
      "short_route": 0,
      "invalid_route": 0
    },
    "result": {
      "name": "result_30782_30812",
      "cost": 0,
      "plans": 1,
      "timeout": 60
    }
  },
  "e187": {
    "problem": {
      "name": "problem_30812_30842",
      "time": 0.009,
      "routes": 197,
      "junctions": 83
    },
    "vehicle": {
      "total": 28,
      "scheduled": 24,
      "routed": 24,
      "short_route": 1,
      "invalid_route": 1
    },
    "result": {
      "name": "result_30812_30842",
      "cost": 0,
      "plans": 1,
      "timeout": 60
    }
  },
  "e188": {
    "problem": {
      "name": "problem_30842_30872",
      "time": 0.007,
      "routes": 171,
      "junctions": 79
    },
    "vehicle": {
      "total": 33,
      "scheduled": 23,
      "routed": 23,
      "short_route": 0,
      "invalid_route": 1
    },
    "result": {
      "name": "result_30842_30872",
      "cost": 0,
      "plans": 1,
      "timeout": 60
    }
  },
  "e189": {
    "problem": {
      "name": "problem_30872_30902",
      "time": 0.006,
      "routes": 138,
      "junctions": 79
    },
    "vehicle": {
      "total": 24,
      "scheduled": 21,
      "routed": 21,
      "short_route": 0,
      "invalid_route": 1
    },
    "result": {
      "name": "result_30872_30902",
      "cost": 0,
      "plans": 1,
      "timeout": 60
    }
  },
  "e190": {
    "problem": {
      "name": "problem_30902_30932",
      "time": 0.008,
      "routes": 186,
      "junctions": 80
    },
    "vehicle": {
      "total": 31,
      "scheduled": 27,
      "routed": 27,
      "short_route": 0,
      "invalid_route": 0
    },
    "result": {
      "name": "result_30902_30932",
      "cost": 0,
      "plans": 1,
      "timeout": 60
    }
  },
  "e191": {
    "problem": {
      "name": "problem_30932_30962",
      "time": 0.008,
      "routes": 193,
      "junctions": 81
    },
    "vehicle": {
      "total": 35,
      "scheduled": 28,
      "routed": 28,
      "short_route": 2,
      "invalid_route": 0
    },
    "result": {
      "name": "result_30932_30962",
      "cost": 0,
      "plans": 1,
      "timeout": 60
    }
  },
  "e192": {
    "problem": {
      "name": "problem_30962_30992",
      "time": 0.008,
      "routes": 190,
      "junctions": 80
    },
    "vehicle": {
      "total": 30,
      "scheduled": 21,
      "routed": 21,
      "short_route": 0,
      "invalid_route": 0
    },
    "result": {
      "name": "result_30962_30992",
      "cost": 0,
      "plans": 1,
      "timeout": 60
    }
  },
  "e193": {
    "problem": {
      "name": "problem_30992_31022",
      "time": 0.005,
      "routes": 132,
      "junctions": 76
    },
    "vehicle": {
      "total": 17,
      "scheduled": 15,
      "routed": 15,
      "short_route": 0,
      "invalid_route": 1
    },
    "result": {
      "name": "result_30992_31022",
      "cost": 0,
      "plans": 1,
      "timeout": 60
    }
  },
  "e194": {
    "problem": {
      "name": "problem_31022_31052",
      "time": 0.008,
      "routes": 177,
      "junctions": 81
    },
    "vehicle": {
      "total": 35,
      "scheduled": 30,
      "routed": 30,
      "short_route": 1,
      "invalid_route": 0
    },
    "result": {
      "name": "result_31022_31052",
      "cost": 0,
      "plans": 1,
      "timeout": 60
    }
  },
  "e195": {
    "problem": {
      "name": "problem_31052_31082",
      "time": 0.006,
      "routes": 142,
      "junctions": 79
    },
    "vehicle": {
      "total": 28,
      "scheduled": 21,
      "routed": 21,
      "short_route": 1,
      "invalid_route": 1
    },
    "result": {
      "name": "result_31052_31082",
      "cost": 0,
      "plans": 1,
      "timeout": 60
    }
  },
  "e196": {
    "problem": {
      "name": "problem_31082_31112",
      "time": 0.008,
      "routes": 201,
      "junctions": 83
    },
    "vehicle": {
      "total": 37,
      "scheduled": 30,
      "routed": 30,
      "short_route": 1,
      "invalid_route": 1
    },
    "result": {
      "name": "result_31082_31112",
      "cost": 0,
      "plans": 1,
      "timeout": 60
    }
  },
  "e197": {
    "problem": {
      "name": "problem_31112_31142",
      "time": 0.008,
      "routes": 197,
      "junctions": 82
    },
    "vehicle": {
      "total": 36,
      "scheduled": 27,
      "routed": 27,
      "short_route": 1,
      "invalid_route": 0
    },
    "result": {
      "name": "result_31112_31142",
      "cost": 0,
      "plans": 1,
      "timeout": 60
    }
  },
  "e198": {
    "problem": {
      "name": "problem_31142_31172",
      "time": 0.007,
      "routes": 168,
      "junctions": 79
    },
    "vehicle": {
      "total": 30,
      "scheduled": 22,
      "routed": 22,
      "short_route": 0,
      "invalid_route": 0
    },
    "result": {
      "name": "result_31142_31172",
      "cost": 0,
      "plans": 1,
      "timeout": 60
    }
  },
  "e199": {
    "problem": {
      "name": "problem_31172_31202",
      "time": 0.008,
      "routes": 202,
      "junctions": 83
    },
    "vehicle": {
      "total": 28,
      "scheduled": 21,
      "routed": 21,
      "short_route": 0,
      "invalid_route": 0
    },
    "result": {
      "name": "result_31172_31202",
      "cost": 0,
      "plans": 1,
      "timeout": 60
    }
  },
  "e200": {
    "problem": {
      "name": "problem_31202_31232",
      "time": 0.007,
      "routes": 172,
      "junctions": 79
    },
    "vehicle": {
      "total": 29,
      "scheduled": 23,
      "routed": 23,
      "short_route": 1,
      "invalid_route": 0
    },
    "result": {
      "name": "result_31202_31232",
      "cost": 0,
      "plans": 1,
      "timeout": 60
    }
  },
  "e201": {
    "problem": {
      "name": "problem_31232_31262",
      "time": 0.007,
      "routes": 178,
      "junctions": 84
    },
    "vehicle": {
      "total": 24,
      "scheduled": 16,
      "routed": 16,
      "short_route": 0,
      "invalid_route": 1
    },
    "result": {
      "name": "result_31232_31262",
      "cost": 0,
      "plans": 1,
      "timeout": 60
    }
  },
  "e202": {
    "problem": {
      "name": "problem_31262_31292",
      "time": 0.008,
      "routes": 204,
      "junctions": 84
    },
    "vehicle": {
      "total": 30,
      "scheduled": 25,
      "routed": 25,
      "short_route": 0,
      "invalid_route": 0
    },
    "result": {
      "name": "result_31262_31292",
      "cost": 0,
      "plans": 1,
      "timeout": 60
    }
  },
  "e203": {
    "problem": {
      "name": "problem_31292_31322",
      "time": 0.008,
      "routes": 183,
      "junctions": 82
    },
    "vehicle": {
      "total": 40,
      "scheduled": 31,
      "routed": 31,
      "short_route": 1,
      "invalid_route": 1
    },
    "result": {
      "name": "result_31292_31322",
      "cost": 0,
      "plans": 1,
      "timeout": 60
    }
  },
  "e204": {
    "problem": {
      "name": "problem_31322_31352",
      "time": 0.007,
      "routes": 165,
      "junctions": 80
    },
    "vehicle": {
      "total": 21,
      "scheduled": 17,
      "routed": 17,
      "short_route": 1,
      "invalid_route": 0
    },
    "result": {
      "name": "result_31322_31352",
      "cost": 0,
      "plans": 1,
      "timeout": 60
    }
  },
  "e205": {
    "problem": {
      "name": "problem_31352_31382",
      "time": 0.005,
      "routes": 127,
      "junctions": 75
    },
    "vehicle": {
      "total": 28,
      "scheduled": 20,
      "routed": 20,
      "short_route": 1,
      "invalid_route": 1
    },
    "result": {
      "name": "result_31352_31382",
      "cost": 0,
      "plans": 1,
      "timeout": 60
    }
  },
  "e206": {
    "problem": {
      "name": "problem_31382_31412",
      "time": 0.007,
      "routes": 178,
      "junctions": 80
    },
    "vehicle": {
      "total": 25,
      "scheduled": 16,
      "routed": 16,
      "short_route": 2,
      "invalid_route": 1
    },
    "result": {
      "name": "result_31382_31412",
      "cost": 0,
      "plans": 1,
      "timeout": 60
    }
  },
  "e207": {
    "problem": {
      "name": "problem_31412_31442",
      "time": 0.008,
      "routes": 178,
      "junctions": 76
    },
    "vehicle": {
      "total": 35,
      "scheduled": 21,
      "routed": 21,
      "short_route": 1,
      "invalid_route": 2
    },
    "result": {
      "name": "result_31412_31442",
      "cost": 0,
      "plans": 1,
      "timeout": 60
    }
  },
  "e208": {
    "problem": {
      "name": "problem_31442_31472",
      "time": 0.007,
      "routes": 177,
      "junctions": 82
    },
    "vehicle": {
      "total": 31,
      "scheduled": 22,
      "routed": 22,
      "short_route": 0,
      "invalid_route": 4
    },
    "result": {
      "name": "result_31442_31472",
      "cost": 0,
      "plans": 1,
      "timeout": 60
    }
  },
  "e209": {
    "problem": {
      "name": "problem_31472_31502",
      "time": 0.007,
      "routes": 177,
      "junctions": 80
    },
    "vehicle": {
      "total": 35,
      "scheduled": 19,
      "routed": 19,
      "short_route": 1,
      "invalid_route": 0
    },
    "result": {
      "name": "result_31472_31502",
      "cost": 0,
      "plans": 1,
      "timeout": 60
    }
  },
  "e210": {
    "problem": {
      "name": "problem_31502_31532",
      "time": 0.007,
      "routes": 173,
      "junctions": 78
    },
    "vehicle": {
      "total": 35,
      "scheduled": 19,
      "routed": 19,
      "short_route": 1,
      "invalid_route": 0
    },
    "result": {
      "name": "result_31502_31532",
      "cost": 0,
      "plans": 1,
      "timeout": 60
    }
  },
  "e211": {
    "problem": {
      "name": "problem_31532_31562",
      "time": 0.007,
      "routes": 179,
      "junctions": 83
    },
    "vehicle": {
      "total": 23,
      "scheduled": 20,
      "routed": 20,
      "short_route": 1,
      "invalid_route": 1
    },
    "result": {
      "name": "result_31532_31562",
      "cost": 0,
      "plans": 1,
      "timeout": 60
    }
  },
  "e212": {
    "problem": {
      "name": "problem_31562_31592",
      "time": 0.007,
      "routes": 175,
      "junctions": 78
    },
    "vehicle": {
      "total": 30,
      "scheduled": 21,
      "routed": 21,
      "short_route": 2,
      "invalid_route": 1
    },
    "result": {
      "name": "result_31562_31592",
      "cost": 0,
      "plans": 1,
      "timeout": 60
    }
  },
  "e213": {
    "problem": {
      "name": "problem_31592_31622",
      "time": 0.007,
      "routes": 171,
      "junctions": 80
    },
    "vehicle": {
      "total": 34,
      "scheduled": 21,
      "routed": 21,
      "short_route": 1,
      "invalid_route": 0
    },
    "result": {
      "name": "result_31592_31622",
      "cost": 0,
      "plans": 1,
      "timeout": 60
    }
  },
  "e214": {
    "problem": {
      "name": "problem_31622_31652",
      "time": 0.007,
      "routes": 176,
      "junctions": 81
    },
    "vehicle": {
      "total": 25,
      "scheduled": 16,
      "routed": 16,
      "short_route": 1,
      "invalid_route": 1
    },
    "result": {
      "name": "result_31622_31652",
      "cost": 0,
      "plans": 1,
      "timeout": 60
    }
  },
  "e215": {
    "problem": {
      "name": "problem_31652_31682",
      "time": 0.005,
      "routes": 130,
      "junctions": 79
    },
    "vehicle": {
      "total": 24,
      "scheduled": 19,
      "routed": 19,
      "short_route": 0,
      "invalid_route": 1
    },
    "result": {
      "name": "result_31652_31682",
      "cost": 0,
      "plans": 1,
      "timeout": 60
    }
  },
  "e216": {
    "problem": {
      "name": "problem_31682_31712",
      "time": 0.006,
      "routes": 157,
      "junctions": 77
    },
    "vehicle": {
      "total": 29,
      "scheduled": 19,
      "routed": 19,
      "short_route": 1,
      "invalid_route": 1
    },
    "result": {
      "name": "result_31682_31712",
      "cost": 0,
      "plans": 1,
      "timeout": 60
    }
  },
  "e217": {
    "problem": {
      "name": "problem_31712_31742",
      "time": 0.007,
      "routes": 183,
      "junctions": 81
    },
    "vehicle": {
      "total": 21,
      "scheduled": 17,
      "routed": 17,
      "short_route": 0,
      "invalid_route": 0
    },
    "result": {
      "name": "result_31712_31742",
      "cost": 0,
      "plans": 1,
      "timeout": 60
    }
  },
  "e218": {
    "problem": {
      "name": "problem_31742_31772",
      "time": 0.008,
      "routes": 190,
      "junctions": 83
    },
    "vehicle": {
      "total": 34,
      "scheduled": 28,
      "routed": 28,
      "short_route": 0,
      "invalid_route": 2
    },
    "result": {
      "name": "result_31742_31772",
      "cost": 0,
      "plans": 1,
      "timeout": 60
    }
  },
  "e219": {
    "problem": {
      "name": "problem_31772_31802",
      "time": 0.007,
      "routes": 185,
      "junctions": 83
    },
    "vehicle": {
      "total": 30,
      "scheduled": 24,
      "routed": 24,
      "short_route": 0,
      "invalid_route": 0
    },
    "result": {
      "name": "result_31772_31802",
      "cost": 0,
      "plans": 1,
      "timeout": 60
    }
  },
  "e220": {
    "problem": {
      "name": "problem_31802_31832",
      "time": 0.007,
      "routes": 175,
      "junctions": 79
    },
    "vehicle": {
      "total": 26,
      "scheduled": 17,
      "routed": 17,
      "short_route": 1,
      "invalid_route": 1
    },
    "result": {
      "name": "result_31802_31832",
      "cost": 0,
      "plans": 1,
      "timeout": 60
    }
  },
  "e221": {
    "problem": {
      "name": "problem_31832_31862",
      "time": 0.007,
      "routes": 181,
      "junctions": 81
    },
    "vehicle": {
      "total": 22,
      "scheduled": 15,
      "routed": 15,
      "short_route": 0,
      "invalid_route": 1
    },
    "result": {
      "name": "result_31832_31862",
      "cost": 0,
      "plans": 1,
      "timeout": 60
    }
  },
  "e222": {
    "problem": {
      "name": "problem_31862_31892",
      "time": 0.008,
      "routes": 188,
      "junctions": 80
    },
    "vehicle": {
      "total": 29,
      "scheduled": 22,
      "routed": 22,
      "short_route": 1,
      "invalid_route": 1
    },
    "result": {
      "name": "result_31862_31892",
      "cost": 0,
      "plans": 1,
      "timeout": 60
    }
  },
  "e223": {
    "problem": {
      "name": "problem_31892_31922",
      "time": 0.006,
      "routes": 147,
      "junctions": 80
    },
    "vehicle": {
      "total": 26,
      "scheduled": 23,
      "routed": 23,
      "short_route": 0,
      "invalid_route": 1
    },
    "result": {
      "name": "result_31892_31922",
      "cost": 0,
      "plans": 1,
      "timeout": 60
    }
  },
  "e224": {
    "problem": {
      "name": "problem_31922_31952",
      "time": 0.007,
      "routes": 177,
      "junctions": 78
    },
    "vehicle": {
      "total": 35,
      "scheduled": 24,
      "routed": 24,
      "short_route": 3,
      "invalid_route": 0
    },
    "result": {
      "name": "result_31922_31952",
      "cost": 0,
      "plans": 1,
      "timeout": 60
    }
  },
  "e225": {
    "problem": {
      "name": "problem_31952_31982",
      "time": 0.008,
      "routes": 189,
      "junctions": 80
    },
    "vehicle": {
      "total": 32,
      "scheduled": 24,
      "routed": 24,
      "short_route": 1,
      "invalid_route": 0
    },
    "result": {
      "name": "result_31952_31982",
      "cost": 0,
      "plans": 1,
      "timeout": 60
    }
  },
  "e226": {
    "problem": {
      "name": "problem_31982_32012",
      "time": 0.008,
      "routes": 189,
      "junctions": 83
    },
    "vehicle": {
      "total": 37,
      "scheduled": 28,
      "routed": 28,
      "short_route": 0,
      "invalid_route": 1
    },
    "result": {
      "name": "result_31982_32012",
      "cost": 0,
      "plans": 1,
      "timeout": 60
    }
  },
  "e227": {
    "problem": {
      "name": "problem_32012_32042",
      "time": 0.006,
      "routes": 158,
      "junctions": 81
    },
    "vehicle": {
      "total": 26,
      "scheduled": 21,
      "routed": 21,
      "short_route": 1,
      "invalid_route": 1
    },
    "result": {
      "name": "result_32012_32042",
      "cost": 0,
      "plans": 1,
      "timeout": 60
    }
  },
  "e228": {
    "problem": {
      "name": "problem_32042_32072",
      "time": 0.008,
      "routes": 189,
      "junctions": 81
    },
    "vehicle": {
      "total": 36,
      "scheduled": 27,
      "routed": 27,
      "short_route": 0,
      "invalid_route": 1
    },
    "result": {
      "name": "result_32042_32072",
      "cost": 0,
      "plans": 1,
      "timeout": 60
    }
  },
  "e229": {
    "problem": {
      "name": "problem_32072_32102",
      "time": 0.007,
      "routes": 181,
      "junctions": 79
    },
    "vehicle": {
      "total": 28,
      "scheduled": 24,
      "routed": 24,
      "short_route": 0,
      "invalid_route": 1
    },
    "result": {
      "name": "result_32072_32102",
      "cost": 0,
      "plans": 1,
      "timeout": 60
    }
  },
  "e230": {
    "problem": {
      "name": "problem_32102_32132",
      "time": 0.006,
      "routes": 141,
      "junctions": 80
    },
    "vehicle": {
      "total": 22,
      "scheduled": 18,
      "routed": 18,
      "short_route": 0,
      "invalid_route": 1
    },
    "result": {
      "name": "result_32102_32132",
      "cost": 0,
      "plans": 1,
      "timeout": 60
    }
  },
  "e231": {
    "problem": {
      "name": "problem_32132_32162",
      "time": 0.008,
      "routes": 203,
      "junctions": 83
    },
    "vehicle": {
      "total": 35,
      "scheduled": 32,
      "routed": 32,
      "short_route": 0,
      "invalid_route": 0
    },
    "result": {
      "name": "result_32132_32162",
      "cost": 0,
      "plans": 1,
      "timeout": 60
    }
  },
  "e232": {
    "problem": {
      "name": "problem_32162_32192",
      "time": 0.005,
      "routes": 108,
      "junctions": 68
    },
    "vehicle": {
      "total": 26,
      "scheduled": 13,
      "routed": 13,
      "short_route": 1,
      "invalid_route": 1
    },
    "result": {
      "name": "result_32162_32192",
      "cost": 0,
      "plans": 1,
      "timeout": 60
    }
  },
  "e233": {
    "problem": {
      "name": "problem_32192_32222",
      "time": 0.008,
      "routes": 190,
      "junctions": 81
    },
    "vehicle": {
      "total": 34,
      "scheduled": 25,
      "routed": 25,
      "short_route": 0,
      "invalid_route": 0
    },
    "result": {
      "name": "result_32192_32222",
      "cost": 0,
      "plans": 1,
      "timeout": 60
    }
  },
  "e234": {
    "problem": {
      "name": "problem_32222_32252",
      "time": 0.007,
      "routes": 162,
      "junctions": 78
    },
    "vehicle": {
      "total": 27,
      "scheduled": 21,
      "routed": 21,
      "short_route": 1,
      "invalid_route": 1
    },
    "result": {
      "name": "result_32222_32252",
      "cost": 0,
      "plans": 1,
      "timeout": 60
    }
  },
  "e235": {
    "problem": {
      "name": "problem_32252_32282",
      "time": 0.007,
      "routes": 173,
      "junctions": 79
    },
    "vehicle": {
      "total": 26,
      "scheduled": 16,
      "routed": 16,
      "short_route": 0,
      "invalid_route": 2
    },
    "result": {
      "name": "result_32252_32282",
      "cost": 0,
      "plans": 1,
      "timeout": 60
    }
  },
  "e236": {
    "problem": {
      "name": "problem_32282_32312",
      "time": 0.005,
      "routes": 124,
      "junctions": 76
    },
    "vehicle": {
      "total": 21,
      "scheduled": 14,
      "routed": 14,
      "short_route": 0,
      "invalid_route": 2
    },
    "result": {
      "name": "result_32282_32312",
      "cost": 0,
      "plans": 1,
      "timeout": 60
    }
  },
  "e237": {
    "problem": {
      "name": "problem_32312_32342",
      "time": 0.006,
      "routes": 155,
      "junctions": 75
    },
    "vehicle": {
      "total": 24,
      "scheduled": 17,
      "routed": 17,
      "short_route": 0,
      "invalid_route": 1
    },
    "result": {
      "name": "result_32312_32342",
      "cost": 0,
      "plans": 1,
      "timeout": 60
    }
  },
  "e238": {
    "problem": {
      "name": "problem_32342_32372",
      "time": 0.007,
      "routes": 187,
      "junctions": 81
    },
    "vehicle": {
      "total": 27,
      "scheduled": 22,
      "routed": 22,
      "short_route": 1,
      "invalid_route": 1
    },
    "result": {
      "name": "result_32342_32372",
      "cost": 0,
      "plans": 1,
      "timeout": 60
    }
  },
  "e239": {
    "problem": {
      "name": "problem_32372_32402",
      "time": 0.005,
      "routes": 118,
      "junctions": 75
    },
    "vehicle": {
      "total": 19,
      "scheduled": 11,
      "routed": 11,
      "short_route": 0,
      "invalid_route": 0
    },
    "result": {
      "name": "result_32372_32402",
      "cost": 0,
      "plans": 1,
      "timeout": 60
    }
  }
}